code,name,year,antigen,coverage,disease,incidence_rate
TUV,Tuvalu,1980.0,BCG,99.0,MEASLES,69101.3
KIR,Kiribati,1992.0,DTPCV1,95.0,MEASLES,56116.5
KIR,Kiribati,1992.0,POL3,90.0,MEASLES,56116.5
NIU,Niue,1991.0,BCG,99.67,MEASLES,49347.5
NIU,Niue,1991.0,DTPCV1,99.0,MEASLES,49347.5
NIU,Niue,1991.0,DTPCV3,99.67,MEASLES,49347.5
NIU,Niue,1991.0,HEPB3,99.67,MEASLES,49347.5
NIU,Niue,1991.0,MCV1,99.67,MEASLES,49347.5
NIU,Niue,1991.0,POL3,99.67,MEASLES,49347.5
NIU,Niue,1991.0,RCV1,99.0,MEASLES,49347.5
BTN,Bhutan,1999.0,DTPCV1,95.0,MUMPS,43863.6
SLB,Solomon Islands,1989.0,MCV1,92.0,MEASLES,42887.6
ALB,Albania,1989.0,BCG,94.0,MEASLES,41723.4
ALB,Albania,1989.0,DTPCV1,97.0,MEASLES,41723.4
ALB,Albania,1989.0,DTPCV3,94.0,MEASLES,41723.4
ALB,Albania,1989.0,MCV1,96.0,MEASLES,41723.4
ALB,Albania,1989.0,POL3,96.0,MEASLES,41723.4
COK,Cook Islands,1989.0,BCG,94.0,MEASLES,40810.3
COK,Cook Islands,1989.0,DTPCV1,96.0,MEASLES,40810.3
COK,Cook Islands,1989.0,MCV1,99.67,MEASLES,40810.3
NRU,Nauru,1990.0,BCG,93.0,MEASLES,31178.5
NRU,Nauru,1990.0,DTPCV1,90.0,MEASLES,31178.5
WSM,Samoa,2019.0,BCG,96.17,MEASLES,27109.4
WSM,Samoa,2019.0,DTPCV1,96.95,MEASLES,27109.4
WSM,Samoa,2019.0,MCV1,96.03,MEASLES,27109.4
WSM,Samoa,2019.0,RCV1,96.03,MEASLES,27109.4
COK,Cook Islands,2007.0,BCG,99.0,MUMPS,27105.5
COK,Cook Islands,2007.0,DTPCV1,99.67,MUMPS,27105.5
COK,Cook Islands,2007.0,DTPCV3,99.0,MUMPS,27105.5
COK,Cook Islands,2007.0,HEPB3,99.0,MUMPS,27105.5
COK,Cook Islands,2007.0,HEPB_BD,99.5,MUMPS,27105.5
COK,Cook Islands,2007.0,MCV1,98.0,MUMPS,27105.5
COK,Cook Islands,2007.0,MCV2,98.0,MUMPS,27105.5
COK,Cook Islands,2007.0,POL3,99.0,MUMPS,27105.5
COK,Cook Islands,2007.0,RCV1,98.0,MUMPS,27105.5
MWI,Malawi,1980.0,BCG,99.0,MEASLES,25965.2
TON,Tonga,1980.0,BCG,99.0,MEASLES,23892.8
SSD,South Sudan,2022.0,DTPCV1,90.39,TYPHOID,22885.7
KIR,Kiribati,1989.0,BCG,99.67,MEASLES,22037.5
KIR,Kiribati,1989.0,DTPCV1,92.0,MEASLES,22037.5
MHL,Marshall Islands,2003.0,BCG,93.0,MEASLES,21824.6
MHL,Marshall Islands,2003.0,DTPCV1,90.0,MEASLES,21824.6
MHL,Marshall Islands,2003.0,HEPB_BD,95.0,MEASLES,21824.6
MHL,Marshall Islands,2003.0,MCV1,91.0,MEASLES,21824.6
MHL,Marshall Islands,2003.0,MCV2,90.0,MEASLES,21824.6
MHL,Marshall Islands,2003.0,RCV1,90.0,MEASLES,21824.6
NIU,Niue,2003.0,BCG,99.5,RUBELLA,20964.4
NIU,Niue,2003.0,DTPCV1,99.5,RUBELLA,20964.4
NIU,Niue,2003.0,DTPCV3,94.85,RUBELLA,20964.4
NIU,Niue,2003.0,HEPB3,94.85,RUBELLA,20964.4
NIU,Niue,2003.0,HEPB_BD,99.5,RUBELLA,20964.4
NIU,Niue,2003.0,HIB3,94.85,RUBELLA,20964.4
NIU,Niue,2003.0,POL3,94.85,RUBELLA,20964.4
CPV,Cabo Verde,1997.0,DTPCV1,92.0,MEASLES,19833.7
COD,Democratic Republic of the Congo,2023.0,PCV1,98.38,TYPHOID,19139.2
COD,Democratic Republic of the Congo,2023.0,PCV2,93.37,TYPHOID,19139.2
COD,Democratic Republic of the Congo,2023.0,ROTA1,90.41,TYPHOID,19139.2
COD,Democratic Republic of the Congo,2023.0,TT2PLUS,96.71,TYPHOID,19139.2
COD,Democratic Republic of the Congo,2023.0,VAD1,90.0,TYPHOID,19139.2
GHA,Ghana,2021.0,BCG,99.52,TYPHOID,18821.5
GHA,Ghana,2021.0,DTPCV1,99.0,TYPHOID,18821.5
GHA,Ghana,2021.0,DTPCV3,98.0,TYPHOID,18821.5
GHA,Ghana,2021.0,HEPB3,98.0,TYPHOID,18821.5
GHA,Ghana,2021.0,HIB3,98.0,TYPHOID,18821.5
GHA,Ghana,2021.0,IPV1,98.0,TYPHOID,18821.5
GHA,Ghana,2021.0,MCV1,94.84,TYPHOID,18821.5
GHA,Ghana,2021.0,PAB,90.0,TYPHOID,18821.5
GHA,Ghana,2021.0,PCV1,98.0,TYPHOID,18821.5
GHA,Ghana,2021.0,PCV2,98.0,TYPHOID,18821.5
GHA,Ghana,2021.0,PCV3,98.0,TYPHOID,18821.5
GHA,Ghana,2021.0,POL3,98.0,TYPHOID,18821.5
GHA,Ghana,2021.0,RCV1,94.84,TYPHOID,18821.5
GHA,Ghana,2021.0,ROTA1,99.0,TYPHOID,18821.5
GHA,Ghana,2021.0,ROTAC,96.87,TYPHOID,18821.5
GHA,Ghana,2021.0,VAD1,91.27,TYPHOID,18821.5
GHA,Ghana,2021.0,YFV,91.54,TYPHOID,18821.5
MDV,Maldives,2005.0,BCG,98.33,MUMPS,17655.0
MDV,Maldives,2005.0,DTPCV1,99.0,MUMPS,17655.0
MDV,Maldives,2005.0,DTPCV3,98.0,MUMPS,17655.0
MDV,Maldives,2005.0,HEPB3,98.0,MUMPS,17655.0
MDV,Maldives,2005.0,HEPB_BD,99.0,MUMPS,17655.0
MDV,Maldives,2005.0,MCV1,97.0,MUMPS,17655.0
MDV,Maldives,2005.0,PAB,94.0,MUMPS,17655.0
MDV,Maldives,2005.0,POL3,98.0,MUMPS,17655.0
MDV,Maldives,2005.0,TT2PLUS,95.0,MUMPS,17655.0
NRU,Nauru,1990.0,BCG,93.0,PERTUSSIS,17252.1
NRU,Nauru,1990.0,DTPCV1,90.0,PERTUSSIS,17252.1
MDV,Maldives,2006.0,BCG,99.0,MUMPS,17043.1
MDV,Maldives,2006.0,DTPCV1,98.67,MUMPS,17043.1
MDV,Maldives,2006.0,DTPCV3,98.0,MUMPS,17043.1
MDV,Maldives,2006.0,HEPB3,98.0,MUMPS,17043.1
MDV,Maldives,2006.0,HEPB_BD,99.0,MUMPS,17043.1
MDV,Maldives,2006.0,MCV1,97.0,MUMPS,17043.1
MDV,Maldives,2006.0,PAB,94.0,MUMPS,17043.1
MDV,Maldives,2006.0,POL3,98.0,MUMPS,17043.1
MDV,Maldives,2006.0,TT2PLUS,96.5,MUMPS,17043.1
BTN,Bhutan,1999.0,DTPCV1,95.0,MEASLES,17027.7
TUV,Tuvalu,2023.0,BCG,99.67,TYPHOID,16707.4
TUV,Tuvalu,2023.0,DIPHCV4,96.18,TYPHOID,16707.4
TUV,Tuvalu,2023.0,DTPCV1,99.67,TYPHOID,16707.4
TUV,Tuvalu,2023.0,DTPCV3,94.09,TYPHOID,16707.4
TUV,Tuvalu,2023.0,HEPB3,94.09,TYPHOID,16707.4
TUV,Tuvalu,2023.0,HEPB_BD,99.67,TYPHOID,16707.4
TUV,Tuvalu,2023.0,HIB3,94.09,TYPHOID,16707.4
TUV,Tuvalu,2023.0,IPV1,99.67,TYPHOID,16707.4
TUV,Tuvalu,2023.0,MCV1,97.67,TYPHOID,16707.4
TUV,Tuvalu,2023.0,MCV2,98.07,TYPHOID,16707.4
TUV,Tuvalu,2023.0,PCV1,100.0,TYPHOID,16707.4
TUV,Tuvalu,2023.0,PCV2,94.14,TYPHOID,16707.4
TUV,Tuvalu,2023.0,PCV3,97.67,TYPHOID,16707.4
TUV,Tuvalu,2023.0,PERCV4,96.18,TYPHOID,16707.4
TUV,Tuvalu,2023.0,POL3,94.09,TYPHOID,16707.4
TUV,Tuvalu,2023.0,RCV1,97.67,TYPHOID,16707.4
TUV,Tuvalu,2023.0,ROTA1,100.0,TYPHOID,16707.4
TUV,Tuvalu,2023.0,ROTAC,94.09,TYPHOID,16707.4
TUV,Tuvalu,2023.0,TTCV4,96.18,TYPHOID,16707.4
LCA,Saint Lucia,1982.0,DTPCV1,92.0,MEASLES,16565.5
MNG,Mongolia,1984.0,DTPCV1,91.0,MEASLES,15865.8
MWI,Malawi,1982.0,BCG,91.0,MEASLES,15477.6
SWZ,Eswatini,2023.0,BCG,92.67,MUMPS,14124.3
SWZ,Eswatini,2023.0,RCV1,90.0,MUMPS,14124.3
ATG,Antigua and Barbuda,1998.0,DTPCV1,99.0,PERTUSSIS,13947.8
ATG,Antigua and Barbuda,1998.0,DTPCV3,99.67,PERTUSSIS,13947.8
ATG,Antigua and Barbuda,1998.0,MCV1,99.67,PERTUSSIS,13947.8
ATG,Antigua and Barbuda,1998.0,POL3,99.67,PERTUSSIS,13947.8
ATG,Antigua and Barbuda,1998.0,RCV1,99.0,PERTUSSIS,13947.8
MWI,Malawi,1987.0,DTPCV1,92.0,MEASLES,13753.6
KNA,Saint Kitts and Nevis,1983.0,DTPCV1,96.0,MEASLES,13133.7
KNA,Saint Kitts and Nevis,1983.0,DTPCV3,90.0,MEASLES,13133.7
KNA,Saint Kitts and Nevis,1983.0,POL3,91.0,MEASLES,13133.7
MDV,Maldives,1995.0,BCG,99.0,MEASLES,11961.9
MDV,Maldives,1995.0,DTPCV1,99.0,MEASLES,11961.9
MDV,Maldives,1995.0,DTPCV3,94.0,MEASLES,11961.9
MDV,Maldives,1995.0,MCV1,96.0,MEASLES,11961.9
MDV,Maldives,1995.0,PAB,92.0,MEASLES,11961.9
MDV,Maldives,1995.0,POL3,97.0,MEASLES,11961.9
MDV,Maldives,1995.0,TT2PLUS,94.0,MEASLES,11961.9
KIR,Kiribati,1990.0,BCG,93.0,PERTUSSIS,11088.1
KIR,Kiribati,1990.0,DTPCV1,98.0,PERTUSSIS,11088.1
KIR,Kiribati,1990.0,DTPCV3,97.0,PERTUSSIS,11088.1
KIR,Kiribati,1990.0,POL3,97.0,PERTUSSIS,11088.1
VGB,British Virgin Islands,1989.0,BCG,99.0,MEASLES,11067.2
VGB,British Virgin Islands,1989.0,DTPCV3,98.5,MEASLES,11067.2
VGB,British Virgin Islands,1989.0,MCV1,93.0,MEASLES,11067.2
VGB,British Virgin Islands,1989.0,POL3,97.0,MEASLES,11067.2
COK,Cook Islands,1997.0,DTPCV1,97.0,MEASLES,11009.0
COK,Cook Islands,1997.0,DTPCV3,92.33,MEASLES,11009.0
COK,Cook Islands,1997.0,HEPB3,98.67,MEASLES,11009.0
COK,Cook Islands,1997.0,POL3,92.67,MEASLES,11009.0
COK,Cook Islands,1997.0,TT2PLUS,91.0,MEASLES,11009.0
NPL,Nepal,2023.0,BCG,97.0,TYPHOID,10772.4
NPL,Nepal,2023.0,DTPCV1,96.0,TYPHOID,10772.4
NPL,Nepal,2023.0,DTPCV3,95.54,TYPHOID,10772.4
NPL,Nepal,2023.0,HEPB3,95.54,TYPHOID,10772.4
NPL,Nepal,2023.0,HIB3,95.54,TYPHOID,10772.4
NPL,Nepal,2023.0,JAPENC,92.53,TYPHOID,10772.4
NPL,Nepal,2023.0,MCV1,94.3,TYPHOID,10772.4
NPL,Nepal,2023.0,MCV2,90.89,TYPHOID,10772.4
NPL,Nepal,2023.0,PAB,93.0,TYPHOID,10772.4
NPL,Nepal,2023.0,PCV1,95.6,TYPHOID,10772.4
NPL,Nepal,2023.0,PCV2,94.53,TYPHOID,10772.4
NPL,Nepal,2023.0,POL3,94.77,TYPHOID,10772.4
NPL,Nepal,2023.0,RCV1,94.3,TYPHOID,10772.4
NPL,Nepal,2023.0,ROTA1,96.53,TYPHOID,10772.4
NPL,Nepal,2023.0,ROTAC,93.74,TYPHOID,10772.4
NPL,Nepal,2023.0,VAD1,98.3,TYPHOID,10772.4
TON,Tonga,1997.0,BCG,99.67,MEASLES,10737.6
TON,Tonga,1997.0,DTPCV1,98.0,MEASLES,10737.6
TON,Tonga,1997.0,DTPCV3,96.0,MEASLES,10737.6
TON,Tonga,1997.0,HEPB3,95.0,MEASLES,10737.6
TON,Tonga,1997.0,MCV1,97.0,MEASLES,10737.6
TON,Tonga,1997.0,POL3,96.0,MEASLES,10737.6
TON,Tonga,1997.0,TT2PLUS,92.0,MEASLES,10737.6
PYF,French Polynesia,1985.0,BCG,95.0,MEASLES,10647.1
WLF,Wallis and Futuna,1981.0,BCG,99.0,PERTUSSIS,10330.6
WSM,Samoa,2003.0,DTPCV1,95.5,RUBELLA,10295.0
WSM,Samoa,2003.0,DTPCV3,92.0,RUBELLA,10295.0
WSM,Samoa,2003.0,HEPB3,93.5,RUBELLA,10295.0
WSM,Samoa,2003.0,HEPB_BD,91.5,RUBELLA,10295.0
WSM,Samoa,2003.0,POL3,92.5,RUBELLA,10295.0
MWI,Malawi,1989.0,BCG,93.0,MEASLES,10145.8
MWI,Malawi,1989.0,DTPCV1,95.0,MEASLES,10145.8
MWI,Malawi,1989.0,POL3,90.0,MEASLES,10145.8
MNG,Mongolia,2016.0,BCG,99.27,MEASLES,9955.6
MNG,Mongolia,2016.0,DTPCV1,99.0,MEASLES,9955.6
MNG,Mongolia,2016.0,DTPCV3,98.8,MEASLES,9955.6
MNG,Mongolia,2016.0,HEPB3,98.8,MEASLES,9955.6
MNG,Mongolia,2016.0,HEPB_BD,97.93,MEASLES,9955.6
MNG,Mongolia,2016.0,HEPB_BDALL,99.4,MEASLES,9955.6
MNG,Mongolia,2016.0,HIB3,98.8,MEASLES,9955.6
MNG,Mongolia,2016.0,MCV1,98.33,MEASLES,9955.6
MNG,Mongolia,2016.0,MCV2,92.73,MEASLES,9955.6
MNG,Mongolia,2016.0,PCV1,100.0,MEASLES,9955.6
MNG,Mongolia,2016.0,POL3,98.8,MEASLES,9955.6
MNG,Mongolia,2016.0,RCV1,98.33,MEASLES,9955.6
BFA,Burkina Faso,2020.0,BCG,97.19,TYPHOID,9575.5
BFA,Burkina Faso,2020.0,DTPCV1,95.0,TYPHOID,9575.5
BFA,Burkina Faso,2020.0,DTPCV3,93.56,TYPHOID,9575.5
BFA,Burkina Faso,2020.0,HEPB3,91.0,TYPHOID,9575.5
BFA,Burkina Faso,2020.0,HIB3,93.56,TYPHOID,9575.5
BFA,Burkina Faso,2020.0,MCV1,91.5,TYPHOID,9575.5
BFA,Burkina Faso,2020.0,PAB,95.0,TYPHOID,9575.5
BFA,Burkina Faso,2020.0,PCV1,95.0,TYPHOID,9575.5
BFA,Burkina Faso,2020.0,PCV2,95.1,TYPHOID,9575.5
BFA,Burkina Faso,2020.0,PCV3,93.6,TYPHOID,9575.5
BFA,Burkina Faso,2020.0,POL3,91.0,TYPHOID,9575.5
BFA,Burkina Faso,2020.0,RCV1,91.5,TYPHOID,9575.5
BFA,Burkina Faso,2020.0,ROTA1,91.0,TYPHOID,9575.5
BFA,Burkina Faso,2020.0,ROTAC,91.65,TYPHOID,9575.5
SWZ,Eswatini,2015.0,DTPCV1,91.07,MUMPS,9389.1
SWZ,Eswatini,2015.0,HEPB3,90.0,MUMPS,9389.1
MWI,Malawi,1988.0,DTPCV1,94.0,MEASLES,9265.1
BTN,Bhutan,2001.0,DTPCV1,91.5,MUMPS,8731.2
BTN,Bhutan,2001.0,POL3,90.33,MUMPS,8731.2
BWA,Botswana,1984.0,DTPCV1,98.0,MEASLES,8535.0
COG,Congo,1983.0,BCG,90.0,MEASLES,8533.0
FSM,Micronesia (Federated States of),1994.0,DTPCV1,93.0,MEASLES,8526.2
BEL,Belgium,1989.0,DTPCV1,97.0,MEASLES,8156.1
BEL,Belgium,1989.0,DTPCV3,94.0,MEASLES,8156.1
BEL,Belgium,1989.0,POL3,95.0,MEASLES,8156.1
SLE,Sierra Leone,2021.0,DTPCV1,94.0,TYPHOID,8151.6
SLE,Sierra Leone,2021.0,DTPCV3,92.0,TYPHOID,8151.6
SLE,Sierra Leone,2021.0,HEPB3,92.0,TYPHOID,8151.6
SLE,Sierra Leone,2021.0,HIB3,92.0,TYPHOID,8151.6
SLE,Sierra Leone,2021.0,IPV1,93.0,TYPHOID,8151.6
SLE,Sierra Leone,2021.0,PCV1,92.0,TYPHOID,8151.6
SLE,Sierra Leone,2021.0,PCV3,90.0,TYPHOID,8151.6
SLE,Sierra Leone,2021.0,POL3,90.0,TYPHOID,8151.6
SLE,Sierra Leone,2021.0,TT2PLUS,100.0,TYPHOID,8151.6
ETH,Ethiopia,2022.0,HPV_FEM,90.87,TYPHOID,8053.7
ETH,Ethiopia,2022.0,PCV1,97.53,TYPHOID,8053.7
ETH,Ethiopia,2022.0,ROTA1,96.77,TYPHOID,8053.7
MWI,Malawi,2010.0,BCG,97.0,MEASLES,8006.8
MWI,Malawi,2010.0,DTPCV1,97.0,MEASLES,8006.8
MWI,Malawi,2010.0,DTPCV3,93.0,MEASLES,8006.8
MWI,Malawi,2010.0,HEPB3,93.0,MEASLES,8006.8
MWI,Malawi,2010.0,HIB3,93.0,MEASLES,8006.8
MWI,Malawi,2010.0,MCV1,95.0,MEASLES,8006.8
MDA,Republic of Moldova,2008.0,BCG,97.67,MUMPS,7880.1
MDA,Republic of Moldova,2008.0,DTPCV1,94.67,MUMPS,7880.1
MDA,Republic of Moldova,2008.0,DTPCV3,92.0,MUMPS,7880.1
MDA,Republic of Moldova,2008.0,HEPB3,95.67,MUMPS,7880.1
MDA,Republic of Moldova,2008.0,HEPB_BD,98.72,MUMPS,7880.1
MDA,Republic of Moldova,2008.0,MCV1,95.0,MUMPS,7880.1
MDA,Republic of Moldova,2008.0,MCV2,97.27,MUMPS,7880.1
MDA,Republic of Moldova,2008.0,POL3,95.0,MUMPS,7880.1
MDA,Republic of Moldova,2008.0,RCV1,94.97,MUMPS,7880.1
SYC,Seychelles,1998.0,BCG,99.67,MEASLES,7754.9
SYC,Seychelles,1998.0,DTPCV1,99.0,MEASLES,7754.9
SYC,Seychelles,1998.0,DTPCV3,99.0,MEASLES,7754.9
SYC,Seychelles,1998.0,HEPB3,96.0,MEASLES,7754.9
SYC,Seychelles,1998.0,MCV1,93.0,MEASLES,7754.9
SYC,Seychelles,1998.0,PAB,100.0,MEASLES,7754.9
SYC,Seychelles,1998.0,POL3,99.0,MEASLES,7754.9
SYC,Seychelles,1998.0,RCV1,93.0,MEASLES,7754.9
SYC,Seychelles,1998.0,YFV,96.0,MEASLES,7754.9
SLE,Sierra Leone,2022.0,DTPCV1,91.92,TYPHOID,7648.5
SLE,Sierra Leone,2022.0,DTPCV3,90.82,TYPHOID,7648.5
SLE,Sierra Leone,2022.0,HEPB3,91.0,TYPHOID,7648.5
SLE,Sierra Leone,2022.0,HIB3,91.0,TYPHOID,7648.5
SLE,Sierra Leone,2022.0,HPV_FEM,92.17,TYPHOID,7648.5
SLE,Sierra Leone,2022.0,IPV1,90.97,TYPHOID,7648.5
SLE,Sierra Leone,2022.0,PCV1,92.05,TYPHOID,7648.5
SLE,Sierra Leone,2022.0,PCV2,91.38,TYPHOID,7648.5
SLE,Sierra Leone,2022.0,PCV3,92.92,TYPHOID,7648.5
SLE,Sierra Leone,2022.0,POL3,90.9,TYPHOID,7648.5
SLE,Sierra Leone,2022.0,RCV1,90.0,TYPHOID,7648.5
SLE,Sierra Leone,2022.0,ROTA1,90.74,TYPHOID,7648.5
MDG,Madagascar,2019.0,PCV2,95.57,MEASLES,7556.1
MDG,Madagascar,2019.0,ROTA1,99.57,MEASLES,7556.1
ZMB,Zambia,1985.0,BCG,92.0,MEASLES,7521.1
SWZ,Eswatini,1993.0,DTPCV1,96.0,MEASLES,7359.1
CAF,Central African Republic,2020.0,PCV1,99.23,TYPHOID,7300.5
WLF,Wallis and Futuna,1982.0,BCG,99.0,MEASLES,7166.4
VCT,Saint Vincent and the Grenadines,1982.0,POL3,99.0,MEASLES,7143.6
SEN,Senegal,2022.0,IPV1_FRAC,92.0,MUMPS,7096.2
SEN,Senegal,2022.0,PAB,96.0,MUMPS,7096.2
SEN,Senegal,2022.0,TT2PLUS,90.99,MUMPS,7096.2
BTN,Bhutan,1999.0,DTPCV1,95.0,RUBELLA,7084.0
SLE,Sierra Leone,2023.0,DTPCV1,92.0,TYPHOID,6995.3
SLE,Sierra Leone,2023.0,DTPCV3,91.0,TYPHOID,6995.3
SLE,Sierra Leone,2023.0,HEPB3,91.0,TYPHOID,6995.3
SLE,Sierra Leone,2023.0,HIB3,91.0,TYPHOID,6995.3
SLE,Sierra Leone,2023.0,IPV1,91.0,TYPHOID,6995.3
SLE,Sierra Leone,2023.0,MCV1,90.0,TYPHOID,6995.3
SLE,Sierra Leone,2023.0,PCV3,93.0,TYPHOID,6995.3
SLE,Sierra Leone,2023.0,POL3,91.0,TYPHOID,6995.3
SLE,Sierra Leone,2023.0,RCV1,90.0,TYPHOID,6995.3
SLE,Sierra Leone,2023.0,ROTA1,98.62,TYPHOID,6995.3
SLE,Sierra Leone,2023.0,ROTAC,95.08,TYPHOID,6995.3
DNK,Denmark,1981.0,BCG,95.0,MEASLES,6960.9
DNK,Denmark,1981.0,DTPCV1,97.0,MEASLES,6960.9
DNK,Denmark,1981.0,POL3,97.67,MEASLES,6960.9
MNG,Mongolia,2015.0,BCG,99.08,MEASLES,6839.9
MNG,Mongolia,2015.0,DTPCV1,98.74,MEASLES,6839.9
MNG,Mongolia,2015.0,DTPCV3,98.59,MEASLES,6839.9
MNG,Mongolia,2015.0,HEPB3,98.59,MEASLES,6839.9
MNG,Mongolia,2015.0,HEPB_BD,96.86,MEASLES,6839.9
MNG,Mongolia,2015.0,HIB3,98.59,MEASLES,6839.9
MNG,Mongolia,2015.0,MCV1,96.57,MEASLES,6839.9
MNG,Mongolia,2015.0,MCV2,97.8,MEASLES,6839.9
MNG,Mongolia,2015.0,POL3,98.59,MEASLES,6839.9
MNG,Mongolia,2015.0,RCV1,96.57,MEASLES,6839.9
SWZ,Eswatini,2010.0,MCV2,90.67,MUMPS,6838.5
SWZ,Eswatini,2010.0,VAD1,98.0,MUMPS,6838.5
TUV,Tuvalu,1991.0,BCG,96.67,DIPHTHERIA,6832.4
TUV,Tuvalu,1991.0,DTPCV1,90.0,DIPHTHERIA,6832.4
COG,Congo,1982.0,BCG,91.0,MEASLES,6768.6
WSM,Samoa,1985.0,BCG,97.0,MEASLES,6562.8
WSM,Samoa,1985.0,DTPCV1,96.0,MEASLES,6562.8
WSM,Samoa,1985.0,POL3,92.0,MEASLES,6562.8
RWA,Rwanda,1986.0,DTPCV1,95.0,MEASLES,6544.7
COG,Congo,1980.0,BCG,92.0,MEASLES,6502.0
DNK,Denmark,1983.0,DTPCV1,96.0,MEASLES,6499.6
DNK,Denmark,1983.0,POL3,96.67,MEASLES,6499.6
FSM,Micronesia (Federated States of),2010.0,DTPCV1,90.0,MUMPS,6360.4
BWA,Botswana,1983.0,DTPCV1,97.0,MEASLES,6253.5
TON,Tonga,2019.0,BCG,99.3,MEASLES,6236.4
TON,Tonga,2019.0,DIPHCV4,99.35,MEASLES,6236.4
TON,Tonga,2019.0,DIPHCV5,99.0,MEASLES,6236.4
TON,Tonga,2019.0,DTPCV1,99.27,MEASLES,6236.4
TON,Tonga,2019.0,DTPCV3,99.67,MEASLES,6236.4
TON,Tonga,2019.0,HEPB3,99.5,MEASLES,6236.4
TON,Tonga,2019.0,HEPB_BD,99.17,MEASLES,6236.4
TON,Tonga,2019.0,HEPB_BDALL,99.35,MEASLES,6236.4
TON,Tonga,2019.0,HIB3,99.5,MEASLES,6236.4
TON,Tonga,2019.0,IPV1,99.5,MEASLES,6236.4
TON,Tonga,2019.0,MCV1,99.1,MEASLES,6236.4
TON,Tonga,2019.0,MCV2,99.23,MEASLES,6236.4
TON,Tonga,2019.0,POL3,99.67,MEASLES,6236.4
TON,Tonga,2019.0,RCV1,99.0,MEASLES,6236.4
TON,Tonga,2019.0,TTCV4,99.0,MEASLES,6236.4
NAM,Namibia,2023.0,BCG,91.06,MUMPS,6192.2
NAM,Namibia,2023.0,HEPB_BDALL,92.04,MUMPS,6192.2
COG,Congo,1980.0,BCG,92.0,PERTUSSIS,6122.5
SWZ,Eswatini,2011.0,BCG,91.4,MUMPS,6059.0
SWZ,Eswatini,2011.0,DTPCV1,96.33,MUMPS,6059.0
SWZ,Eswatini,2011.0,DTPCV3,90.67,MUMPS,6059.0
SWZ,Eswatini,2011.0,HEPB3,90.67,MUMPS,6059.0
SWZ,Eswatini,2011.0,HIB3,90.67,MUMPS,6059.0
KEN,Kenya,1991.0,DTPCV1,92.0,PERTUSSIS,5789.7
VGB,British Virgin Islands,1990.0,BCG,99.0,MEASLES,5730.7
VGB,British Virgin Islands,1990.0,DTPCV3,99.0,MEASLES,5730.7
VGB,British Virgin Islands,1990.0,MCV1,99.0,MEASLES,5730.7
VGB,British Virgin Islands,1990.0,POL3,99.0,MEASLES,5730.7
NRU,Nauru,1997.0,MCV1,99.5,MEASLES,5687.9
ESP,Spain,1986.0,DTPCV1,96.0,MEASLES,5682.3
PLW,Palau,1993.0,DTPCV1,96.0,MEASLES,5680.4
PLW,Palau,1993.0,HEPB3,94.0,MEASLES,5680.4
PLW,Palau,1993.0,POL3,99.67,MEASLES,5680.4
OMN,Oman,1999.0,BCG,98.03,MUMPS,5605.2
OMN,Oman,1999.0,DTPCV1,99.0,MUMPS,5605.2
OMN,Oman,1999.0,DTPCV3,98.74,MUMPS,5605.2
OMN,Oman,1999.0,HEPB3,99.6,MUMPS,5605.2
OMN,Oman,1999.0,MCV1,98.8,MUMPS,5605.2
OMN,Oman,1999.0,MCV2,99.9,MUMPS,5605.2
OMN,Oman,1999.0,PAB,94.0,MUMPS,5605.2
OMN,Oman,1999.0,POL3,99.6,MUMPS,5605.2
OMN,Oman,1999.0,RCV1,99.0,MUMPS,5605.2
OMN,Oman,1999.0,TT2PLUS,97.0,MUMPS,5605.2
OMN,Oman,1999.0,VAD1,98.7,MUMPS,5605.2
SWZ,Eswatini,1987.0,BCG,90.67,MEASLES,5578.6
SWZ,Eswatini,1987.0,DTPCV1,95.0,MEASLES,5578.6
ROU,Romania,2003.0,BCG,99.17,RUBELLA,5574.7
ROU,Romania,2003.0,DTPCV1,98.0,RUBELLA,5574.7
ROU,Romania,2003.0,DTPCV3,97.0,RUBELLA,5574.7
ROU,Romania,2003.0,HEPB3,98.0,RUBELLA,5574.7
ROU,Romania,2003.0,HEPB_BD,99.47,RUBELLA,5574.7
ROU,Romania,2003.0,MCV1,97.0,RUBELLA,5574.7
ROU,Romania,2003.0,MCV2,96.93,RUBELLA,5574.7
ROU,Romania,2003.0,POL3,97.0,RUBELLA,5574.7
ROU,Romania,2003.0,RCV1,97.0,RUBELLA,5574.7
KIR,Kiribati,1997.0,BCG,99.5,PERTUSSIS,5537.9
KIR,Kiribati,1997.0,DTPCV1,97.0,PERTUSSIS,5537.9
KIR,Kiribati,1997.0,DTPCV3,91.0,PERTUSSIS,5537.9
KIR,Kiribati,1997.0,HEPB3,97.0,PERTUSSIS,5537.9
KIR,Kiribati,1997.0,POL3,93.0,PERTUSSIS,5537.9
DNK,Denmark,1980.0,DTPCV1,97.0,MEASLES,5514.1
DNK,Denmark,1980.0,POL3,99.0,MEASLES,5514.1
TUV,Tuvalu,1996.0,BCG,95.67,MEASLES,5459.2
TUV,Tuvalu,1996.0,DTPCV1,98.0,MEASLES,5459.2
TUV,Tuvalu,1996.0,DTPCV3,93.67,MEASLES,5459.2
TUV,Tuvalu,1996.0,MCV1,94.0,MEASLES,5459.2
TON,Tonga,1982.0,BCG,98.0,PERTUSSIS,5368.4
MKD,North Macedonia,2009.0,BCG,98.3,MUMPS,5299.4
MKD,North Macedonia,2009.0,DTPCV1,96.0,MUMPS,5299.4
MKD,North Macedonia,2009.0,DTPCV3,95.94,MUMPS,5299.4
MKD,North Macedonia,2009.0,HEPB3,94.65,MUMPS,5299.4
MKD,North Macedonia,2009.0,HEPB_BD,93.0,MUMPS,5299.4
MKD,North Macedonia,2009.0,MCV1,95.87,MUMPS,5299.4
MKD,North Macedonia,2009.0,MCV2,96.74,MUMPS,5299.4
MKD,North Macedonia,2009.0,POL3,96.26,MUMPS,5299.4
MKD,North Macedonia,2009.0,RCV1,95.87,MUMPS,5299.4
MKD,North Macedonia,2009.0,TT2PLUS,93.81,MUMPS,5299.4
COM,Comoros,1990.0,BCG,99.0,MEASLES,5236.2
COM,Comoros,1990.0,DTPCV1,97.0,MEASLES,5236.2
COM,Comoros,1990.0,DTPCV3,94.0,MEASLES,5236.2
COM,Comoros,1990.0,POL3,94.0,MEASLES,5236.2
ZWE,Zimbabwe,1988.0,DTPCV1,95.0,MEASLES,5197.9
MLT,Malta,1986.0,DTPCV1,95.0,MEASLES,5193.2
MCO,Monaco,1992.0,BCG,98.0,MEASLES,5180.2
MCO,Monaco,1992.0,DTPCV1,98.0,MEASLES,5180.2
MCO,Monaco,1992.0,DTPCV3,98.0,MEASLES,5180.2
MCO,Monaco,1992.0,MCV1,98.0,MEASLES,5180.2
MCO,Monaco,1992.0,POL3,98.0,MEASLES,5180.2
MCO,Monaco,1992.0,RCV1,98.0,MEASLES,5180.2
MCO,Monaco,1992.0,TT2PLUS,98.0,MEASLES,5180.2
COG,Congo,1981.0,BCG,92.0,MEASLES,5170.7
BDI,Burundi,1989.0,BCG,99.67,MEASLES,5119.8
BDI,Burundi,1989.0,DTPCV1,94.0,MEASLES,5119.8
RWA,Rwanda,1995.0,DTPCV1,94.0,MEASLES,5088.7
CIV,Côte d'Ivoire,2019.0,BCG,91.26,TYPHOID,4995.3
CIV,Côte d'Ivoire,2019.0,DTPCV1,95.51,TYPHOID,4995.3
CIV,Côte d'Ivoire,2019.0,PCV1,99.06,TYPHOID,4995.3
CIV,Côte d'Ivoire,2019.0,PCV2,94.07,TYPHOID,4995.3
CIV,Côte d'Ivoire,2020.0,PCV1,94.99,TYPHOID,4822.0
CIV,Côte d'Ivoire,2020.0,ROTA1,92.3,TYPHOID,4822.0
ZWE,Zimbabwe,1989.0,DTPCV1,95.0,MEASLES,4816.0
BEL,Belgium,1988.0,DTPCV1,93.0,MEASLES,4801.7
BEL,Belgium,1988.0,POL3,95.0,MEASLES,4801.7
MWI,Malawi,1980.0,BCG,99.0,PERTUSSIS,4751.2
NAM,Namibia,1992.0,BCG,91.67,MEASLES,4704.0
CIV,Côte d'Ivoire,2021.0,DTPCV1,90.27,TYPHOID,4671.9
TGO,Togo,1988.0,BCG,94.33,MEASLES,4662.7
KEN,Kenya,2023.0,MALARIA1,100.0,MUMPS,4590.8
KEN,Kenya,2023.0,ROTA1,100.0,MUMPS,4590.8
KEN,Kenya,2023.0,VAD1,100.0,MUMPS,4590.8
DNK,Denmark,1986.0,DTPCV1,97.0,MEASLES,4587.3
DNK,Denmark,1986.0,POL3,94.0,MEASLES,4587.3
OMN,Oman,2000.0,BCG,98.05,MUMPS,4576.0
OMN,Oman,2000.0,DTPCV1,98.45,MUMPS,4576.0
OMN,Oman,2000.0,DTPCV3,99.66,MUMPS,4576.0
OMN,Oman,2000.0,HEPB3,99.66,MUMPS,4576.0
OMN,Oman,2000.0,HEPB_BD,98.93,MUMPS,4576.0
OMN,Oman,2000.0,MCV1,99.52,MUMPS,4576.0
OMN,Oman,2000.0,MCV2,99.66,MUMPS,4576.0
OMN,Oman,2000.0,PAB,96.5,MUMPS,4576.0
OMN,Oman,2000.0,POL3,99.66,MUMPS,4576.0
OMN,Oman,2000.0,RCV1,99.0,MUMPS,4576.0
OMN,Oman,2000.0,VAD1,99.72,MUMPS,4576.0
MDV,Maldives,2005.0,BCG,98.33,MEASLES,4552.4
MDV,Maldives,2005.0,DTPCV1,99.0,MEASLES,4552.4
MDV,Maldives,2005.0,DTPCV3,98.0,MEASLES,4552.4
MDV,Maldives,2005.0,HEPB3,98.0,MEASLES,4552.4
MDV,Maldives,2005.0,HEPB_BD,99.0,MEASLES,4552.4
MDV,Maldives,2005.0,MCV1,97.0,MEASLES,4552.4
MDV,Maldives,2005.0,PAB,94.0,MEASLES,4552.4
MDV,Maldives,2005.0,POL3,98.0,MEASLES,4552.4
MDV,Maldives,2005.0,TT2PLUS,95.0,MEASLES,4552.4
LSO,Lesotho,1985.0,DTPCV1,92.0,MEASLES,4532.2
ARM,Armenia,2006.0,BCG,90.67,RUBELLA,4514.5
ARM,Armenia,2006.0,DTPCV1,95.0,RUBELLA,4514.5
ARM,Armenia,2006.0,HEPB_BD,92.0,RUBELLA,4514.5
ARM,Armenia,2006.0,MCV1,92.0,RUBELLA,4514.5
ARM,Armenia,2006.0,RCV1,91.97,RUBELLA,4514.5
GMB,Gambia,1986.0,BCG,96.0,MEASLES,4470.8
GMB,Gambia,1986.0,DTPCV1,93.0,MEASLES,4470.8
BHR,Bahrain,1985.0,DTPCV1,96.0,MEASLES,4438.2
BLR,Belarus,1999.0,BCG,99.07,RUBELLA,4426.9
BLR,Belarus,1999.0,DTPCV1,99.0,RUBELLA,4426.9
BLR,Belarus,1999.0,DTPCV3,98.67,RUBELLA,4426.9
BLR,Belarus,1999.0,MCV1,98.3,RUBELLA,4426.9
BLR,Belarus,1999.0,MCV2,98.9,RUBELLA,4426.9
BLR,Belarus,1999.0,POL3,98.93,RUBELLA,4426.9
BLR,Belarus,1999.0,RCV1,98.0,RUBELLA,4426.9
BLR,Belarus,1999.0,VAD1,98.1,RUBELLA,4426.9
UGA,Uganda,2021.0,15HPV1_F,99.0,TYPHOID,4422.7
UGA,Uganda,2021.0,DTPCV1,96.89,TYPHOID,4422.7
UGA,Uganda,2021.0,DTPCV3,91.01,TYPHOID,4422.7
UGA,Uganda,2021.0,HEPB3,91.01,TYPHOID,4422.7
UGA,Uganda,2021.0,HIB3,91.01,TYPHOID,4422.7
UGA,Uganda,2021.0,MCV1,90.0,TYPHOID,4422.7
UGA,Uganda,2021.0,PCV1,96.95,TYPHOID,4422.7
UGA,Uganda,2021.0,PCV2,91.78,TYPHOID,4422.7
UGA,Uganda,2021.0,PCV3,91.1,TYPHOID,4422.7
UGA,Uganda,2021.0,POL3,90.91,TYPHOID,4422.7
UGA,Uganda,2021.0,RCV1,90.0,TYPHOID,4422.7
UGA,Uganda,2021.0,ROTA1,94.2,TYPHOID,4422.7
MWI,Malawi,1987.0,DTPCV1,92.0,PERTUSSIS,4333.4
MNG,Mongolia,2001.0,BCG,98.0,MEASLES,4309.2
MNG,Mongolia,2001.0,DTPCV1,95.0,MEASLES,4309.2
MNG,Mongolia,2001.0,DTPCV3,95.0,MEASLES,4309.2
MNG,Mongolia,2001.0,HEPB3,95.0,MEASLES,4309.2
MNG,Mongolia,2001.0,HEPB_BD,98.05,MEASLES,4309.2
MNG,Mongolia,2001.0,MCV1,95.03,MEASLES,4309.2
MNG,Mongolia,2001.0,MCV2,94.9,MEASLES,4309.2
MNG,Mongolia,2001.0,POL3,95.0,MEASLES,4309.2
TON,Tonga,1985.0,BCG,99.67,MEASLES,4204.8
TON,Tonga,1985.0,DTPCV1,97.0,MEASLES,4204.8
TON,Tonga,1985.0,DTPCV3,92.0,MEASLES,4204.8
DNK,Denmark,1984.0,DTPCV1,95.0,MEASLES,4144.9
DNK,Denmark,1984.0,POL3,95.33,MEASLES,4144.9
KIR,Kiribati,1998.0,BCG,97.0,MEASLES,4144.4
KIR,Kiribati,1998.0,DTPCV1,96.0,MEASLES,4144.4
KIR,Kiribati,1996.0,BCG,99.67,PERTUSSIS,4054.6
KIR,Kiribati,1996.0,DTPCV1,92.0,PERTUSSIS,4054.6
BRN,Brunei Darussalam,1981.0,BCG,99.0,MEASLES,4036.9
BRN,Brunei Darussalam,1981.0,DTPCV1,97.0,MEASLES,4036.9
BRN,Brunei Darussalam,1981.0,DTPCV3,94.0,MEASLES,4036.9
BRN,Brunei Darussalam,1981.0,POL3,95.0,MEASLES,4036.9
RUS,Russian Federation,1999.0,BCG,95.87,RUBELLA,3973.5
RUS,Russian Federation,1999.0,DTPCV1,97.0,RUBELLA,3973.5
RUS,Russian Federation,1999.0,DTPCV3,95.0,RUBELLA,3973.5
RUS,Russian Federation,1999.0,MCV1,96.93,RUBELLA,3973.5
RUS,Russian Federation,1999.0,POL3,97.07,RUBELLA,3973.5
MWI,Malawi,1982.0,BCG,91.0,PERTUSSIS,3971.3
SAU,Saudi Arabia,1984.0,DTPCV1,91.0,MEASLES,3956.8
RUS,Russian Federation,2001.0,BCG,96.22,RUBELLA,3934.5
RUS,Russian Federation,2001.0,DTPCV1,97.0,RUBELLA,3934.5
RUS,Russian Federation,2001.0,DTPCV3,95.87,RUBELLA,3934.5
RUS,Russian Federation,2001.0,MCV1,97.5,RUBELLA,3934.5
RUS,Russian Federation,2001.0,MCV2,91.83,RUBELLA,3934.5
RUS,Russian Federation,2001.0,POL3,96.82,RUBELLA,3934.5
RUS,Russian Federation,2001.0,RCV1,97.0,RUBELLA,3934.5
LBR,Liberia,1981.0,MCV1,99.0,MEASLES,3930.8
KEN,Kenya,1989.0,BCG,90.0,MEASLES,3921.0
KEN,Kenya,1989.0,DTPCV1,92.0,MEASLES,3921.0
SYC,Seychelles,1983.0,BCG,98.0,MEASLES,3905.8
SYC,Seychelles,1983.0,DTPCV1,98.0,MEASLES,3905.8
SYC,Seychelles,1983.0,DTPCV3,97.0,MEASLES,3905.8
SYC,Seychelles,1983.0,MCV1,98.0,MEASLES,3905.8
SYC,Seychelles,1983.0,POL3,98.0,MEASLES,3905.8
SYC,Seychelles,1983.0,RCV1,98.0,MEASLES,3905.8
ATG,Antigua and Barbuda,1981.0,DTPCV1,92.0,MEASLES,3819.7
BDI,Burundi,1992.0,BCG,90.0,MEASLES,3814.0
BDI,Burundi,1992.0,DTPCV1,93.0,MEASLES,3814.0
OMN,Oman,1988.0,BCG,96.0,MEASLES,3809.7
OMN,Oman,1988.0,DTPCV1,96.0,MEASLES,3809.7
OMN,Oman,1988.0,DTPCV3,90.0,MEASLES,3809.7
OMN,Oman,1988.0,POL3,90.0,MEASLES,3809.7
CIV,Côte d'Ivoire,2023.0,DTPCV3,91.03,TYPHOID,3805.1
CIV,Côte d'Ivoire,2023.0,HEPB3,91.03,TYPHOID,3805.1
CIV,Côte d'Ivoire,2023.0,HIB3,91.03,TYPHOID,3805.1
CIV,Côte d'Ivoire,2023.0,PCV2,97.14,TYPHOID,3805.1
CIV,Côte d'Ivoire,2023.0,PCV3,90.77,TYPHOID,3805.1
CIV,Côte d'Ivoire,2023.0,ROTA1,99.58,TYPHOID,3805.1
GUM,Guam,2011.0,HEPB_BDALL,100.0,MUMPS,3752.8
BWA,Botswana,1993.0,DTPCV1,99.0,MEASLES,3751.1
CHE,Switzerland,1994.0,DTPCV1,93.0,PERTUSSIS,3717.7
CHE,Switzerland,1994.0,POL3,95.0,PERTUSSIS,3717.7
KIR,Kiribati,1988.0,BCG,98.0,MEASLES,3696.1
TZA,United Republic of Tanzania,2021.0,BCG,90.5,TYPHOID,3639.6
TZA,United Republic of Tanzania,2021.0,DTPCV1,94.5,TYPHOID,3639.6
TZA,United Republic of Tanzania,2021.0,DTPCV3,92.72,TYPHOID,3639.6
TZA,United Republic of Tanzania,2021.0,HEPB3,92.72,TYPHOID,3639.6
TZA,United Republic of Tanzania,2021.0,HIB3,92.72,TYPHOID,3639.6
TZA,United Republic of Tanzania,2021.0,IPV1,92.1,TYPHOID,3639.6
TZA,United Republic of Tanzania,2021.0,PAB,90.0,TYPHOID,3639.6
TZA,United Republic of Tanzania,2021.0,PCV1,99.17,TYPHOID,3639.6
TZA,United Republic of Tanzania,2021.0,PCV2,95.04,TYPHOID,3639.6
TZA,United Republic of Tanzania,2021.0,PCV3,92.17,TYPHOID,3639.6
TZA,United Republic of Tanzania,2021.0,ROTA1,99.07,TYPHOID,3639.6
TZA,United Republic of Tanzania,2021.0,ROTAC,90.93,TYPHOID,3639.6
TZA,United Republic of Tanzania,2021.0,TT2PLUS,90.78,TYPHOID,3639.6
STP,Sao Tome and Principe,2021.0,BCG,92.69,TYPHOID,3608.7
STP,Sao Tome and Principe,2021.0,DTPCV1,97.27,TYPHOID,3608.7
STP,Sao Tome and Principe,2021.0,DTPCV3,96.67,TYPHOID,3608.7
STP,Sao Tome and Principe,2021.0,HEPB3,97.0,TYPHOID,3608.7
STP,Sao Tome and Principe,2021.0,HIB3,97.0,TYPHOID,3608.7
STP,Sao Tome and Principe,2021.0,IPV1,92.89,TYPHOID,3608.7
STP,Sao Tome and Principe,2021.0,PAB,90.0,TYPHOID,3608.7
STP,Sao Tome and Principe,2021.0,PCV1,97.79,TYPHOID,3608.7
STP,Sao Tome and Principe,2021.0,PCV2,96.69,TYPHOID,3608.7
STP,Sao Tome and Principe,2021.0,PCV3,96.71,TYPHOID,3608.7
STP,Sao Tome and Principe,2021.0,POL3,93.21,TYPHOID,3608.7
STP,Sao Tome and Principe,2021.0,ROTA1,90.99,TYPHOID,3608.7
ARM,Armenia,1999.0,BCG,93.27,MUMPS,3593.0
ARM,Armenia,1999.0,DTPCV1,97.0,MUMPS,3593.0
ARM,Armenia,1999.0,DTPCV3,91.03,MUMPS,3593.0
ARM,Armenia,1999.0,MCV1,91.67,MUMPS,3593.0
ARM,Armenia,1999.0,MCV2,92.15,MUMPS,3593.0
ARM,Armenia,1999.0,POL3,96.83,MUMPS,3593.0
GHA,Ghana,2022.0,BCG,96.1,TYPHOID,3589.4
GHA,Ghana,2022.0,DTPCV1,99.15,TYPHOID,3589.4
GHA,Ghana,2022.0,DTPCV3,99.0,TYPHOID,3589.4
GHA,Ghana,2022.0,HEPB3,99.0,TYPHOID,3589.4
GHA,Ghana,2022.0,HIB3,99.0,TYPHOID,3589.4
GHA,Ghana,2022.0,IPV1,99.0,TYPHOID,3589.4
GHA,Ghana,2022.0,MCV1,94.71,TYPHOID,3589.4
GHA,Ghana,2022.0,PAB,90.0,TYPHOID,3589.4
GHA,Ghana,2022.0,PCV1,96.83,TYPHOID,3589.4
GHA,Ghana,2022.0,PCV2,94.98,TYPHOID,3589.4
GHA,Ghana,2022.0,PCV3,99.06,TYPHOID,3589.4
GHA,Ghana,2022.0,RCV1,94.71,TYPHOID,3589.4
GHA,Ghana,2022.0,ROTA1,94.33,TYPHOID,3589.4
GHA,Ghana,2022.0,ROTAC,93.67,TYPHOID,3589.4
GHA,Ghana,2022.0,VAD1,99.0,TYPHOID,3589.4
GHA,Ghana,2022.0,YFV,95.14,TYPHOID,3589.4
COD,Democratic Republic of the Congo,2019.0,PCV2,96.89,MEASLES,3582.9
COD,Democratic Republic of the Congo,2019.0,TT2PLUS,97.8,MEASLES,3582.9
VUT,Vanuatu,1991.0,BCG,99.67,MEASLES,3564.0
VUT,Vanuatu,1991.0,DTPCV1,94.0,MEASLES,3564.0
BGR,Bulgaria,2000.0,BCG,98.0,RUBELLA,3555.9
BGR,Bulgaria,2000.0,DTPCV1,94.63,RUBELLA,3555.9
BGR,Bulgaria,2000.0,DTPCV3,92.77,RUBELLA,3555.9
BGR,Bulgaria,2000.0,HEPB3,94.0,RUBELLA,3555.9
BGR,Bulgaria,2000.0,HEPB_BD,97.75,RUBELLA,3555.9
BGR,Bulgaria,2000.0,HIB3,90.0,RUBELLA,3555.9
BGR,Bulgaria,2000.0,POL3,94.0,RUBELLA,3555.9
POL,Poland,2004.0,BCG,94.07,MUMPS,3541.7
POL,Poland,2004.0,DTPCV1,99.0,MUMPS,3541.7
POL,Poland,2004.0,DTPCV3,98.8,MUMPS,3541.7
POL,Poland,2004.0,HEPB3,97.83,MUMPS,3541.7
POL,Poland,2004.0,HEPB_BD,94.93,MUMPS,3541.7
POL,Poland,2004.0,MCV1,97.13,MUMPS,3541.7
POL,Poland,2004.0,MCV2,95.87,MUMPS,3541.7
POL,Poland,2004.0,POL3,99.0,MUMPS,3541.7
COK,Cook Islands,1991.0,BCG,96.0,MEASLES,3524.0
COK,Cook Islands,1991.0,DTPCV1,95.0,MEASLES,3524.0
COK,Cook Islands,1991.0,MCV1,94.0,MEASLES,3524.0
ZWE,Zimbabwe,1994.0,BCG,91.67,MEASLES,3475.1
ZWE,Zimbabwe,1994.0,DTPCV1,95.0,MEASLES,3475.1
CHL,Chile,1988.0,BCG,98.0,MEASLES,3467.8
CHL,Chile,1988.0,DTPCV1,98.0,MEASLES,3467.8
CHL,Chile,1988.0,DTPCV3,96.0,MEASLES,3467.8
CHL,Chile,1988.0,MCV1,95.0,MEASLES,3467.8
CHL,Chile,1988.0,POL3,96.0,MEASLES,3467.8
BFA,Burkina Faso,2009.0,BCG,99.0,MEASLES,3444.8
BFA,Burkina Faso,2009.0,DTPCV1,93.0,MEASLES,3444.8
BFA,Burkina Faso,2009.0,DTPCV3,92.0,MEASLES,3444.8
BFA,Burkina Faso,2009.0,HEPB3,92.0,MEASLES,3444.8
BFA,Burkina Faso,2009.0,HIB3,92.0,MEASLES,3444.8
BFA,Burkina Faso,2009.0,MCV1,94.0,MEASLES,3444.8
BFA,Burkina Faso,2009.0,POL3,91.0,MEASLES,3444.8
BFA,Burkina Faso,2009.0,TT2PLUS,93.87,MEASLES,3444.8
BFA,Burkina Faso,2009.0,YFV,93.0,MEASLES,3444.8
MDG,Madagascar,2003.0,DTPCV1,92.33,MEASLES,3443.6
LSO,Lesotho,1983.0,BCG,94.2,MEASLES,3414.3
KEN,Kenya,1990.0,DTPCV1,92.0,MEASLES,3366.7
ZWE,Zimbabwe,1996.0,DTPCV1,96.0,MEASLES,3352.4
UKR,Ukraine,2002.0,BCG,98.27,RUBELLA,3347.1
UKR,Ukraine,2002.0,DTPCV1,97.53,RUBELLA,3347.1
UKR,Ukraine,2002.0,DTPCV3,99.2,RUBELLA,3347.1
UKR,Ukraine,2002.0,MCV1,98.93,RUBELLA,3347.1
UKR,Ukraine,2002.0,MCV2,98.0,RUBELLA,3347.1
UKR,Ukraine,2002.0,POL3,99.0,RUBELLA,3347.1
UKR,Ukraine,2002.0,RCV1,99.0,RUBELLA,3347.1
NAM,Namibia,1992.0,BCG,91.67,PERTUSSIS,3321.0
BTN,Bhutan,2000.0,BCG,97.0,MUMPS,3295.6
BTN,Bhutan,2000.0,DTPCV1,98.0,MUMPS,3295.6
BTN,Bhutan,2000.0,DTPCV3,92.0,MUMPS,3295.6
BTN,Bhutan,2000.0,HEPB3,98.0,MUMPS,3295.6
BTN,Bhutan,2000.0,POL3,98.0,MUMPS,3295.6
KEN,Kenya,1988.0,BCG,90.0,MEASLES,3287.1
KEN,Kenya,1988.0,DTPCV1,92.0,MEASLES,3287.1
KNA,Saint Kitts and Nevis,1982.0,DTPCV1,97.0,MEASLES,3244.6
KNA,Saint Kitts and Nevis,1982.0,DTPCV3,92.0,MEASLES,3244.6
KNA,Saint Kitts and Nevis,1982.0,POL3,93.0,MEASLES,3244.6
MNG,Mongolia,2012.0,BCG,98.97,MUMPS,3241.0
MNG,Mongolia,2012.0,DTPCV1,98.59,MUMPS,3241.0
MNG,Mongolia,2012.0,DTPCV3,98.41,MUMPS,3241.0
MNG,Mongolia,2012.0,HEPB3,98.41,MUMPS,3241.0
MNG,Mongolia,2012.0,HEPB_BD,96.9,MUMPS,3241.0
MNG,Mongolia,2012.0,HIB3,98.41,MUMPS,3241.0
MNG,Mongolia,2012.0,MCV1,98.88,MUMPS,3241.0
MNG,Mongolia,2012.0,MCV2,98.2,MUMPS,3241.0
MNG,Mongolia,2012.0,POL3,98.41,MUMPS,3241.0
MNG,Mongolia,2012.0,RCV1,98.88,MUMPS,3241.0
SRB,Serbia,1985.0,MCV1,91.0,MEASLES,3213.2
SRB,Serbia,1985.0,POL3,90.0,MEASLES,3213.2
BWA,Botswana,1997.0,DTPCV1,98.0,MEASLES,3201.6
SAU,Saudi Arabia,1987.0,BCG,91.0,MEASLES,3200.4
SAU,Saudi Arabia,1987.0,DTPCV1,96.0,MEASLES,3200.4
MDV,Maldives,2002.0,BCG,99.0,MEASLES,3175.4
MDV,Maldives,2002.0,DTPCV1,98.67,MEASLES,3175.4
MDV,Maldives,2002.0,DTPCV3,98.0,MEASLES,3175.4
MDV,Maldives,2002.0,HEPB3,97.75,MEASLES,3175.4
MDV,Maldives,2002.0,HEPB_BD,98.5,MEASLES,3175.4
MDV,Maldives,2002.0,MCV1,97.0,MEASLES,3175.4
MDV,Maldives,2002.0,PAB,94.0,MEASLES,3175.4
MDV,Maldives,2002.0,POL3,97.67,MEASLES,3175.4
MDV,Maldives,2002.0,TT2PLUS,96.0,MEASLES,3175.4
MWI,Malawi,1992.0,BCG,92.67,MEASLES,3174.8
MWI,Malawi,1992.0,DTPCV1,95.0,MEASLES,3174.8
MWI,Malawi,1992.0,POL3,93.33,MEASLES,3174.8
OMN,Oman,1985.0,BCG,93.0,MEASLES,3139.2
MNG,Mongolia,1980.0,DTPCV1,91.0,MEASLES,3137.5
MNG,Mongolia,1980.0,POL3,90.0,MEASLES,3137.5
ZWE,Zimbabwe,1993.0,DTPCV1,95.0,MEASLES,3137.2
RUS,Russian Federation,2000.0,BCG,96.15,RUBELLA,3117.4
RUS,Russian Federation,2000.0,DTPCV1,97.0,RUBELLA,3117.4
RUS,Russian Federation,2000.0,DTPCV3,95.9,RUBELLA,3117.4
RUS,Russian Federation,2000.0,MCV1,97.0,RUBELLA,3117.4
RUS,Russian Federation,2000.0,POL3,96.93,RUBELLA,3117.4
RUS,Russian Federation,2000.0,RCV1,97.0,RUBELLA,3117.4
ZMB,Zambia,2000.0,BCG,95.0,MEASLES,3087.6
ZMB,Zambia,2000.0,DTPCV1,93.5,MEASLES,3087.6
SWZ,Eswatini,1986.0,DTPCV1,90.0,MEASLES,3066.4
DNK,Denmark,1982.0,BCG,95.0,MEASLES,3059.1
DNK,Denmark,1982.0,DTPCV1,97.0,MEASLES,3059.1
DNK,Denmark,1982.0,POL3,98.33,MEASLES,3059.1
ROU,Romania,2004.0,BCG,98.87,MUMPS,3010.2
ROU,Romania,2004.0,DTPCV1,97.0,MUMPS,3010.2
ROU,Romania,2004.0,DTPCV3,97.0,MUMPS,3010.2
ROU,Romania,2004.0,HEPB3,98.9,MUMPS,3010.2
ROU,Romania,2004.0,HEPB_BD,99.33,MUMPS,3010.2
ROU,Romania,2004.0,MCV1,97.05,MUMPS,3010.2
ROU,Romania,2004.0,MCV2,96.0,MUMPS,3010.2
ROU,Romania,2004.0,POL3,97.1,MUMPS,3010.2
ROU,Romania,2004.0,RCV1,93.0,MUMPS,3010.2
JOR,Jordan,2000.0,DTPCV3,91.0,MUMPS,2992.8
JOR,Jordan,2000.0,HEPB3,93.0,MUMPS,2992.8
JOR,Jordan,2000.0,MCV1,94.0,MUMPS,2992.8
JOR,Jordan,2000.0,POL3,94.0,MUMPS,2992.8
TTO,Trinidad and Tobago,1985.0,DTPCV1,91.0,MEASLES,2989.0
COK,Cook Islands,1985.0,BCG,99.0,MEASLES,2970.5
COK,Cook Islands,1985.0,DTPCV1,92.0,MEASLES,2970.5
COK,Cook Islands,1985.0,POL3,91.0,MEASLES,2970.5
BWA,Botswana,1989.0,DTPCV1,99.0,MEASLES,2968.7
BHR,Bahrain,1982.0,DTPCV1,92.0,MEASLES,2964.0
KGZ,Kyrgyzstan,2015.0,BCG,96.87,MEASLES,2962.2
KGZ,Kyrgyzstan,2015.0,DTPCV1,99.6,MEASLES,2962.2
KGZ,Kyrgyzstan,2015.0,DTPCV3,96.73,MEASLES,2962.2
KGZ,Kyrgyzstan,2015.0,HEPB3,96.73,MEASLES,2962.2
KGZ,Kyrgyzstan,2015.0,HEPB_BD,97.13,MEASLES,2962.2
KGZ,Kyrgyzstan,2015.0,HIB3,96.73,MEASLES,2962.2
KGZ,Kyrgyzstan,2015.0,MCV1,99.0,MEASLES,2962.2
KGZ,Kyrgyzstan,2015.0,MCV2,95.73,MEASLES,2962.2
KGZ,Kyrgyzstan,2015.0,POL3,96.87,MEASLES,2962.2
KGZ,Kyrgyzstan,2015.0,RCV1,99.0,MEASLES,2962.2
BGR,Bulgaria,2010.0,BCG,97.87,MEASLES,2958.5
BGR,Bulgaria,2010.0,DTPCV1,95.67,MEASLES,2958.5
BGR,Bulgaria,2010.0,DTPCV3,93.73,MEASLES,2958.5
BGR,Bulgaria,2010.0,HEPB3,95.0,MEASLES,2958.5
BGR,Bulgaria,2010.0,HEPB_BD,98.33,MEASLES,2958.5
BGR,Bulgaria,2010.0,HIB3,91.07,MEASLES,2958.5
BGR,Bulgaria,2010.0,MCV1,96.67,MEASLES,2958.5
BGR,Bulgaria,2010.0,MCV2,95.8,MEASLES,2958.5
BGR,Bulgaria,2010.0,POL3,94.0,MEASLES,2958.5
BGR,Bulgaria,2010.0,RCV1,96.67,MEASLES,2958.5
WSM,Samoa,2020.0,BCG,99.0,INVASIVE_MENING,2953.6
WSM,Samoa,2020.0,DTPCV1,99.0,INVASIVE_MENING,2953.6
WSM,Samoa,2020.0,HEPB_BD,92.15,INVASIVE_MENING,2953.6
WSM,Samoa,2020.0,HEPB_BDALL,96.09,INVASIVE_MENING,2953.6
WSM,Samoa,2020.0,IPV1,95.71,INVASIVE_MENING,2953.6
COD,Democratic Republic of the Congo,2023.0,PCV1,98.38,MEASLES,2944.5
COD,Democratic Republic of the Congo,2023.0,PCV2,93.37,MEASLES,2944.5
COD,Democratic Republic of the Congo,2023.0,ROTA1,90.41,MEASLES,2944.5
COD,Democratic Republic of the Congo,2023.0,TT2PLUS,96.71,MEASLES,2944.5
COD,Democratic Republic of the Congo,2023.0,VAD1,90.0,MEASLES,2944.5
LVA,Latvia,2001.0,BCG,99.33,MUMPS,2922.6
LVA,Latvia,2001.0,DTPCV1,99.67,MUMPS,2922.6
LVA,Latvia,2001.0,DTPCV3,97.0,MUMPS,2922.6
LVA,Latvia,2001.0,HEPB3,94.67,MUMPS,2922.6
LVA,Latvia,2001.0,HEPB_BD,99.4,MUMPS,2922.6
LVA,Latvia,2001.0,MCV1,97.33,MUMPS,2922.6
LVA,Latvia,2001.0,MCV2,94.83,MUMPS,2922.6
LVA,Latvia,2001.0,POL3,97.0,MUMPS,2922.6
LVA,Latvia,2001.0,RCV1,98.0,MUMPS,2922.6
TKL,Tokelau,2017.0,BCG,93.0,MEASLES,2870.3
TKL,Tokelau,2017.0,DTPCV1,90.0,MEASLES,2870.3
TKL,Tokelau,2017.0,DTPCV3,90.0,MEASLES,2870.3
TKL,Tokelau,2017.0,HEPB_BD,93.0,MEASLES,2870.3
TKL,Tokelau,2017.0,HEPB_BDALL,100.0,MEASLES,2870.3
TKL,Tokelau,2017.0,IPV1,100.0,MEASLES,2870.3
TKL,Tokelau,2017.0,POL3,100.0,MEASLES,2870.3
CHE,Switzerland,1995.0,DTPCV1,93.0,PERTUSSIS,2840.7
CHE,Switzerland,1995.0,POL3,95.0,PERTUSSIS,2840.7
IRQ,Iraq,2004.0,BCG,91.27,PERTUSSIS,2837.4
IRQ,Iraq,2004.0,HEPB_BD,91.97,PERTUSSIS,2837.4
MKD,North Macedonia,2008.0,BCG,95.0,MUMPS,2832.2
MKD,North Macedonia,2008.0,DTPCV1,96.0,MUMPS,2832.2
MKD,North Macedonia,2008.0,DTPCV3,95.0,MUMPS,2832.2
MKD,North Macedonia,2008.0,HEPB3,97.0,MUMPS,2832.2
MKD,North Macedonia,2008.0,HEPB_BD,92.0,MUMPS,2832.2
MKD,North Macedonia,2008.0,MCV1,98.0,MUMPS,2832.2
MKD,North Macedonia,2008.0,MCV2,94.8,MUMPS,2832.2
MKD,North Macedonia,2008.0,POL3,96.0,MUMPS,2832.2
MKD,North Macedonia,2008.0,RCV1,97.87,MUMPS,2832.2
MKD,North Macedonia,2008.0,TT2PLUS,97.5,MUMPS,2832.2
ROU,Romania,2005.0,BCG,98.17,MUMPS,2823.4
ROU,Romania,2005.0,DTPCV1,97.0,MUMPS,2823.4
ROU,Romania,2005.0,DTPCV3,97.0,MUMPS,2823.4
ROU,Romania,2005.0,HEPB3,98.0,MUMPS,2823.4
ROU,Romania,2005.0,HEPB_BD,99.47,MUMPS,2823.4
ROU,Romania,2005.0,MCV1,97.0,MUMPS,2823.4
ROU,Romania,2005.0,MCV2,96.0,MUMPS,2823.4
ROU,Romania,2005.0,POL3,97.0,MUMPS,2823.4
ROU,Romania,2005.0,RCV1,95.67,MUMPS,2823.4
BRN,Brunei Darussalam,1985.0,BCG,95.0,MEASLES,2818.4
BRN,Brunei Darussalam,1985.0,DTPCV1,96.0,MEASLES,2818.4
BRN,Brunei Darussalam,1985.0,MCV1,98.0,MEASLES,2818.4
BRN,Brunei Darussalam,1985.0,RCV1,98.0,MEASLES,2818.4
MDV,Maldives,1994.0,BCG,98.0,MEASLES,2814.7
MDV,Maldives,1994.0,DTPCV1,98.0,MEASLES,2814.7
MDV,Maldives,1994.0,DTPCV3,96.0,MEASLES,2814.7
MDV,Maldives,1994.0,MCV1,97.0,MEASLES,2814.7
MDV,Maldives,1994.0,PAB,91.0,MEASLES,2814.7
MDV,Maldives,1994.0,POL3,97.0,MEASLES,2814.7
MDV,Maldives,1994.0,TT2PLUS,94.0,MEASLES,2814.7
IRL,Ireland,1985.0,POL3,90.0,MEASLES,2804.4
TGO,Togo,1987.0,DTPCV1,92.0,MEASLES,2764.4
FRA,France,1991.0,DTPCV1,97.0,MEASLES,2738.7
FRA,France,1991.0,DTPCV3,93.33,MEASLES,2738.7
FRA,France,1991.0,HIB3,97.0,MEASLES,2738.7
FRA,France,1991.0,POL3,94.0,MEASLES,2738.7
FRA,France,1991.0,TT2PLUS,92.0,MEASLES,2738.7
BHR,Bahrain,1984.0,DTPCV1,95.0,MEASLES,2731.5
BRN,Brunei Darussalam,1983.0,BCG,99.0,MEASLES,2725.4
BRN,Brunei Darussalam,1983.0,DTPCV1,95.0,MEASLES,2725.4
BRN,Brunei Darussalam,1983.0,MCV1,94.0,MEASLES,2725.4
BRN,Brunei Darussalam,1983.0,POL3,90.0,MEASLES,2725.4
SRB,Serbia,1981.0,BCG,99.0,MEASLES,2667.1
SRB,Serbia,1981.0,DTPCV3,90.0,MEASLES,2667.1
SRB,Serbia,1981.0,MCV1,95.0,MEASLES,2667.1
SRB,Serbia,1981.0,POL3,95.0,MEASLES,2667.1
KEN,Kenya,1992.0,DTPCV1,96.0,MEASLES,2666.0
TZA,United Republic of Tanzania,2023.0,BCG,97.0,TYPHOID,2659.4
TZA,United Republic of Tanzania,2023.0,DTPCV1,98.5,TYPHOID,2659.4
TZA,United Republic of Tanzania,2023.0,DTPCV3,95.0,TYPHOID,2659.4
TZA,United Republic of Tanzania,2023.0,HEPB3,95.0,TYPHOID,2659.4
TZA,United Republic of Tanzania,2023.0,HIB3,95.0,TYPHOID,2659.4
TZA,United Republic of Tanzania,2023.0,HPV_FEM,90.48,TYPHOID,2659.4
TZA,United Republic of Tanzania,2023.0,IPV1,95.0,TYPHOID,2659.4
TZA,United Republic of Tanzania,2023.0,MCV1,95.0,TYPHOID,2659.4
TZA,United Republic of Tanzania,2023.0,PAB,90.0,TYPHOID,2659.4
TZA,United Republic of Tanzania,2023.0,PCV1,99.0,TYPHOID,2659.4
TZA,United Republic of Tanzania,2023.0,PCV2,98.0,TYPHOID,2659.4
TZA,United Republic of Tanzania,2023.0,PCV3,94.5,TYPHOID,2659.4
TZA,United Republic of Tanzania,2023.0,POL3,90.5,TYPHOID,2659.4
TZA,United Republic of Tanzania,2023.0,PRHPV1_F,99.0,TYPHOID,2659.4
TZA,United Republic of Tanzania,2023.0,PRHPVC_F,91.0,TYPHOID,2659.4
TZA,United Republic of Tanzania,2023.0,RCV1,95.0,TYPHOID,2659.4
TZA,United Republic of Tanzania,2023.0,ROTA1,97.0,TYPHOID,2659.4
TZA,United Republic of Tanzania,2023.0,TT2PLUS,90.0,TYPHOID,2659.4
NIU,Niue,1986.0,DTPCV1,93.0,MEASLES,2657.6
NZL,New Zealand,1991.0,DTPCV1,93.0,MEASLES,2654.2
SAU,Saudi Arabia,1986.0,BCG,90.0,MEASLES,2645.8
SAU,Saudi Arabia,1986.0,DTPCV1,95.0,MEASLES,2645.8
LSO,Lesotho,1986.0,DTPCV1,91.0,MEASLES,2626.4
DMA,Dominica,1984.0,DTPCV1,94.0,MEASLES,2609.1
BRN,Brunei Darussalam,1980.0,BCG,99.0,MEASLES,2606.0
BRN,Brunei Darussalam,1980.0,DTPCV1,96.0,MEASLES,2606.0
DNK,Denmark,1985.0,DTPCV1,99.0,MEASLES,2578.7
DNK,Denmark,1985.0,DTPCV3,90.0,MEASLES,2578.7
DNK,Denmark,1985.0,POL3,99.0,MEASLES,2578.7
TZA,United Republic of Tanzania,2022.0,BCG,96.0,TYPHOID,2569.7
TZA,United Republic of Tanzania,2022.0,DTPCV1,98.5,TYPHOID,2569.7
TZA,United Republic of Tanzania,2022.0,DTPCV3,95.0,TYPHOID,2569.7
TZA,United Republic of Tanzania,2022.0,HEPB3,95.0,TYPHOID,2569.7
TZA,United Republic of Tanzania,2022.0,HIB3,95.0,TYPHOID,2569.7
TZA,United Republic of Tanzania,2022.0,IPV1,95.0,TYPHOID,2569.7
TZA,United Republic of Tanzania,2022.0,MCV1,93.0,TYPHOID,2569.7
TZA,United Republic of Tanzania,2022.0,PAB,90.0,TYPHOID,2569.7
TZA,United Republic of Tanzania,2022.0,PCV1,99.0,TYPHOID,2569.7
TZA,United Republic of Tanzania,2022.0,PCV2,98.0,TYPHOID,2569.7
TZA,United Republic of Tanzania,2022.0,PCV3,94.5,TYPHOID,2569.7
TZA,United Republic of Tanzania,2022.0,POL3,90.5,TYPHOID,2569.7
TZA,United Republic of Tanzania,2022.0,RCV1,93.0,TYPHOID,2569.7
TZA,United Republic of Tanzania,2022.0,TT2PLUS,90.0,TYPHOID,2569.7
SRB,Serbia,1984.0,MCV1,90.0,MEASLES,2569.3
BRN,Brunei Darussalam,1984.0,BCG,90.0,MEASLES,2556.0
BRN,Brunei Darussalam,1984.0,DTPCV1,98.0,MEASLES,2556.0
BRN,Brunei Darussalam,1984.0,DTPCV3,96.0,MEASLES,2556.0
BRN,Brunei Darussalam,1984.0,MCV1,90.0,MEASLES,2556.0
BRN,Brunei Darussalam,1984.0,POL3,94.0,MEASLES,2556.0
BRN,Brunei Darussalam,1984.0,RCV1,90.0,MEASLES,2556.0
QAT,Qatar,1989.0,DTPCV1,93.0,MEASLES,2544.4
OMN,Oman,1989.0,BCG,95.0,MEASLES,2538.4
OMN,Oman,1989.0,DTPCV1,98.0,MEASLES,2538.4
OMN,Oman,1989.0,DTPCV3,98.0,MEASLES,2538.4
OMN,Oman,1989.0,MCV1,94.0,MEASLES,2538.4
OMN,Oman,1989.0,POL3,98.0,MEASLES,2538.4
OMN,Oman,1989.0,TT2PLUS,90.0,MEASLES,2538.4
KEN,Kenya,1991.0,DTPCV1,92.0,MEASLES,2534.7
OMN,Oman,1987.0,BCG,97.0,MEASLES,2534.3
OMN,Oman,1987.0,DTPCV1,96.0,MEASLES,2534.3
UGA,Uganda,1994.0,BCG,93.33,MEASLES,2477.3
MNG,Mongolia,2007.0,BCG,99.0,RUBELLA,2439.8
MNG,Mongolia,2007.0,DTPCV1,95.0,RUBELLA,2439.8
MNG,Mongolia,2007.0,DTPCV3,95.0,RUBELLA,2439.8
MNG,Mongolia,2007.0,HEPB3,98.0,RUBELLA,2439.8
MNG,Mongolia,2007.0,HEPB_BD,95.73,RUBELLA,2439.8
MNG,Mongolia,2007.0,HIB3,91.87,RUBELLA,2439.8
MNG,Mongolia,2007.0,MCV1,98.0,RUBELLA,2439.8
MNG,Mongolia,2007.0,MCV2,96.93,RUBELLA,2439.8
MNG,Mongolia,2007.0,POL3,99.0,RUBELLA,2439.8
JAM,Jamaica,1989.0,BCG,99.33,MEASLES,2424.3
JAM,Jamaica,1989.0,DTPCV1,95.0,MEASLES,2424.3
KEN,Kenya,1987.0,DTPCV1,91.0,MEASLES,2418.4
ZMB,Zambia,1999.0,DTPCV1,94.0,MEASLES,2414.6
GNB,Guinea-Bissau,1991.0,BCG,94.0,MEASLES,2408.9
STP,Sao Tome and Principe,1994.0,DTPCV1,94.0,MEASLES,2403.3
GRC,Greece,1983.0,POL3,97.0,MEASLES,2393.5
SLB,Solomon Islands,1989.0,MCV1,92.0,PERTUSSIS,2384.2
BDI,Burundi,1990.0,BCG,96.67,MEASLES,2377.3
BDI,Burundi,1990.0,DTPCV1,95.0,MEASLES,2377.3
BDI,Burundi,1990.0,POL3,93.0,MEASLES,2377.3
TON,Tonga,1986.0,BCG,98.0,MEASLES,2377.3
TON,Tonga,1986.0,DTPCV1,91.0,MEASLES,2377.3
BGR,Bulgaria,1992.0,BCG,99.0,MEASLES,2366.8
BGR,Bulgaria,1992.0,DTPCV1,98.0,MEASLES,2366.8
BGR,Bulgaria,1992.0,DTPCV3,98.0,MEASLES,2366.8
BGR,Bulgaria,1992.0,MCV1,92.0,MEASLES,2366.8
BGR,Bulgaria,1992.0,POL3,98.92,MEASLES,2366.8
BGR,Bulgaria,1992.0,TT2PLUS,98.3,MEASLES,2366.8
CUB,Cuba,1982.0,BCG,97.0,MEASLES,2361.4
CUB,Cuba,1982.0,DTPCV1,98.0,MEASLES,2361.4
CUB,Cuba,1982.0,DTPCV3,99.0,MEASLES,2361.4
KIR,Kiribati,1998.0,BCG,97.0,PERTUSSIS,2358.2
KIR,Kiribati,1998.0,DTPCV1,96.0,PERTUSSIS,2358.2
POL,Poland,1999.0,BCG,96.0,MUMPS,2356.2
POL,Poland,1999.0,DTPCV1,99.0,MUMPS,2356.2
POL,Poland,1999.0,DTPCV3,98.0,MUMPS,2356.2
POL,Poland,1999.0,HEPB3,99.0,MUMPS,2356.2
POL,Poland,1999.0,MCV1,97.0,MUMPS,2356.2
POL,Poland,1999.0,MCV2,96.0,MUMPS,2356.2
POL,Poland,1999.0,POL3,98.0,MUMPS,2356.2
POL,Poland,1999.0,RCV1,97.0,MUMPS,2356.2
ZMB,Zambia,2002.0,DTPCV1,94.0,MEASLES,2351.3
RUS,Russian Federation,2002.0,BCG,96.75,RUBELLA,2338.9
RUS,Russian Federation,2002.0,DTPCV1,97.0,RUBELLA,2338.9
RUS,Russian Federation,2002.0,DTPCV3,96.4,RUBELLA,2338.9
RUS,Russian Federation,2002.0,MCV1,97.94,RUBELLA,2338.9
RUS,Russian Federation,2002.0,MCV2,94.91,RUBELLA,2338.9
RUS,Russian Federation,2002.0,POL3,97.08,RUBELLA,2338.9
RUS,Russian Federation,2002.0,RCV1,98.0,RUBELLA,2338.9
ROU,Romania,1999.0,BCG,99.45,MUMPS,2318.2
ROU,Romania,1999.0,DTPCV1,99.0,MUMPS,2318.2
ROU,Romania,1999.0,DTPCV3,97.2,MUMPS,2318.2
ROU,Romania,1999.0,HEPB3,99.23,MUMPS,2318.2
ROU,Romania,1999.0,MCV1,98.1,MUMPS,2318.2
ROU,Romania,1999.0,MCV2,96.0,MUMPS,2318.2
ROU,Romania,1999.0,POL3,97.8,MUMPS,2318.2
ZWE,Zimbabwe,1991.0,DTPCV1,95.0,MEASLES,2315.3
JOR,Jordan,2005.0,DTPCV1,98.0,RUBELLA,2301.8
JOR,Jordan,2005.0,DTPCV3,95.0,RUBELLA,2301.8
JOR,Jordan,2005.0,HEPB3,95.0,RUBELLA,2301.8
JOR,Jordan,2005.0,HIB3,95.0,RUBELLA,2301.8
JOR,Jordan,2005.0,MCV1,96.67,RUBELLA,2301.8
JOR,Jordan,2005.0,MCV2,93.0,RUBELLA,2301.8
JOR,Jordan,2005.0,POL3,95.0,RUBELLA,2301.8
JOR,Jordan,2005.0,RCV1,93.0,RUBELLA,2301.8
BLR,Belarus,1999.0,BCG,99.07,MUMPS,2301.4
BLR,Belarus,1999.0,DTPCV1,99.0,MUMPS,2301.4
BLR,Belarus,1999.0,DTPCV3,98.67,MUMPS,2301.4
BLR,Belarus,1999.0,MCV1,98.3,MUMPS,2301.4
BLR,Belarus,1999.0,MCV2,98.9,MUMPS,2301.4
BLR,Belarus,1999.0,POL3,98.93,MUMPS,2301.4
BLR,Belarus,1999.0,RCV1,98.0,MUMPS,2301.4
BLR,Belarus,1999.0,VAD1,98.1,MUMPS,2301.4
CHE,Switzerland,1999.0,DTPCV1,95.0,MUMPS,2295.6
CHE,Switzerland,1999.0,DTPCV3,93.0,MUMPS,2295.6
CHE,Switzerland,1999.0,HIB3,91.0,MUMPS,2295.6
CHE,Switzerland,1999.0,POL3,95.0,MUMPS,2295.6
GAB,Gabon,1987.0,BCG,93.33,MEASLES,2290.5
POL,Poland,2003.0,BCG,93.0,MUMPS,2286.1
POL,Poland,2003.0,DTPCV1,99.0,MUMPS,2286.1
POL,Poland,2003.0,DTPCV3,98.83,MUMPS,2286.1
POL,Poland,2003.0,HEPB3,97.0,MUMPS,2286.1
POL,Poland,2003.0,HEPB_BD,94.67,MUMPS,2286.1
POL,Poland,2003.0,MCV1,97.17,MUMPS,2286.1
POL,Poland,2003.0,MCV2,96.87,MUMPS,2286.1
POL,Poland,2003.0,POL3,97.97,MUMPS,2286.1
POL,Poland,2003.0,RCV1,97.0,MUMPS,2286.1
ZWE,Zimbabwe,1986.0,DTPCV1,91.0,MEASLES,2269.7
RWA,Rwanda,1992.0,BCG,94.0,MEASLES,2268.4
RWA,Rwanda,1992.0,DTPCV1,95.0,MEASLES,2268.4
PYF,French Polynesia,1997.0,BCG,98.0,MEASLES,2260.8
PYF,French Polynesia,1997.0,DTPCV3,98.0,MEASLES,2260.8
PYF,French Polynesia,1997.0,MCV1,98.0,MEASLES,2260.8
ISL,Iceland,1983.0,DTPCV1,97.0,PERTUSSIS,2257.7
ISL,Iceland,1983.0,DTPCV3,94.0,PERTUSSIS,2257.7
ISL,Iceland,1983.0,POL3,97.0,PERTUSSIS,2257.7
SAU,Saudi Arabia,1985.0,DTPCV1,93.0,MEASLES,2256.3
ROU,Romania,2003.0,BCG,99.17,MUMPS,2232.6
ROU,Romania,2003.0,DTPCV1,98.0,MUMPS,2232.6
ROU,Romania,2003.0,DTPCV3,97.0,MUMPS,2232.6
ROU,Romania,2003.0,HEPB3,98.0,MUMPS,2232.6
ROU,Romania,2003.0,HEPB_BD,99.47,MUMPS,2232.6
ROU,Romania,2003.0,MCV1,97.0,MUMPS,2232.6
ROU,Romania,2003.0,MCV2,96.93,MUMPS,2232.6
ROU,Romania,2003.0,POL3,97.0,MUMPS,2232.6
ROU,Romania,2003.0,RCV1,97.0,MUMPS,2232.6
BWA,Botswana,1981.0,DTPCV1,93.0,MEASLES,2223.7
SWZ,Eswatini,1996.0,DTPCV1,94.0,MEASLES,2223.6
ROU,Romania,2004.0,BCG,98.87,RUBELLA,2216.7
ROU,Romania,2004.0,DTPCV1,97.0,RUBELLA,2216.7
ROU,Romania,2004.0,DTPCV3,97.0,RUBELLA,2216.7
ROU,Romania,2004.0,HEPB3,98.9,RUBELLA,2216.7
ROU,Romania,2004.0,HEPB_BD,99.33,RUBELLA,2216.7
ROU,Romania,2004.0,MCV1,97.05,RUBELLA,2216.7
ROU,Romania,2004.0,MCV2,96.0,RUBELLA,2216.7
ROU,Romania,2004.0,POL3,97.1,RUBELLA,2216.7
ROU,Romania,2004.0,RCV1,93.0,RUBELLA,2216.7
POL,Poland,2001.0,BCG,94.97,RUBELLA,2207.2
POL,Poland,2001.0,DTPCV1,99.0,RUBELLA,2207.2
POL,Poland,2001.0,DTPCV3,98.1,RUBELLA,2207.2
POL,Poland,2001.0,HEPB3,96.53,RUBELLA,2207.2
POL,Poland,2001.0,HEPB_BD,96.5,RUBELLA,2207.2
POL,Poland,2001.0,MCV1,97.07,RUBELLA,2207.2
POL,Poland,2001.0,MCV2,96.15,RUBELLA,2207.2
POL,Poland,2001.0,POL3,97.9,RUBELLA,2207.2
POL,Poland,2001.0,RCV1,97.0,RUBELLA,2207.2
BIH,Bosnia and Herzegovina,2011.0,BCG,94.12,MUMPS,2193.9
BIH,Bosnia and Herzegovina,2011.0,DTPCV1,94.24,MUMPS,2193.9
BIH,Bosnia and Herzegovina,2011.0,HEPB_BD,95.01,MUMPS,2193.9
NPL,Nepal,2017.0,BCG,93.77,MUMPS,2185.8
NPL,Nepal,2017.0,DTPCV1,93.91,MUMPS,2185.8
SWZ,Eswatini,1992.0,BCG,97.0,MEASLES,2164.5
SWZ,Eswatini,1992.0,DTPCV1,97.0,MEASLES,2164.5
SWZ,Eswatini,1992.0,DTPCV3,93.0,MEASLES,2164.5
SWZ,Eswatini,1992.0,POL3,93.0,MEASLES,2164.5
PAN,Panama,1981.0,BCG,98.0,MEASLES,2161.2
PAN,Panama,1981.0,DTPCV1,95.0,MEASLES,2161.2
BIH,Bosnia and Herzegovina,2012.0,BCG,96.64,MUMPS,2147.3
BIH,Bosnia and Herzegovina,2012.0,DTPCV1,94.74,MUMPS,2147.3
BIH,Bosnia and Herzegovina,2012.0,DTPCV3,91.12,MUMPS,2147.3
BIH,Bosnia and Herzegovina,2012.0,HEPB3,90.52,MUMPS,2147.3
BIH,Bosnia and Herzegovina,2012.0,HEPB_BD,97.0,MUMPS,2147.3
BIH,Bosnia and Herzegovina,2012.0,MCV1,93.15,MUMPS,2147.3
BIH,Bosnia and Herzegovina,2012.0,MCV2,92.66,MUMPS,2147.3
BIH,Bosnia and Herzegovina,2012.0,TT2PLUS,94.47,MUMPS,2147.3
SRB,Serbia,1993.0,DTPCV1,95.0,MEASLES,2137.3
UKR,Ukraine,1999.0,BCG,98.1,RUBELLA,2103.7
UKR,Ukraine,1999.0,DTPCV1,99.0,RUBELLA,2103.7
UKR,Ukraine,1999.0,DTPCV3,98.97,RUBELLA,2103.7
UKR,Ukraine,1999.0,MCV1,98.4,RUBELLA,2103.7
UKR,Ukraine,1999.0,MCV2,99.6,RUBELLA,2103.7
UKR,Ukraine,1999.0,POL3,97.0,RUBELLA,2103.7
COK,Cook Islands,1990.0,BCG,99.67,MEASLES,2102.8
COK,Cook Islands,1990.0,DTPCV1,97.0,MEASLES,2102.8
COK,Cook Islands,1990.0,DTPCV3,93.0,MEASLES,2102.8
ESP,Spain,1985.0,DTPCV1,92.0,MEASLES,2089.6
GEO,Georgia,2013.0,BCG,95.13,MEASLES,2066.6
GEO,Georgia,2013.0,DTPCV1,99.67,MEASLES,2066.6
GEO,Georgia,2013.0,DTPCV3,94.0,MEASLES,2066.6
GEO,Georgia,2013.0,HEPB3,96.0,MEASLES,2066.6
GEO,Georgia,2013.0,HIB3,96.0,MEASLES,2066.6
GEO,Georgia,2013.0,MCV1,96.67,MEASLES,2066.6
GEO,Georgia,2013.0,POL3,93.8,MEASLES,2066.6
GEO,Georgia,2013.0,RCV1,96.67,MEASLES,2066.6
UGA,Uganda,1995.0,BCG,91.67,MEASLES,2064.2
ZMB,Zambia,1987.0,BCG,97.0,MEASLES,2057.1
ZMB,Zambia,1987.0,DTPCV1,94.0,MEASLES,2057.1
SRB,Serbia,1989.0,DTPCV3,90.0,MEASLES,2049.0
SRB,Serbia,1989.0,MCV1,90.0,MEASLES,2049.0
SRB,Serbia,1989.0,POL3,90.0,MEASLES,2049.0
TZA,United Republic of Tanzania,1985.0,BCG,90.0,MEASLES,2045.7
GMB,Gambia,1982.0,BCG,91.0,MEASLES,2045.0
GMB,Gambia,1982.0,DTPCV1,91.0,MEASLES,2045.0
ISR,Israel,1982.0,DTPCV1,97.0,MEASLES,2024.9
ISR,Israel,1982.0,DTPCV3,92.0,MEASLES,2024.9
ISR,Israel,1982.0,POL3,93.0,MEASLES,2024.9
UGA,Uganda,2022.0,15HPV1_F,99.0,TYPHOID,1998.9
UGA,Uganda,2022.0,DTPCV1,93.81,TYPHOID,1998.9
UGA,Uganda,2022.0,MCV1,92.0,TYPHOID,1998.9
UGA,Uganda,2022.0,PCV1,94.39,TYPHOID,1998.9
UGA,Uganda,2022.0,PCV3,90.29,TYPHOID,1998.9
UGA,Uganda,2022.0,POL3,90.16,TYPHOID,1998.9
UGA,Uganda,2022.0,PRHPV1_F,99.0,TYPHOID,1998.9
UGA,Uganda,2022.0,RCV1,92.0,TYPHOID,1998.9
UGA,Uganda,2022.0,ROTA1,91.93,TYPHOID,1998.9
UGA,Uganda,2022.0,VAD1,90.53,TYPHOID,1998.9
JPN,Japan,2002.0,BCG,95.7,MUMPS,1998.0
JPN,Japan,2002.0,DTPCV1,98.0,MUMPS,1998.0
JPN,Japan,2002.0,DTPCV3,96.33,MUMPS,1998.0
JPN,Japan,2002.0,MCV1,98.0,MUMPS,1998.0
JPN,Japan,2002.0,RCV1,98.0,MUMPS,1998.0
KNA,Saint Kitts and Nevis,1990.0,DTPCV1,99.0,MEASLES,1978.6
KNA,Saint Kitts and Nevis,1990.0,DTPCV3,99.33,MEASLES,1978.6
KNA,Saint Kitts and Nevis,1990.0,MCV1,99.33,MEASLES,1978.6
KNA,Saint Kitts and Nevis,1990.0,POL3,99.33,MEASLES,1978.6
KNA,Saint Kitts and Nevis,1990.0,RCV1,99.0,MEASLES,1978.6
SWZ,Eswatini,1988.0,DTPCV1,96.0,MEASLES,1976.7
CRI,Costa Rica,1991.0,DTPCV3,90.0,MEASLES,1966.2
CRI,Costa Rica,1991.0,MCV1,96.0,MEASLES,1966.2
CRI,Costa Rica,1991.0,RCV1,96.0,MEASLES,1966.2
BGR,Bulgaria,1999.0,BCG,99.33,MUMPS,1964.1
BGR,Bulgaria,1999.0,DTPCV1,95.5,MUMPS,1964.1
BGR,Bulgaria,1999.0,DTPCV3,94.33,MUMPS,1964.1
BGR,Bulgaria,1999.0,HEPB3,95.67,MUMPS,1964.1
BGR,Bulgaria,1999.0,MCV1,96.0,MUMPS,1964.1
BGR,Bulgaria,1999.0,MCV2,97.0,MUMPS,1964.1
BGR,Bulgaria,1999.0,POL3,96.0,MUMPS,1964.1
BGR,Bulgaria,1999.0,RCV1,96.0,MUMPS,1964.1
MNG,Mongolia,2006.0,BCG,98.0,MUMPS,1962.7
MNG,Mongolia,2006.0,DTPCV1,99.0,MUMPS,1962.7
MNG,Mongolia,2006.0,DTPCV3,99.0,MUMPS,1962.7
MNG,Mongolia,2006.0,HEPB3,98.0,MUMPS,1962.7
MNG,Mongolia,2006.0,HEPB_BD,96.43,MUMPS,1962.7
MNG,Mongolia,2006.0,MCV1,99.0,MUMPS,1962.7
MNG,Mongolia,2006.0,MCV2,95.93,MUMPS,1962.7
MNG,Mongolia,2006.0,POL3,98.0,MUMPS,1962.7
NAM,Namibia,2009.0,VAD1,93.0,MEASLES,1962.1
UGA,Uganda,2002.0,BCG,92.33,MEASLES,1953.2
PAN,Panama,1985.0,BCG,94.0,MEASLES,1951.5
PAN,Panama,1985.0,DTPCV1,90.0,MEASLES,1951.5
KAZ,Kazakhstan,2002.0,BCG,99.0,RUBELLA,1950.7
KAZ,Kazakhstan,2002.0,DTPCV1,95.5,RUBELLA,1950.7
KAZ,Kazakhstan,2002.0,DTPCV3,96.3,RUBELLA,1950.7
KAZ,Kazakhstan,2002.0,HEPB3,97.5,RUBELLA,1950.7
KAZ,Kazakhstan,2002.0,HEPB_BD,99.0,RUBELLA,1950.7
KAZ,Kazakhstan,2002.0,MCV1,96.23,RUBELLA,1950.7
KAZ,Kazakhstan,2002.0,MCV2,98.63,RUBELLA,1950.7
KAZ,Kazakhstan,2002.0,POL3,96.67,RUBELLA,1950.7
UGA,Uganda,1992.0,BCG,91.67,MEASLES,1943.6
BRN,Brunei Darussalam,1986.0,DTPCV1,95.0,MEASLES,1942.6
BRN,Brunei Darussalam,1986.0,MCV1,99.67,MEASLES,1942.6
BRN,Brunei Darussalam,1986.0,RCV1,99.0,MEASLES,1942.6
STP,Sao Tome and Principe,1981.0,BCG,95.0,MEASLES,1928.1
AND,Andorra,2014.0,DTPCV1,99.0,POLIO,1927.8
AND,Andorra,2014.0,DTPCV3,97.03,POLIO,1927.8
AND,Andorra,2014.0,HEPB3,94.83,POLIO,1927.8
AND,Andorra,2014.0,HEPB_BD,93.75,POLIO,1927.8
AND,Andorra,2014.0,HIB3,96.96,POLIO,1927.8
AND,Andorra,2014.0,MCV1,95.86,POLIO,1927.8
AND,Andorra,2014.0,MCV2,90.16,POLIO,1927.8
AND,Andorra,2014.0,PCV3,92.76,POLIO,1927.8
AND,Andorra,2014.0,POL3,97.03,POLIO,1927.8
AND,Andorra,2014.0,RCV1,95.86,POLIO,1927.8
ARM,Armenia,2001.0,BCG,96.27,RUBELLA,1924.6
ARM,Armenia,2001.0,DTPCV1,98.0,RUBELLA,1924.6
ARM,Armenia,2001.0,DTPCV3,93.8,RUBELLA,1924.6
ARM,Armenia,2001.0,HEPB_BD,96.27,RUBELLA,1924.6
ARM,Armenia,2001.0,MCV1,94.67,RUBELLA,1924.6
ARM,Armenia,2001.0,MCV2,96.2,RUBELLA,1924.6
ARM,Armenia,2001.0,POL3,96.87,RUBELLA,1924.6
MDG,Madagascar,2004.0,MCV1,91.67,MEASLES,1911.0
BLR,Belarus,2000.0,BCG,99.1,MUMPS,1908.6
BLR,Belarus,2000.0,DTPCV1,99.0,MUMPS,1908.6
BLR,Belarus,2000.0,DTPCV3,99.08,MUMPS,1908.6
BLR,Belarus,2000.0,MCV1,98.13,MUMPS,1908.6
BLR,Belarus,2000.0,MCV2,91.72,MUMPS,1908.6
BLR,Belarus,2000.0,POL3,99.13,MUMPS,1908.6
BLR,Belarus,2000.0,RCV1,98.0,MUMPS,1908.6
ZWE,Zimbabwe,1987.0,DTPCV1,94.0,MEASLES,1903.7
FRA,France,1992.0,DTPCV1,97.0,MEASLES,1903.4
FRA,France,1992.0,DTPCV3,94.33,MEASLES,1903.4
FRA,France,1992.0,POL3,95.0,MEASLES,1903.4
FRA,France,1992.0,TT2PLUS,95.0,MEASLES,1903.4
PNG,Papua New Guinea,1993.0,DTPCV1,93.0,MEASLES,1900.5
GMB,Gambia,1985.0,BCG,92.0,MEASLES,1895.5
GMB,Gambia,1985.0,DTPCV1,90.0,MEASLES,1895.5
POL,Poland,2005.0,BCG,94.13,MUMPS,1887.1
POL,Poland,2005.0,DTPCV1,99.0,MUMPS,1887.1
POL,Poland,2005.0,DTPCV3,98.93,MUMPS,1887.1
POL,Poland,2005.0,HEPB3,98.07,MUMPS,1887.1
POL,Poland,2005.0,HEPB_BD,95.13,MUMPS,1887.1
POL,Poland,2005.0,MCV1,98.07,MUMPS,1887.1
POL,Poland,2005.0,MCV2,90.27,MUMPS,1887.1
POL,Poland,2005.0,POL3,98.93,MUMPS,1887.1
POL,Poland,2005.0,RCV1,95.53,MUMPS,1887.1
POL,Poland,2005.0,ROTA1,91.0,MUMPS,1887.1
UGA,Uganda,2023.0,15HPV1_F,99.0,TYPHOID,1884.8
UGA,Uganda,2023.0,BCG,91.44,TYPHOID,1884.8
UGA,Uganda,2023.0,DTPCV1,95.21,TYPHOID,1884.8
UGA,Uganda,2023.0,HEPB3,90.99,TYPHOID,1884.8
UGA,Uganda,2023.0,HPV_FEM,98.01,TYPHOID,1884.8
UGA,Uganda,2023.0,IPV1,97.5,TYPHOID,1884.8
UGA,Uganda,2023.0,PCV1,95.2,TYPHOID,1884.8
UGA,Uganda,2023.0,PRHPV1_F,99.0,TYPHOID,1884.8
UGA,Uganda,2023.0,PRHPVC_F,98.0,TYPHOID,1884.8
UGA,Uganda,2023.0,ROTA1,92.42,TYPHOID,1884.8
ROU,Romania,2001.0,BCG,99.4,MUMPS,1879.8
ROU,Romania,2001.0,DTPCV1,99.0,MUMPS,1879.8
ROU,Romania,2001.0,DTPCV3,98.8,MUMPS,1879.8
ROU,Romania,2001.0,HEPB3,98.2,MUMPS,1879.8
ROU,Romania,2001.0,HEPB_BD,99.53,MUMPS,1879.8
ROU,Romania,2001.0,MCV1,97.9,MUMPS,1879.8
ROU,Romania,2001.0,MCV2,96.8,MUMPS,1879.8
ROU,Romania,2001.0,POL3,98.9,MUMPS,1879.8
KAZ,Kazakhstan,2001.0,BCG,96.1,RUBELLA,1879.3
KAZ,Kazakhstan,2001.0,DTPCV1,96.2,RUBELLA,1879.3
KAZ,Kazakhstan,2001.0,DTPCV3,95.27,RUBELLA,1879.3
KAZ,Kazakhstan,2001.0,HEPB3,95.5,RUBELLA,1879.3
KAZ,Kazakhstan,2001.0,HEPB_BD,95.8,RUBELLA,1879.3
KAZ,Kazakhstan,2001.0,MCV1,95.0,RUBELLA,1879.3
KAZ,Kazakhstan,2001.0,MCV2,96.6,RUBELLA,1879.3
KAZ,Kazakhstan,2001.0,POL3,95.57,RUBELLA,1879.3
KIR,Kiribati,1991.0,BCG,94.0,PERTUSSIS,1872.5
CUB,Cuba,1981.0,BCG,97.0,MEASLES,1866.8
CUB,Cuba,1981.0,DTPCV1,92.0,MEASLES,1866.8
CUB,Cuba,1981.0,POL3,92.0,MEASLES,1866.8
PAN,Panama,1986.0,BCG,92.0,MEASLES,1865.1
PAN,Panama,1986.0,DTPCV1,90.0,MEASLES,1865.1
GAB,Gabon,1989.0,BCG,96.0,MEASLES,1859.7
GAB,Gabon,1989.0,DTPCV1,96.0,MEASLES,1859.7
GBR,United Kingdom of Great Britain and Northern Ireland,1985.0,POL3,95.0,MEASLES,1850.9
ARE,United Arab Emirates,1987.0,DTPCV1,93.0,MEASLES,1850.4
MNG,Mongolia,2013.0,BCG,99.09,MUMPS,1847.2
MNG,Mongolia,2013.0,DTPCV1,98.16,MUMPS,1847.2
MNG,Mongolia,2013.0,DTPCV3,97.74,MUMPS,1847.2
MNG,Mongolia,2013.0,HEPB3,97.74,MUMPS,1847.2
MNG,Mongolia,2013.0,HEPB_BD,96.96,MUMPS,1847.2
MNG,Mongolia,2013.0,HIB3,97.74,MUMPS,1847.2
MNG,Mongolia,2013.0,MCV1,97.03,MUMPS,1847.2
MNG,Mongolia,2013.0,MCV2,96.79,MUMPS,1847.2
MNG,Mongolia,2013.0,POL3,97.74,MUMPS,1847.2
MNG,Mongolia,2013.0,RCV1,97.03,MUMPS,1847.2
RWA,Rwanda,1987.0,BCG,90.0,MEASLES,1835.2
RWA,Rwanda,1987.0,DTPCV1,96.0,MEASLES,1835.2
CHE,Switzerland,1997.0,DTPCV1,93.0,PERTUSSIS,1833.8
CHE,Switzerland,1997.0,POL3,95.0,PERTUSSIS,1833.8
CHE,Switzerland,1998.0,DTPCV1,93.0,PERTUSSIS,1828.3
CHE,Switzerland,1998.0,POL3,92.0,PERTUSSIS,1828.3
BDI,Burundi,1991.0,DTPCV1,94.0,MEASLES,1822.8
VGB,British Virgin Islands,1980.0,POL3,95.0,MEASLES,1796.9
GNB,Guinea-Bissau,1991.0,BCG,94.0,PERTUSSIS,1795.6
SRB,Serbia,1986.0,DTPCV3,90.0,MEASLES,1794.4
SRB,Serbia,1986.0,MCV1,92.0,MEASLES,1794.4
AIA,Anguilla,1990.0,BCG,99.0,MEASLES,1785.9
AIA,Anguilla,1990.0,DTPCV3,99.0,MEASLES,1785.9
AIA,Anguilla,1990.0,MCV1,99.0,MEASLES,1785.9
AIA,Anguilla,1990.0,POL3,99.0,MEASLES,1785.9
ROU,Romania,2002.0,BCG,99.27,MUMPS,1783.5
ROU,Romania,2002.0,DTPCV1,98.0,MUMPS,1783.5
ROU,Romania,2002.0,DTPCV3,98.0,MUMPS,1783.5
ROU,Romania,2002.0,HEPB3,98.85,MUMPS,1783.5
ROU,Romania,2002.0,HEPB_BD,98.9,MUMPS,1783.5
ROU,Romania,2002.0,MCV1,98.1,MUMPS,1783.5
ROU,Romania,2002.0,MCV2,97.05,MUMPS,1783.5
ROU,Romania,2002.0,POL3,98.0,MUMPS,1783.5
ROU,Romania,2002.0,RCV1,98.0,MUMPS,1783.5
GNB,Guinea-Bissau,1987.0,BCG,92.0,PERTUSSIS,1779.1
MDA,Republic of Moldova,2002.0,BCG,99.0,RUBELLA,1764.7
MDA,Republic of Moldova,2002.0,DTPCV1,95.67,RUBELLA,1764.7
MDA,Republic of Moldova,2002.0,DTPCV3,97.07,RUBELLA,1764.7
MDA,Republic of Moldova,2002.0,HEPB3,98.9,RUBELLA,1764.7
MDA,Republic of Moldova,2002.0,HEPB_BD,99.0,RUBELLA,1764.7
MDA,Republic of Moldova,2002.0,MCV1,94.0,RUBELLA,1764.7
MDA,Republic of Moldova,2002.0,POL3,98.2,RUBELLA,1764.7
MDA,Republic of Moldova,2002.0,RCV1,94.0,RUBELLA,1764.7
TZA,United Republic of Tanzania,1987.0,BCG,94.0,MEASLES,1752.3
TZA,United Republic of Tanzania,1987.0,DTPCV1,92.0,MEASLES,1752.3
TTO,Trinidad and Tobago,1989.0,DTPCV1,91.0,MEASLES,1747.7
SWZ,Eswatini,1989.0,BCG,96.0,MEASLES,1743.9
SWZ,Eswatini,1989.0,DTPCV1,96.0,MEASLES,1743.9
ARE,United Arab Emirates,1985.0,DTPCV1,91.0,MEASLES,1741.8
GMB,Gambia,1983.0,BCG,96.0,MEASLES,1726.8
PYF,French Polynesia,1996.0,BCG,98.0,MEASLES,1716.3
PYF,French Polynesia,1996.0,DTPCV3,98.0,MEASLES,1716.3
PYF,French Polynesia,1996.0,MCV1,98.0,MEASLES,1716.3
ZMB,Zambia,2022.0,MCV1,96.61,MUMPS,1705.2
ZMB,Zambia,2022.0,RCV1,96.61,MUMPS,1705.2
AUS,Australia,2011.0,DTPCV1,91.99,PERTUSSIS,1692.2
AUS,Australia,2011.0,DTPCV3,91.98,PERTUSSIS,1692.2
AUS,Australia,2011.0,HEPB3,91.74,PERTUSSIS,1692.2
AUS,Australia,2011.0,HIB3,91.87,PERTUSSIS,1692.2
AUS,Australia,2011.0,MCV1,94.0,PERTUSSIS,1692.2
AUS,Australia,2011.0,PCV3,91.0,PERTUSSIS,1692.2
AUS,Australia,2011.0,POL3,91.95,PERTUSSIS,1692.2
AUS,Australia,2011.0,RCV1,94.0,PERTUSSIS,1692.2
ZMB,Zambia,1988.0,DTPCV1,94.0,MEASLES,1689.4
GEO,Georgia,2004.0,BCG,90.93,MEASLES,1688.1
NOR,Norway,2004.0,DTPCV1,99.0,PERTUSSIS,1685.0
NOR,Norway,2004.0,DTPCV3,92.0,PERTUSSIS,1685.0
NOR,Norway,2004.0,HIB3,94.0,PERTUSSIS,1685.0
NOR,Norway,2004.0,MCV2,90.0,PERTUSSIS,1685.0
NOR,Norway,2004.0,POL3,92.0,PERTUSSIS,1685.0
BEN,Benin,1995.0,BCG,92.33,MEASLES,1681.3
SWZ,Eswatini,1990.0,BCG,96.0,MEASLES,1679.2
SWZ,Eswatini,1990.0,DTPCV1,96.0,MEASLES,1679.2
HND,Honduras,1990.0,MCV1,90.0,MEASLES,1678.6
BWA,Botswana,1994.0,DTPCV1,99.0,MEASLES,1676.0
BWA,Botswana,1994.0,PAB,91.0,MEASLES,1676.0
BWA,Botswana,1994.0,TT2PLUS,97.0,MEASLES,1676.0
ZMB,Zambia,1994.0,BCG,99.33,MEASLES,1662.1
ZMB,Zambia,1994.0,DTPCV1,96.0,MEASLES,1662.1
ZMB,Zambia,1994.0,MCV1,91.33,MEASLES,1662.1
ZMB,Zambia,1994.0,POL3,90.0,MEASLES,1662.1
COG,Congo,1991.0,DTPCV1,90.0,MEASLES,1650.3
SRB,Serbia,1983.0,MCV1,95.0,MEASLES,1648.8
ZMB,Zambia,2001.0,BCG,94.0,MEASLES,1646.2
ZMB,Zambia,2001.0,DTPCV1,94.0,MEASLES,1646.2
TZA,United Republic of Tanzania,1986.0,DTPCV1,90.0,MEASLES,1643.6
TZA,United Republic of Tanzania,1986.0,MCV1,97.0,MEASLES,1643.6
KWT,Kuwait,1981.0,DTPCV1,92.0,MEASLES,1638.9
CHE,Switzerland,1996.0,DTPCV1,93.0,PERTUSSIS,1626.2
CHE,Switzerland,1996.0,POL3,95.0,PERTUSSIS,1626.2
ZWE,Zimbabwe,1992.0,DTPCV1,95.0,MEASLES,1620.7
UKR,Ukraine,2001.0,BCG,98.05,RUBELLA,1616.3
UKR,Ukraine,2001.0,DTPCV1,97.27,RUBELLA,1616.3
UKR,Ukraine,2001.0,DTPCV3,99.05,RUBELLA,1616.3
UKR,Ukraine,2001.0,MCV1,98.84,RUBELLA,1616.3
UKR,Ukraine,2001.0,MCV2,98.18,RUBELLA,1616.3
UKR,Ukraine,2001.0,POL3,99.03,RUBELLA,1616.3
UKR,Ukraine,2001.0,RCV1,99.0,RUBELLA,1616.3
SMR,San Marino,2008.0,DTPCV1,90.27,RUBELLA,1616.1
SMR,San Marino,2008.0,DTPCV3,90.1,RUBELLA,1616.1
SMR,San Marino,2008.0,HEPB3,90.0,RUBELLA,1616.1
SMR,San Marino,2008.0,MCV2,93.2,RUBELLA,1616.1
AND,Andorra,2020.0,DIPHCV4,94.89,MUMPS,1615.4
AND,Andorra,2020.0,DIPHCV5,97.28,MUMPS,1615.4
AND,Andorra,2020.0,DTPCV1,99.0,MUMPS,1615.4
AND,Andorra,2020.0,DTPCV3,99.04,MUMPS,1615.4
AND,Andorra,2020.0,HEPB3,97.76,MUMPS,1615.4
AND,Andorra,2020.0,HIB3,98.23,MUMPS,1615.4
AND,Andorra,2020.0,IPV1,99.5,MUMPS,1615.4
AND,Andorra,2020.0,MCV1,98.17,MUMPS,1615.4
AND,Andorra,2020.0,MCV2,93.17,MUMPS,1615.4
AND,Andorra,2020.0,PCV3,95.81,MUMPS,1615.4
AND,Andorra,2020.0,PERCV4,94.89,MUMPS,1615.4
AND,Andorra,2020.0,POL3,99.5,MUMPS,1615.4
AND,Andorra,2020.0,RCV1,98.17,MUMPS,1615.4
AND,Andorra,2020.0,TTCV4,94.89,MUMPS,1615.4
AND,Andorra,2020.0,TTCV5,97.28,MUMPS,1615.4
SWZ,Eswatini,1991.0,DTPCV1,92.0,MEASLES,1615.3
GNB,Guinea-Bissau,1993.0,BCG,98.67,MEASLES,1612.3
SGP,Singapore,1999.0,BCG,99.08,MUMPS,1609.5
SGP,Singapore,1999.0,DTPCV1,97.18,MUMPS,1609.5
SGP,Singapore,1999.0,DTPCV3,96.7,MUMPS,1609.5
SGP,Singapore,1999.0,HEPB3,95.84,MUMPS,1609.5
SGP,Singapore,1999.0,MCV1,96.74,MUMPS,1609.5
SGP,Singapore,1999.0,MCV2,98.0,MUMPS,1609.5
SGP,Singapore,1999.0,POL3,96.66,MUMPS,1609.5
SGP,Singapore,1999.0,RCV1,96.74,MUMPS,1609.5
CRI,Costa Rica,1986.0,DTPCV1,96.0,MEASLES,1609.4
CRI,Costa Rica,1986.0,DTPCV3,90.67,MEASLES,1609.4
CRI,Costa Rica,1986.0,POL3,90.33,MEASLES,1609.4
BLR,Belarus,2000.0,BCG,99.1,RUBELLA,1604.8
BLR,Belarus,2000.0,DTPCV1,99.0,RUBELLA,1604.8
BLR,Belarus,2000.0,DTPCV3,99.08,RUBELLA,1604.8
BLR,Belarus,2000.0,MCV1,98.13,RUBELLA,1604.8
BLR,Belarus,2000.0,MCV2,91.72,RUBELLA,1604.8
BLR,Belarus,2000.0,POL3,99.13,RUBELLA,1604.8
BLR,Belarus,2000.0,RCV1,98.0,RUBELLA,1604.8
BWA,Botswana,2000.0,DTPCV1,95.33,MEASLES,1593.0
GBR,United Kingdom of Great Britain and Northern Ireland,1986.0,BCG,96.0,MEASLES,1589.6
OMN,Oman,2001.0,BCG,98.05,MUMPS,1584.7
OMN,Oman,2001.0,DTPCV1,98.03,MUMPS,1584.7
OMN,Oman,2001.0,DTPCV3,99.65,MUMPS,1584.7
OMN,Oman,2001.0,HEPB3,99.66,MUMPS,1584.7
OMN,Oman,2001.0,HEPB_BD,96.85,MUMPS,1584.7
OMN,Oman,2001.0,MCV1,99.66,MUMPS,1584.7
OMN,Oman,2001.0,MCV2,99.66,MUMPS,1584.7
OMN,Oman,2001.0,PAB,94.0,MUMPS,1584.7
OMN,Oman,2001.0,POL3,99.66,MUMPS,1584.7
OMN,Oman,2001.0,RCV1,99.0,MUMPS,1584.7
OMN,Oman,2001.0,VAD1,97.67,MUMPS,1584.7
ESP,Spain,1985.0,DTPCV1,92.0,PERTUSSIS,1569.0
JPN,Japan,2006.0,DTPCV1,99.0,MUMPS,1567.3
JPN,Japan,2006.0,DTPCV3,98.0,MUMPS,1567.3
JPN,Japan,2006.0,MCV1,97.0,MUMPS,1567.3
JPN,Japan,2006.0,POL3,95.0,MUMPS,1567.3
JPN,Japan,2006.0,RCV1,97.0,MUMPS,1567.3
GNB,Guinea-Bissau,1990.0,BCG,90.0,PERTUSSIS,1552.9
WLF,Wallis and Futuna,1981.0,BCG,99.0,MEASLES,1549.6
ISL,Iceland,1985.0,DTPCV1,99.0,MEASLES,1549.3
ISL,Iceland,1985.0,DTPCV3,99.0,MEASLES,1549.3
ISL,Iceland,1985.0,MCV1,96.0,MEASLES,1549.3
ISL,Iceland,1985.0,POL3,99.0,MEASLES,1549.3
ISL,Iceland,1985.0,RCV1,96.0,MEASLES,1549.3
AUS,Australia,2010.0,DTPCV1,97.0,PERTUSSIS,1548.4
AUS,Australia,2010.0,DTPCV3,92.0,PERTUSSIS,1548.4
AUS,Australia,2010.0,HEPB3,91.75,PERTUSSIS,1548.4
AUS,Australia,2010.0,HIB3,91.88,PERTUSSIS,1548.4
AUS,Australia,2010.0,MCV1,93.96,PERTUSSIS,1548.4
AUS,Australia,2010.0,PCV3,91.0,PERTUSSIS,1548.4
AUS,Australia,2010.0,POL3,91.97,PERTUSSIS,1548.4
AUS,Australia,2010.0,RCV1,93.96,PERTUSSIS,1548.4
GBR,United Kingdom of Great Britain and Northern Ireland,1988.0,DTPCV1,91.0,MEASLES,1547.7
LBR,Liberia,2022.0,DTPCV1,93.0,MEASLES,1544.7
LBR,Liberia,2022.0,MCV1,90.24,MEASLES,1544.7
LBR,Liberia,2022.0,PCV2,90.46,MEASLES,1544.7
LBR,Liberia,2022.0,ROTA1,96.89,MEASLES,1544.7
GUM,Guam,1994.0,HEPB3,92.0,MEASLES,1541.9
GUM,Guam,1994.0,MCV1,100.0,MEASLES,1541.9
ZMB,Zambia,2004.0,BCG,93.67,MUMPS,1541.0
ZMB,Zambia,2004.0,DTPCV1,93.0,MUMPS,1541.0
ZMB,Zambia,2004.0,DTPCV3,90.33,MUMPS,1541.0
ZMB,Zambia,2004.0,HIB3,90.33,MUMPS,1541.0
ZMB,Zambia,2004.0,PAB,90.0,MUMPS,1541.0
ZMB,Zambia,2004.0,POL3,92.67,MUMPS,1541.0
ZMB,Zambia,2004.0,TT2PLUS,98.0,MUMPS,1541.0
CHE,Switzerland,1999.0,DTPCV1,95.0,PERTUSSIS,1539.7
CHE,Switzerland,1999.0,DTPCV3,93.0,PERTUSSIS,1539.7
CHE,Switzerland,1999.0,HIB3,91.0,PERTUSSIS,1539.7
CHE,Switzerland,1999.0,POL3,95.0,PERTUSSIS,1539.7
COM,Comoros,2005.0,PAB,91.0,MEASLES,1538.8
OMN,Oman,1993.0,BCG,95.0,MEASLES,1537.3
OMN,Oman,1993.0,DTPCV1,98.0,MEASLES,1537.3
OMN,Oman,1993.0,DTPCV3,97.0,MEASLES,1537.3
OMN,Oman,1993.0,HEPB3,96.0,MEASLES,1537.3
OMN,Oman,1993.0,MCV1,95.0,MEASLES,1537.3
OMN,Oman,1993.0,PAB,93.0,MEASLES,1537.3
OMN,Oman,1993.0,POL3,97.0,MEASLES,1537.3
OMN,Oman,1993.0,TT2PLUS,95.0,MEASLES,1537.3
JAM,Jamaica,1990.0,BCG,98.0,MEASLES,1534.1
JAM,Jamaica,1990.0,DTPCV1,96.5,MEASLES,1534.1
FJI,Fiji,1981.0,BCG,98.0,MEASLES,1525.5
PNG,Papua New Guinea,1994.0,DTPCV1,91.0,MEASLES,1522.5
COG,Congo,1990.0,DTPCV1,92.0,MEASLES,1515.6
SWE,Sweden,1988.0,DTPCV1,99.0,PERTUSSIS,1514.5
SWE,Sweden,1988.0,DTPCV3,99.0,PERTUSSIS,1514.5
SWE,Sweden,1988.0,MCV1,94.67,PERTUSSIS,1514.5
SWE,Sweden,1988.0,POL3,98.67,PERTUSSIS,1514.5
SWE,Sweden,1988.0,RCV1,95.0,PERTUSSIS,1514.5
MDA,Republic of Moldova,1999.0,BCG,99.0,RUBELLA,1513.2
MDA,Republic of Moldova,1999.0,DTPCV1,99.0,RUBELLA,1513.2
MDA,Republic of Moldova,1999.0,DTPCV3,97.0,RUBELLA,1513.2
MDA,Republic of Moldova,1999.0,HEPB3,94.13,RUBELLA,1513.2
MDA,Republic of Moldova,1999.0,MCV1,93.0,RUBELLA,1513.2
MDA,Republic of Moldova,1999.0,POL3,98.03,RUBELLA,1513.2
HND,Honduras,2018.0,BCG,93.0,MUMPS,1511.6
HND,Honduras,2018.0,DIPHCV4,92.0,MUMPS,1511.6
HND,Honduras,2018.0,DTPCV1,93.0,MUMPS,1511.6
HND,Honduras,2018.0,DTPCV3,91.0,MUMPS,1511.6
HND,Honduras,2018.0,FLU_ALL,100.0,MUMPS,1511.6
HND,Honduras,2018.0,HEPB3,91.0,MUMPS,1511.6
HND,Honduras,2018.0,HIB3,91.0,MUMPS,1511.6
HND,Honduras,2018.0,IPV1,93.0,MUMPS,1511.6
HND,Honduras,2018.0,MCV1,91.0,MUMPS,1511.6
HND,Honduras,2018.0,MCV2,94.0,MUMPS,1511.6
HND,Honduras,2018.0,PAB,99.0,MUMPS,1511.6
HND,Honduras,2018.0,PCV1,93.0,MUMPS,1511.6
HND,Honduras,2018.0,PCV2,92.0,MUMPS,1511.6
HND,Honduras,2018.0,PCV3,91.0,MUMPS,1511.6
HND,Honduras,2018.0,PERCV4,92.0,MUMPS,1511.6
HND,Honduras,2018.0,POL3,91.0,MUMPS,1511.6
HND,Honduras,2018.0,RCV1,91.0,MUMPS,1511.6
HND,Honduras,2018.0,ROTA1,93.0,MUMPS,1511.6
HND,Honduras,2018.0,ROTAC,92.0,MUMPS,1511.6
HND,Honduras,2018.0,TTCV4,92.0,MUMPS,1511.6
HND,Honduras,2018.0,VAD1,91.0,MUMPS,1511.6
HND,Honduras,2018.0,YFV,100.0,MUMPS,1511.6
JOR,Jordan,1988.0,DTPCV1,97.0,MEASLES,1506.4
JOR,Jordan,1988.0,DTPCV3,96.33,MEASLES,1506.4
JOR,Jordan,1988.0,POL3,96.0,MEASLES,1506.4
SWE,Sweden,1994.0,DTPCV1,99.0,PERTUSSIS,1501.9
SWE,Sweden,1994.0,DTPCV3,99.0,PERTUSSIS,1501.9
SWE,Sweden,1994.0,HIB3,96.0,PERTUSSIS,1501.9
SWE,Sweden,1994.0,MCV1,96.67,PERTUSSIS,1501.9
SWE,Sweden,1994.0,POL3,99.0,PERTUSSIS,1501.9
SWE,Sweden,1994.0,RCV1,97.0,PERTUSSIS,1501.9
SWE,Sweden,1994.0,TT2PLUS,99.0,PERTUSSIS,1501.9
ROU,Romania,1986.0,BCG,93.0,MEASLES,1501.1
ROU,Romania,1986.0,DTPCV1,96.0,MEASLES,1501.1
ROU,Romania,1986.0,POL3,90.0,MEASLES,1501.1
BWA,Botswana,1985.0,DTPCV1,98.0,MEASLES,1501.0
BWA,Botswana,1982.0,DTPCV1,97.0,MEASLES,1498.1
NOR,Norway,1983.0,BCG,90.0,MEASLES,1497.2
NOR,Norway,1983.0,DTPCV1,96.0,MEASLES,1497.2
NOR,Norway,1983.0,DTPCV3,90.0,MEASLES,1497.2
NOR,Norway,1983.0,POL3,90.0,MEASLES,1497.2
MOZ,Mozambique,2003.0,BCG,90.0,MEASLES,1490.2
TKL,Tokelau,2019.0,BCG,100.0,MUMPS,1489.6
TKL,Tokelau,2019.0,DIPHCV4,99.0,MUMPS,1489.6
TKL,Tokelau,2019.0,DIPHCV5,100.0,MUMPS,1489.6
TKL,Tokelau,2019.0,DTPCV1,98.0,MUMPS,1489.6
TKL,Tokelau,2019.0,DTPCV3,98.0,MUMPS,1489.6
TKL,Tokelau,2019.0,HEPB3,98.0,MUMPS,1489.6
TKL,Tokelau,2019.0,HEPB_BD,100.0,MUMPS,1489.6
TKL,Tokelau,2019.0,HIB3,98.0,MUMPS,1489.6
TKL,Tokelau,2019.0,IPV1,99.0,MUMPS,1489.6
TKL,Tokelau,2019.0,MCV1,98.0,MUMPS,1489.6
TKL,Tokelau,2019.0,MCV2,98.0,MUMPS,1489.6
TKL,Tokelau,2019.0,PERCV4,98.0,MUMPS,1489.6
TKL,Tokelau,2019.0,POL3,98.0,MUMPS,1489.6
TKL,Tokelau,2019.0,RCV1,98.0,MUMPS,1489.6
TKL,Tokelau,2019.0,TT2PLUS,100.0,MUMPS,1489.6
TUV,Tuvalu,1997.0,BCG,99.67,MEASLES,1489.2
TUV,Tuvalu,1997.0,DTPCV1,91.0,MEASLES,1489.2
TUV,Tuvalu,1997.0,MCV1,99.67,MEASLES,1489.2
POL,Poland,1990.0,BCG,97.0,MEASLES,1483.9
POL,Poland,1990.0,DTPCV1,98.0,MEASLES,1483.9
POL,Poland,1990.0,DTPCV3,96.0,MEASLES,1483.9
POL,Poland,1990.0,MCV1,95.0,MEASLES,1483.9
POL,Poland,1990.0,POL3,96.0,MEASLES,1483.9
POL,Poland,1990.0,RCV1,95.0,MEASLES,1483.9
LSO,Lesotho,1999.0,DTPCV1,90.0,MUMPS,1483.6
SGP,Singapore,2000.0,BCG,98.69,MUMPS,1482.2
SGP,Singapore,2000.0,DTPCV1,97.28,MUMPS,1482.2
SGP,Singapore,2000.0,DTPCV3,96.85,MUMPS,1482.2
SGP,Singapore,2000.0,HEPB3,96.03,MUMPS,1482.2
SGP,Singapore,2000.0,MCV1,95.25,MUMPS,1482.2
SGP,Singapore,2000.0,MCV2,98.0,MUMPS,1482.2
SGP,Singapore,2000.0,POL3,96.81,MUMPS,1482.2
SGP,Singapore,2000.0,RCV1,95.25,MUMPS,1482.2
POL,Poland,1984.0,BCG,95.0,MEASLES,1474.1
POL,Poland,1984.0,DTPCV1,98.0,MEASLES,1474.1
POL,Poland,1984.0,DTPCV3,95.0,MEASLES,1474.1
POL,Poland,1984.0,MCV1,94.0,MEASLES,1474.1
POL,Poland,1984.0,POL3,95.0,MEASLES,1474.1
ARE,United Arab Emirates,1986.0,DTPCV1,92.0,MEASLES,1470.6
MNG,Mongolia,1988.0,DTPCV1,94.0,MEASLES,1466.1
SEN,Senegal,1989.0,BCG,91.0,MEASLES,1458.2
KIR,Kiribati,1993.0,DTPCV1,99.0,MEASLES,1445.9
KIR,Kiribati,1993.0,DTPCV3,99.67,MEASLES,1445.9
KIR,Kiribati,1993.0,POL3,99.67,MEASLES,1445.9
ESP,Spain,1986.0,DTPCV1,96.0,PERTUSSIS,1441.7
FJI,Fiji,1987.0,BCG,94.67,MEASLES,1432.3
FJI,Fiji,1987.0,DTPCV1,96.0,MEASLES,1432.3
FJI,Fiji,1987.0,DTPCV3,90.0,MEASLES,1432.3
FJI,Fiji,1987.0,POL3,92.0,MEASLES,1432.3
FJI,Fiji,1980.0,BCG,95.0,MEASLES,1422.2
NPL,Nepal,2011.0,BCG,97.09,MUMPS,1420.9
NPL,Nepal,2011.0,DTPCV1,93.78,MUMPS,1420.9
NPL,Nepal,2011.0,DTPCV3,93.25,MUMPS,1420.9
NPL,Nepal,2011.0,HEPB3,93.25,MUMPS,1420.9
NPL,Nepal,2011.0,HIB3,93.25,MUMPS,1420.9
NPL,Nepal,2011.0,POL3,93.02,MUMPS,1420.9
OMN,Oman,1986.0,BCG,98.33,MEASLES,1415.7
OMN,Oman,1986.0,DTPCV1,94.0,MEASLES,1415.7
IRQ,Iraq,1985.0,BCG,94.0,MEASLES,1414.6
IRQ,Iraq,1985.0,DTPCV1,98.0,MEASLES,1414.6
NOR,Norway,2006.0,BCG,91.0,PERTUSSIS,1413.4
NOR,Norway,2006.0,DTPCV1,99.0,PERTUSSIS,1413.4
NOR,Norway,2006.0,DTPCV3,94.0,PERTUSSIS,1413.4
NOR,Norway,2006.0,HIB3,95.0,PERTUSSIS,1413.4
NOR,Norway,2006.0,MCV1,92.0,PERTUSSIS,1413.4
NOR,Norway,2006.0,MCV2,91.0,PERTUSSIS,1413.4
NOR,Norway,2006.0,POL3,94.0,PERTUSSIS,1413.4
NOR,Norway,2006.0,RCV1,91.33,PERTUSSIS,1413.4
ZMB,Zambia,1993.0,BCG,92.0,MEASLES,1412.6
ZMB,Zambia,1993.0,DTPCV1,95.0,MEASLES,1412.6
PHL,Philippines,1987.0,BCG,90.67,MEASLES,1408.2
PHL,Philippines,1987.0,DTPCV1,90.0,MEASLES,1408.2
JPN,Japan,2010.0,BCG,99.01,MUMPS,1401.4
JPN,Japan,2010.0,DTPCV1,99.0,MUMPS,1401.4
JPN,Japan,2010.0,DTPCV3,97.0,MUMPS,1401.4
JPN,Japan,2010.0,MCV1,94.14,MUMPS,1401.4
JPN,Japan,2010.0,MCV2,96.76,MUMPS,1401.4
JPN,Japan,2010.0,POL3,97.94,MUMPS,1401.4
JPN,Japan,2010.0,RCV1,94.15,MUMPS,1401.4
NPL,Nepal,2015.0,BCG,93.95,MUMPS,1396.6
NPL,Nepal,2015.0,DTPCV1,93.9,MUMPS,1396.6
NPL,Nepal,2015.0,DTPCV3,90.91,MUMPS,1396.6
NPL,Nepal,2015.0,HEPB3,90.91,MUMPS,1396.6
NPL,Nepal,2015.0,HIB3,90.91,MUMPS,1396.6
NPL,Nepal,2015.0,POL3,90.14,MUMPS,1396.6
GRC,Greece,1980.0,BCG,95.0,MEASLES,1394.7
GRC,Greece,1980.0,POL3,90.0,MEASLES,1394.7
JOR,Jordan,1997.0,DTPCV1,93.67,MEASLES,1392.3
JOR,Jordan,1997.0,DTPCV3,99.0,MEASLES,1392.3
JOR,Jordan,1997.0,HEPB3,90.0,MEASLES,1392.3
JOR,Jordan,1997.0,MCV1,95.0,MEASLES,1392.3
JOR,Jordan,1997.0,POL3,99.0,MEASLES,1392.3
CRI,Costa Rica,1987.0,DTPCV1,97.0,MEASLES,1384.2
CRI,Costa Rica,1987.0,DTPCV3,93.0,MEASLES,1384.2
CRI,Costa Rica,1987.0,MCV1,92.0,MEASLES,1384.2
CRI,Costa Rica,1987.0,POL3,92.0,MEASLES,1384.2
CRI,Costa Rica,1987.0,RCV1,93.0,MEASLES,1384.2
CHL,Chile,1985.0,BCG,96.0,MEASLES,1379.6
CHL,Chile,1985.0,DTPCV1,99.0,MEASLES,1379.6
CHL,Chile,1985.0,DTPCV3,99.0,MEASLES,1379.6
CHL,Chile,1985.0,MCV1,92.0,MEASLES,1379.6
CHL,Chile,1985.0,POL3,99.0,MEASLES,1379.6
CHE,Switzerland,2001.0,DTPCV1,95.0,MUMPS,1370.0
CHE,Switzerland,2001.0,DTPCV3,93.0,MUMPS,1370.0
CHE,Switzerland,2001.0,HIB3,91.0,MUMPS,1370.0
CHE,Switzerland,2001.0,POL3,95.0,MUMPS,1370.0
TUN,Tunisia,1992.0,DTPCV1,98.0,MEASLES,1367.3
TUN,Tunisia,1992.0,DTPCV3,98.33,MEASLES,1367.3
TUN,Tunisia,1992.0,MCV1,94.0,MEASLES,1367.3
TUN,Tunisia,1992.0,POL3,98.33,MEASLES,1367.3
KEN,Kenya,2023.0,MALARIA1,100.0,TYPHOID,1367.2
KEN,Kenya,2023.0,ROTA1,100.0,TYPHOID,1367.2
KEN,Kenya,2023.0,VAD1,100.0,TYPHOID,1367.2
FRA,France,1997.0,DTPCV1,99.0,MEASLES,1365.9
FRA,France,1997.0,DTPCV3,97.33,MEASLES,1365.9
FRA,France,1997.0,POL3,97.07,MEASLES,1365.9
FRA,France,1997.0,TT2PLUS,98.0,MEASLES,1365.9
GNB,Guinea-Bissau,1988.0,DTPCV1,95.0,PERTUSSIS,1365.1
JOR,Jordan,2001.0,DTPCV1,99.0,MUMPS,1360.6
JOR,Jordan,2001.0,DTPCV3,99.0,MUMPS,1360.6
JOR,Jordan,2001.0,HEPB3,97.0,MUMPS,1360.6
JOR,Jordan,2001.0,MCV1,99.0,MUMPS,1360.6
JOR,Jordan,2001.0,POL3,97.0,MUMPS,1360.6
ITA,Italy,1984.0,POL3,90.0,MEASLES,1358.0
AUS,Australia,2009.0,DTPCV1,97.0,PERTUSSIS,1356.3
AUS,Australia,2009.0,DTPCV3,92.19,PERTUSSIS,1356.3
AUS,Australia,2009.0,HEPB3,93.27,PERTUSSIS,1356.3
AUS,Australia,2009.0,HIB3,93.35,PERTUSSIS,1356.3
AUS,Australia,2009.0,MCV1,93.8,PERTUSSIS,1356.3
AUS,Australia,2009.0,PCV3,91.0,PERTUSSIS,1356.3
AUS,Australia,2009.0,POL3,92.17,PERTUSSIS,1356.3
AUS,Australia,2009.0,RCV1,93.8,PERTUSSIS,1356.3
ZMB,Zambia,2005.0,BCG,91.33,MUMPS,1354.6
ZMB,Zambia,2005.0,PAB,91.0,MUMPS,1354.6
ZWE,Zimbabwe,1990.0,DTPCV1,96.0,MEASLES,1354.2
ZMB,Zambia,1992.0,BCG,90.0,MEASLES,1346.0
ZMB,Zambia,1992.0,DTPCV1,94.0,MEASLES,1346.0
VUT,Vanuatu,2018.0,BCG,94.23,MUMPS,1342.6
VUT,Vanuatu,2018.0,DTPCV1,94.86,MUMPS,1342.6
FJI,Fiji,1982.0,BCG,98.0,MEASLES,1339.4
FRA,France,1993.0,DTPCV1,97.0,MEASLES,1336.2
FRA,France,1993.0,DTPCV3,94.33,MEASLES,1336.2
FRA,France,1993.0,POL3,95.0,MEASLES,1336.2
FRA,France,1993.0,TT2PLUS,95.0,MEASLES,1336.2
SWE,Sweden,1991.0,DTPCV1,99.0,PERTUSSIS,1326.7
SWE,Sweden,1991.0,DTPCV3,99.0,PERTUSSIS,1326.7
SWE,Sweden,1991.0,MCV1,95.67,PERTUSSIS,1326.7
SWE,Sweden,1991.0,POL3,99.0,PERTUSSIS,1326.7
SWE,Sweden,1991.0,RCV1,96.0,PERTUSSIS,1326.7
SWE,Sweden,1991.0,TT2PLUS,99.0,PERTUSSIS,1326.7
SWE,Sweden,1993.0,DTPCV1,99.0,PERTUSSIS,1323.9
SWE,Sweden,1993.0,DTPCV3,99.0,PERTUSSIS,1323.9
SWE,Sweden,1993.0,HIB3,99.0,PERTUSSIS,1323.9
SWE,Sweden,1993.0,MCV1,96.67,PERTUSSIS,1323.9
SWE,Sweden,1993.0,POL3,99.0,PERTUSSIS,1323.9
SWE,Sweden,1993.0,RCV1,97.0,PERTUSSIS,1323.9
SWE,Sweden,1993.0,TT2PLUS,99.0,PERTUSSIS,1323.9
GUY,Guyana,1998.0,BCG,92.0,TTETANUS,1322.7
GUY,Guyana,1998.0,DTPCV1,97.0,TTETANUS,1322.7
GUY,Guyana,1998.0,DTPCV3,90.0,TTETANUS,1322.7
GUY,Guyana,1998.0,MCV1,93.0,TTETANUS,1322.7
GUY,Guyana,1998.0,POL3,90.0,TTETANUS,1322.7
GUY,Guyana,1998.0,RCV1,93.0,TTETANUS,1322.7
GUY,Guyana,2001.0,BCG,95.0,TTETANUS,1321.2
GUY,Guyana,2001.0,DTPCV1,98.07,TTETANUS,1321.2
GUY,Guyana,2001.0,MCV1,92.0,TTETANUS,1321.2
GUY,Guyana,2001.0,POL3,90.0,TTETANUS,1321.2
GUY,Guyana,2001.0,RCV1,92.0,TTETANUS,1321.2
GUY,Guyana,2001.0,YFV,90.0,TTETANUS,1321.2
GUY,Guyana,2000.0,BCG,93.0,TTETANUS,1320.6
GUY,Guyana,2000.0,DTPCV1,97.0,TTETANUS,1320.6
BFA,Burkina Faso,2018.0,BCG,98.45,MUMPS,1320.2
BFA,Burkina Faso,2018.0,DTPCV1,95.0,MUMPS,1320.2
BFA,Burkina Faso,2018.0,DTPCV3,91.0,MUMPS,1320.2
BFA,Burkina Faso,2018.0,HEPB3,91.0,MUMPS,1320.2
BFA,Burkina Faso,2018.0,HIB3,91.0,MUMPS,1320.2
BFA,Burkina Faso,2018.0,PCV3,91.0,MUMPS,1320.2
BFA,Burkina Faso,2018.0,POL3,91.0,MUMPS,1320.2
BFA,Burkina Faso,2018.0,ROTA1,96.2,MUMPS,1320.2
BFA,Burkina Faso,2018.0,ROTAC,91.51,MUMPS,1320.2
BFA,Burkina Faso,2018.0,TT2PLUS,91.57,MUMPS,1320.2
ITA,Italy,1985.0,POL3,90.67,MEASLES,1319.8
HND,Honduras,1989.0,DTPCV1,95.0,MEASLES,1312.1
HND,Honduras,1989.0,MCV1,94.0,MEASLES,1312.1
ARG,Argentina,1997.0,BCG,99.0,RUBELLA,1311.3
ARG,Argentina,1997.0,DTPCV1,97.5,RUBELLA,1311.3
ARG,Argentina,1997.0,MCV1,93.0,RUBELLA,1311.3
ARG,Argentina,1997.0,POL3,92.0,RUBELLA,1311.3
ARG,Argentina,1997.0,RCV1,93.0,RUBELLA,1311.3
NPL,Nepal,2012.0,BCG,95.99,MUMPS,1302.9
JOR,Jordan,2004.0,DTPCV1,96.0,RUBELLA,1300.1
JOR,Jordan,2004.0,DTPCV3,95.0,RUBELLA,1300.1
JOR,Jordan,2004.0,HEPB3,95.0,RUBELLA,1300.1
JOR,Jordan,2004.0,HIB3,95.0,RUBELLA,1300.1
JOR,Jordan,2004.0,MCV1,99.0,RUBELLA,1300.1
JOR,Jordan,2004.0,MCV2,98.0,RUBELLA,1300.1
JOR,Jordan,2004.0,POL3,95.0,RUBELLA,1300.1
JOR,Jordan,2004.0,RCV1,98.0,RUBELLA,1300.1
SWE,Sweden,1985.0,DTPCV1,99.0,PERTUSSIS,1298.0
SWE,Sweden,1985.0,DTPCV3,99.0,PERTUSSIS,1298.0
SWE,Sweden,1985.0,MCV1,93.33,PERTUSSIS,1298.0
SWE,Sweden,1985.0,POL3,98.0,PERTUSSIS,1298.0
SWE,Sweden,1985.0,RCV1,94.0,PERTUSSIS,1298.0
FSM,Micronesia (Federated States of),2014.0,DTPCV1,95.27,MEASLES,1291.6
FSM,Micronesia (Federated States of),2014.0,MCV1,90.27,MEASLES,1291.6
FSM,Micronesia (Federated States of),2014.0,RCV1,90.27,MEASLES,1291.6
SWE,Sweden,1989.0,DTPCV1,99.0,PERTUSSIS,1291.6
SWE,Sweden,1989.0,DTPCV3,99.0,PERTUSSIS,1291.6
SWE,Sweden,1989.0,MCV1,94.67,PERTUSSIS,1291.6
SWE,Sweden,1989.0,POL3,98.67,PERTUSSIS,1291.6
SWE,Sweden,1989.0,RCV1,95.0,PERTUSSIS,1291.6
SWZ,Eswatini,2019.0,BCG,96.6,MUMPS,1289.1
SWZ,Eswatini,2019.0,DIPHCV5,98.55,MUMPS,1289.1
SWZ,Eswatini,2019.0,DTPCV1,94.4,MUMPS,1289.1
SWZ,Eswatini,2019.0,DTPCV3,90.19,MUMPS,1289.1
SWZ,Eswatini,2019.0,HEPB3,90.28,MUMPS,1289.1
SWZ,Eswatini,2019.0,HIB3,90.28,MUMPS,1289.1
SWZ,Eswatini,2019.0,PCV1,93.3,MUMPS,1289.1
SWZ,Eswatini,2019.0,ROTA1,92.6,MUMPS,1289.1
SWZ,Eswatini,2019.0,VAD1,90.7,MUMPS,1289.1
MRT,Mauritania,2003.0,DTPCV1,91.0,MEASLES,1288.7
VEN,Venezuela (Bolivarian Republic of),1998.0,MCV1,92.0,RUBELLA,1286.1
VEN,Venezuela (Bolivarian Republic of),1998.0,RCV1,92.0,RUBELLA,1286.1
AZE,Azerbaijan,2023.0,BCG,95.3,MEASLES,1280.0
AZE,Azerbaijan,2023.0,DIPHCV5,90.3,MEASLES,1280.0
AZE,Azerbaijan,2023.0,DTPCV1,91.73,MEASLES,1280.0
AZE,Azerbaijan,2023.0,HEPB_BD,98.23,MEASLES,1280.0
AZE,Azerbaijan,2023.0,HEPB_BDALL,98.35,MEASLES,1280.0
AZE,Azerbaijan,2023.0,MCV1,96.15,MEASLES,1280.0
AZE,Azerbaijan,2023.0,MCV2,93.15,MEASLES,1280.0
AZE,Azerbaijan,2023.0,PCV1,93.98,MEASLES,1280.0
AZE,Azerbaijan,2023.0,POL3,90.75,MEASLES,1280.0
AZE,Azerbaijan,2023.0,RCV1,96.15,MEASLES,1280.0
AZE,Azerbaijan,2023.0,TTCV5,90.3,MEASLES,1280.0
TJK,Tajikistan,1990.0,DTPCV3,90.0,MEASLES,1277.5
TJK,Tajikistan,1990.0,MCV1,93.0,MEASLES,1277.5
TJK,Tajikistan,1990.0,POL3,92.0,MEASLES,1277.5
LSO,Lesotho,1991.0,DTPCV1,92.0,MEASLES,1276.1
ERI,Eritrea,2011.0,BCG,91.0,MUMPS,1275.6
ERI,Eritrea,2011.0,DTPCV1,93.0,MUMPS,1275.6
ERI,Eritrea,2011.0,PAB,94.0,MUMPS,1275.6
UKR,Ukraine,2019.0,MCV1,93.13,MEASLES,1274.1
UKR,Ukraine,2019.0,MCV2,91.8,MEASLES,1274.1
UKR,Ukraine,2019.0,RCV1,93.13,MEASLES,1274.1
NZL,New Zealand,2012.0,DTPCV1,94.15,PERTUSSIS,1268.9
NZL,New Zealand,2012.0,DTPCV3,93.13,PERTUSSIS,1268.9
NZL,New Zealand,2012.0,HEPB3,93.3,PERTUSSIS,1268.9
NZL,New Zealand,2012.0,HIB3,92.99,PERTUSSIS,1268.9
NZL,New Zealand,2012.0,MCV1,92.27,PERTUSSIS,1268.9
NZL,New Zealand,2012.0,PCV1,93.36,PERTUSSIS,1268.9
NZL,New Zealand,2012.0,PCV2,93.02,PERTUSSIS,1268.9
NZL,New Zealand,2012.0,PCV3,92.11,PERTUSSIS,1268.9
NZL,New Zealand,2012.0,POL3,93.14,PERTUSSIS,1268.9
NZL,New Zealand,2012.0,RCV1,92.0,PERTUSSIS,1268.9
ARG,Argentina,1991.0,BCG,99.0,MEASLES,1266.7
ARG,Argentina,1991.0,DTPCV1,93.0,MEASLES,1266.7
ARG,Argentina,1991.0,MCV1,99.0,MEASLES,1266.7
CPV,Cabo Verde,1987.0,BCG,99.67,MEASLES,1259.4
CPV,Cabo Verde,1987.0,DTPCV1,97.0,MEASLES,1259.4
CPV,Cabo Verde,1987.0,DTPCV3,92.0,MEASLES,1259.4
ZMB,Zambia,2001.0,BCG,94.0,MUMPS,1258.0
ZMB,Zambia,2001.0,DTPCV1,94.0,MUMPS,1258.0
JPN,Japan,2016.0,BCG,97.8,MUMPS,1250.6
JPN,Japan,2016.0,DTPCV1,99.13,MUMPS,1250.6
JPN,Japan,2016.0,DTPCV3,99.07,MUMPS,1250.6
JPN,Japan,2016.0,HIB3,99.0,MUMPS,1250.6
JPN,Japan,2016.0,IPV1,99.13,MUMPS,1250.6
JPN,Japan,2016.0,MCV1,96.27,MUMPS,1250.6
JPN,Japan,2016.0,MCV2,93.2,MUMPS,1250.6
JPN,Japan,2016.0,PCV2,99.8,MUMPS,1250.6
JPN,Japan,2016.0,PCV3,99.0,MUMPS,1250.6
JPN,Japan,2016.0,POL3,99.07,MUMPS,1250.6
JPN,Japan,2016.0,RCV1,96.27,MUMPS,1250.6
LTU,Lithuania,2000.0,BCG,99.0,MUMPS,1250.4
LTU,Lithuania,2000.0,DTPCV1,98.73,MUMPS,1250.4
LTU,Lithuania,2000.0,DTPCV3,93.67,MUMPS,1250.4
LTU,Lithuania,2000.0,HEPB3,98.33,MUMPS,1250.4
LTU,Lithuania,2000.0,HEPB_BD,99.0,MUMPS,1250.4
LTU,Lithuania,2000.0,MCV1,97.0,MUMPS,1250.4
LTU,Lithuania,2000.0,MCV2,97.03,MUMPS,1250.4
LTU,Lithuania,2000.0,POL3,91.17,MUMPS,1250.4
LTU,Lithuania,2000.0,RCV1,97.0,MUMPS,1250.4
SWE,Sweden,1990.0,DTPCV1,99.0,PERTUSSIS,1249.9
SWE,Sweden,1990.0,DTPCV3,99.0,PERTUSSIS,1249.9
SWE,Sweden,1990.0,MCV1,95.67,PERTUSSIS,1249.9
SWE,Sweden,1990.0,POL3,99.0,PERTUSSIS,1249.9
SWE,Sweden,1990.0,RCV1,96.0,PERTUSSIS,1249.9
CHE,Switzerland,2013.0,DTPCV1,96.0,PERTUSSIS,1247.5
CHE,Switzerland,2013.0,DTPCV3,96.0,PERTUSSIS,1247.5
CHE,Switzerland,2013.0,HIB3,95.0,PERTUSSIS,1247.5
CHE,Switzerland,2013.0,MCV1,93.0,PERTUSSIS,1247.5
CHE,Switzerland,2013.0,POL3,96.0,PERTUSSIS,1247.5
CHE,Switzerland,2013.0,RCV1,93.0,PERTUSSIS,1247.5
MKD,North Macedonia,1993.0,BCG,95.0,MEASLES,1243.2
MKD,North Macedonia,1993.0,DTPCV1,96.0,MEASLES,1243.2
MKD,North Macedonia,1993.0,DTPCV3,90.0,MEASLES,1243.2
MKD,North Macedonia,1993.0,MCV1,98.0,MEASLES,1243.2
MKD,North Macedonia,1993.0,POL3,99.0,MEASLES,1243.2
MKD,North Macedonia,1993.0,RCV1,98.0,MEASLES,1243.2
ROU,Romania,1993.0,BCG,99.0,MEASLES,1239.9
ROU,Romania,1993.0,DTPCV1,97.0,MEASLES,1239.9
ROU,Romania,1993.0,DTPCV3,91.0,MEASLES,1239.9
ROU,Romania,1993.0,MCV1,93.0,MEASLES,1239.9
ROU,Romania,1993.0,POL3,91.0,MEASLES,1239.9
ROU,Romania,1993.0,TT2PLUS,91.0,MEASLES,1239.9
BEN,Benin,1994.0,BCG,93.33,MEASLES,1239.6
QAT,Qatar,1991.0,BCG,98.0,MEASLES,1237.8
QAT,Qatar,1991.0,DTPCV1,95.0,MEASLES,1237.8
BTN,Bhutan,2001.0,DTPCV1,91.5,MEASLES,1237.7
BTN,Bhutan,2001.0,POL3,90.33,MEASLES,1237.7
RWA,Rwanda,1993.0,DTPCV1,94.0,MEASLES,1235.5
FJI,Fiji,1992.0,BCG,98.0,MEASLES,1233.9
FJI,Fiji,1992.0,DTPCV1,98.0,MEASLES,1233.9
FJI,Fiji,1992.0,DTPCV3,97.0,MEASLES,1233.9
FJI,Fiji,1992.0,MCV1,91.0,MEASLES,1233.9
FJI,Fiji,1992.0,POL3,98.0,MEASLES,1233.9
HRV,Croatia,2023.0,BCG,96.97,PERTUSSIS,1233.6
HRV,Croatia,2023.0,DIPHCV4,90.83,PERTUSSIS,1233.6
HRV,Croatia,2023.0,DIPHCV6,92.02,PERTUSSIS,1233.6
HRV,Croatia,2023.0,DTPCV1,98.0,PERTUSSIS,1233.6
HRV,Croatia,2023.0,DTPCV3,92.77,PERTUSSIS,1233.6
HRV,Croatia,2023.0,HEPB3,92.15,PERTUSSIS,1233.6
HRV,Croatia,2023.0,HIB3,90.75,PERTUSSIS,1233.6
HRV,Croatia,2023.0,IPV1,98.0,PERTUSSIS,1233.6
HRV,Croatia,2023.0,MCV1,90.05,PERTUSSIS,1233.6
HRV,Croatia,2023.0,MCV2,90.03,PERTUSSIS,1233.6
HRV,Croatia,2023.0,PCV2,92.35,PERTUSSIS,1233.6
HRV,Croatia,2023.0,PCV3,90.23,PERTUSSIS,1233.6
HRV,Croatia,2023.0,PERCV4,90.83,PERTUSSIS,1233.6
HRV,Croatia,2023.0,POL3,92.77,PERTUSSIS,1233.6
HRV,Croatia,2023.0,RCV1,90.05,PERTUSSIS,1233.6
HRV,Croatia,2023.0,TTCV4,90.83,PERTUSSIS,1233.6
HRV,Croatia,2023.0,TTCV6,92.02,PERTUSSIS,1233.6
BTN,Bhutan,1994.0,BCG,96.0,MEASLES,1231.7
BTN,Bhutan,1994.0,DTPCV1,95.0,MEASLES,1231.7
NPL,Nepal,2014.0,BCG,98.97,MUMPS,1229.9
NPL,Nepal,2014.0,DTPCV1,94.02,MUMPS,1229.9
NPL,Nepal,2014.0,DTPCV3,91.91,MUMPS,1229.9
NPL,Nepal,2014.0,HEPB3,91.91,MUMPS,1229.9
NPL,Nepal,2014.0,HIB3,91.91,MUMPS,1229.9
NPL,Nepal,2014.0,POL3,91.84,MUMPS,1229.9
BRN,Brunei Darussalam,1982.0,BCG,99.0,MEASLES,1226.3
BRN,Brunei Darussalam,1982.0,DTPCV1,99.0,MEASLES,1226.3
BRN,Brunei Darussalam,1982.0,DTPCV3,99.0,MEASLES,1226.3
BRN,Brunei Darussalam,1982.0,POL3,99.0,MEASLES,1226.3
DNK,Denmark,1987.0,DTPCV1,97.0,MEASLES,1222.5
DNK,Denmark,1987.0,POL3,99.0,MEASLES,1222.5
RWA,Rwanda,1990.0,DTPCV1,94.0,MEASLES,1216.2
BGR,Bulgaria,1980.0,BCG,99.0,MEASLES,1214.8
BGR,Bulgaria,1980.0,DTPCV1,98.0,MEASLES,1214.8
BGR,Bulgaria,1980.0,DTPCV3,98.0,MEASLES,1214.8
BGR,Bulgaria,1980.0,MCV1,98.0,MEASLES,1214.8
BGR,Bulgaria,1980.0,POL3,99.0,MEASLES,1214.8
LSO,Lesotho,1990.0,DTPCV1,91.0,MEASLES,1212.9
SWE,Sweden,1995.0,DTPCV1,99.0,PERTUSSIS,1207.2
SWE,Sweden,1995.0,DTPCV3,99.0,PERTUSSIS,1207.2
SWE,Sweden,1995.0,HIB3,96.0,PERTUSSIS,1207.2
SWE,Sweden,1995.0,MCV1,96.67,PERTUSSIS,1207.2
SWE,Sweden,1995.0,POL3,99.0,PERTUSSIS,1207.2
SWE,Sweden,1995.0,RCV1,97.0,PERTUSSIS,1207.2
SWE,Sweden,1995.0,TT2PLUS,99.0,PERTUSSIS,1207.2
POL,Poland,2000.0,BCG,95.83,RUBELLA,1207.1
POL,Poland,2000.0,DTPCV1,99.0,RUBELLA,1207.1
POL,Poland,2000.0,DTPCV3,98.07,RUBELLA,1207.1
POL,Poland,2000.0,HEPB3,99.1,RUBELLA,1207.1
POL,Poland,2000.0,HEPB_BD,96.13,RUBELLA,1207.1
POL,Poland,2000.0,MCV1,97.13,RUBELLA,1207.1
POL,Poland,2000.0,MCV2,96.13,RUBELLA,1207.1
POL,Poland,2000.0,POL3,98.07,RUBELLA,1207.1
POL,Poland,2000.0,RCV1,97.0,RUBELLA,1207.1
ROU,Romania,2000.0,BCG,99.35,MUMPS,1203.9
ROU,Romania,2000.0,DTPCV1,99.0,MUMPS,1203.9
ROU,Romania,2000.0,DTPCV3,98.85,MUMPS,1203.9
ROU,Romania,2000.0,HEPB3,98.05,MUMPS,1203.9
ROU,Romania,2000.0,HEPB_BD,99.35,MUMPS,1203.9
ROU,Romania,2000.0,MCV1,97.9,MUMPS,1203.9
ROU,Romania,2000.0,MCV2,96.25,MUMPS,1203.9
ROU,Romania,2000.0,POL3,98.9,MUMPS,1203.9
GAB,Gabon,1992.0,BCG,97.0,MEASLES,1199.0
GAB,Gabon,1992.0,DTPCV1,92.0,MEASLES,1199.0
NOR,Norway,2005.0,DTPCV1,99.0,PERTUSSIS,1197.5
NOR,Norway,2005.0,DTPCV3,91.0,PERTUSSIS,1197.5
NOR,Norway,2005.0,HIB3,91.0,PERTUSSIS,1197.5
NOR,Norway,2005.0,MCV1,90.0,PERTUSSIS,1197.5
NOR,Norway,2005.0,MCV2,91.0,PERTUSSIS,1197.5
NOR,Norway,2005.0,POL3,91.0,PERTUSSIS,1197.5
NOR,Norway,2005.0,RCV1,90.0,PERTUSSIS,1197.5
MDA,Republic of Moldova,2002.0,BCG,99.0,MEASLES,1189.7
MDA,Republic of Moldova,2002.0,DTPCV1,95.67,MEASLES,1189.7
MDA,Republic of Moldova,2002.0,DTPCV3,97.07,MEASLES,1189.7
MDA,Republic of Moldova,2002.0,HEPB3,98.9,MEASLES,1189.7
MDA,Republic of Moldova,2002.0,HEPB_BD,99.0,MEASLES,1189.7
MDA,Republic of Moldova,2002.0,MCV1,94.0,MEASLES,1189.7
MDA,Republic of Moldova,2002.0,POL3,98.2,MEASLES,1189.7
MDA,Republic of Moldova,2002.0,RCV1,94.0,MEASLES,1189.7
GEO,Georgia,2004.0,BCG,90.93,RUBELLA,1185.6
PHL,Philippines,1988.0,BCG,95.0,MEASLES,1185.2
PHL,Philippines,1988.0,DTPCV1,92.0,MEASLES,1185.2
KEN,Kenya,2022.0,DTPCV1,93.17,TYPHOID,1183.9
KEN,Kenya,2022.0,HEPB3,94.0,TYPHOID,1183.9
KEN,Kenya,2022.0,HIB3,94.0,TYPHOID,1183.9
KEN,Kenya,2022.0,VAD1,100.0,TYPHOID,1183.9
PRT,Portugal,1989.0,DTPCV1,96.0,MEASLES,1178.9
PRT,Portugal,1989.0,MCV1,96.0,MEASLES,1178.9
PRT,Portugal,1989.0,RCV1,96.0,MEASLES,1178.9
UKR,Ukraine,2018.0,BCG,90.03,MEASLES,1177.2
UKR,Ukraine,2018.0,IPV1,92.27,MEASLES,1177.2
UKR,Ukraine,2018.0,MCV1,91.0,MEASLES,1177.2
UKR,Ukraine,2018.0,RCV1,91.0,MEASLES,1177.2
GHA,Ghana,2000.0,BCG,95.83,MEASLES,1174.7
PNG,Papua New Guinea,1990.0,BCG,91.0,MEASLES,1174.1
PNG,Papua New Guinea,1990.0,DTPCV1,97.0,MEASLES,1174.1
SWE,Sweden,1983.0,DTPCV1,99.0,PERTUSSIS,1174.0
SWE,Sweden,1983.0,DTPCV3,99.0,PERTUSSIS,1174.0
SWE,Sweden,1983.0,MCV1,91.0,PERTUSSIS,1174.0
SWE,Sweden,1983.0,POL3,98.33,PERTUSSIS,1174.0
SWE,Sweden,1983.0,RCV1,93.0,PERTUSSIS,1174.0
GNB,Guinea-Bissau,1988.0,DTPCV1,95.0,MEASLES,1170.8
FJI,Fiji,1984.0,BCG,94.0,MEASLES,1170.2
FJI,Fiji,1984.0,DTPCV1,91.0,MEASLES,1170.2
MAR,Morocco,1987.0,DTPCV1,95.0,MEASLES,1154.7
DMA,Dominica,1987.0,BCG,98.0,MEASLES,1154.6
DMA,Dominica,1987.0,DTPCV1,98.0,MEASLES,1154.6
DMA,Dominica,1987.0,DTPCV3,95.0,MEASLES,1154.6
DMA,Dominica,1987.0,POL3,95.0,MEASLES,1154.6
CHE,Switzerland,1988.0,DTPCV1,96.0,MEASLES,1152.5
CHE,Switzerland,1988.0,DTPCV3,90.0,MEASLES,1152.5
CHE,Switzerland,1988.0,POL3,95.0,MEASLES,1152.5
KAZ,Kazakhstan,2003.0,BCG,99.5,RUBELLA,1151.9
KAZ,Kazakhstan,2003.0,DTPCV1,99.5,RUBELLA,1151.9
KAZ,Kazakhstan,2003.0,DTPCV3,99.27,RUBELLA,1151.9
KAZ,Kazakhstan,2003.0,HEPB3,99.67,RUBELLA,1151.9
KAZ,Kazakhstan,2003.0,HEPB_BD,99.67,RUBELLA,1151.9
KAZ,Kazakhstan,2003.0,MCV1,99.33,RUBELLA,1151.9
KAZ,Kazakhstan,2003.0,MCV2,99.67,RUBELLA,1151.9
KAZ,Kazakhstan,2003.0,POL3,99.67,RUBELLA,1151.9
NOR,Norway,2009.0,BCG,91.0,PERTUSSIS,1148.6
NOR,Norway,2009.0,DTPCV1,99.0,PERTUSSIS,1148.6
NOR,Norway,2009.0,DTPCV3,94.0,PERTUSSIS,1148.6
NOR,Norway,2009.0,HIB3,95.0,PERTUSSIS,1148.6
NOR,Norway,2009.0,MCV1,93.0,PERTUSSIS,1148.6
NOR,Norway,2009.0,MCV2,96.0,PERTUSSIS,1148.6
NOR,Norway,2009.0,PCV3,91.0,PERTUSSIS,1148.6
NOR,Norway,2009.0,POL3,94.0,PERTUSSIS,1148.6
NOR,Norway,2009.0,RCV1,92.33,PERTUSSIS,1148.6
FJI,Fiji,2006.0,BCG,95.0,MUMPS,1145.6
FJI,Fiji,2006.0,HEPB_BD,94.0,MUMPS,1145.6
FJI,Fiji,2006.0,MCV1,97.33,MUMPS,1145.6
FJI,Fiji,2006.0,MCV2,97.0,MUMPS,1145.6
FJI,Fiji,2006.0,PAB,93.0,MUMPS,1145.6
FJI,Fiji,2006.0,RCV1,96.0,MUMPS,1145.6
CHE,Switzerland,2014.0,DTPCV1,97.0,PERTUSSIS,1141.5
CHE,Switzerland,2014.0,DTPCV3,95.62,PERTUSSIS,1141.5
CHE,Switzerland,2014.0,HIB3,94.9,PERTUSSIS,1141.5
CHE,Switzerland,2014.0,MCV1,94.0,PERTUSSIS,1141.5
CHE,Switzerland,2014.0,POL3,95.88,PERTUSSIS,1141.5
CHE,Switzerland,2014.0,RCV1,93.16,PERTUSSIS,1141.5
ZWE,Zimbabwe,1997.0,DTPCV1,95.0,MEASLES,1140.8
ITA,Italy,1992.0,DTPCV1,98.0,MEASLES,1138.1
ITA,Italy,1992.0,HEPB3,95.0,MEASLES,1138.1
ITA,Italy,1992.0,POL3,97.0,MEASLES,1138.1
TGO,Togo,1990.0,BCG,99.67,MEASLES,1137.4
TGO,Togo,1990.0,DTPCV1,90.0,MEASLES,1137.4
COK,Cook Islands,2003.0,BCG,99.67,MEASLES,1131.3
COK,Cook Islands,2003.0,DTPCV1,96.0,MEASLES,1131.3
COK,Cook Islands,2003.0,DTPCV3,96.0,MEASLES,1131.3
COK,Cook Islands,2003.0,HEPB3,93.67,MEASLES,1131.3
COK,Cook Islands,2003.0,HEPB_BD,99.0,MEASLES,1131.3
COK,Cook Islands,2003.0,MCV1,99.5,MEASLES,1131.3
COK,Cook Islands,2003.0,MCV2,90.33,MEASLES,1131.3
COK,Cook Islands,2003.0,POL3,95.0,MEASLES,1131.3
CHE,Switzerland,1987.0,DTPCV1,96.0,MEASLES,1130.5
CHE,Switzerland,1987.0,DTPCV3,90.0,MEASLES,1130.5
CHE,Switzerland,1987.0,POL3,97.0,MEASLES,1130.5
FRA,France,1996.0,DTPCV1,98.0,MEASLES,1130.5
FRA,France,1996.0,DTPCV3,97.0,MEASLES,1130.5
FRA,France,1996.0,POL3,97.0,MEASLES,1130.5
FRA,France,1996.0,TT2PLUS,97.0,MEASLES,1130.5
SWE,Sweden,1992.0,DTPCV1,99.0,PERTUSSIS,1128.6
SWE,Sweden,1992.0,DTPCV3,99.0,PERTUSSIS,1128.6
SWE,Sweden,1992.0,HIB3,90.0,PERTUSSIS,1128.6
SWE,Sweden,1992.0,MCV1,96.0,PERTUSSIS,1128.6
SWE,Sweden,1992.0,POL3,99.0,PERTUSSIS,1128.6
SWE,Sweden,1992.0,RCV1,96.0,PERTUSSIS,1128.6
SWE,Sweden,1992.0,TT2PLUS,99.0,PERTUSSIS,1128.6
MNG,Mongolia,2001.0,BCG,98.0,MUMPS,1128.1
MNG,Mongolia,2001.0,DTPCV1,95.0,MUMPS,1128.1
MNG,Mongolia,2001.0,DTPCV3,95.0,MUMPS,1128.1
MNG,Mongolia,2001.0,HEPB3,95.0,MUMPS,1128.1
MNG,Mongolia,2001.0,HEPB_BD,98.05,MUMPS,1128.1
MNG,Mongolia,2001.0,MCV1,95.03,MUMPS,1128.1
MNG,Mongolia,2001.0,MCV2,94.9,MUMPS,1128.1
MNG,Mongolia,2001.0,POL3,95.0,MUMPS,1128.1
ZMB,Zambia,2010.0,BCG,92.7,MEASLES,1128.1
ZMB,Zambia,2010.0,DTPCV1,92.07,MEASLES,1128.1
ZMB,Zambia,2010.0,MCV1,96.63,MEASLES,1128.1
PHL,Philippines,1989.0,BCG,96.0,MEASLES,1126.0
PHL,Philippines,1989.0,DTPCV1,95.0,MEASLES,1126.0
BEL,Belgium,1994.0,DTPCV1,98.0,MEASLES,1121.6
BEL,Belgium,1994.0,DTPCV3,96.0,MEASLES,1121.6
BEL,Belgium,1994.0,POL3,93.0,MEASLES,1121.6
GMB,Gambia,1997.0,BCG,99.0,MEASLES,1120.3
GMB,Gambia,1997.0,DTPCV1,98.0,MEASLES,1120.3
GMB,Gambia,1997.0,DTPCV3,96.0,MEASLES,1120.3
GMB,Gambia,1997.0,HEPB3,94.0,MEASLES,1120.3
GMB,Gambia,1997.0,HEPB_BD,94.0,MEASLES,1120.3
GMB,Gambia,1997.0,MCV1,91.0,MEASLES,1120.3
GMB,Gambia,1997.0,PAB,91.0,MEASLES,1120.3
GMB,Gambia,1997.0,POL3,99.0,MEASLES,1120.3
FIN,Finland,1982.0,BCG,90.0,MEASLES,1119.1
FIN,Finland,1982.0,DTPCV1,97.0,MEASLES,1119.1
FIN,Finland,1982.0,DTPCV3,94.0,MEASLES,1119.1
UGA,Uganda,2003.0,BCG,93.0,MEASLES,1116.8
UGA,Uganda,2003.0,DTPCV1,92.67,MEASLES,1116.8
LVA,Latvia,2002.0,BCG,99.33,RUBELLA,1115.4
LVA,Latvia,2002.0,DTPCV1,99.33,RUBELLA,1115.4
LVA,Latvia,2002.0,DTPCV3,97.0,RUBELLA,1115.4
LVA,Latvia,2002.0,HEPB3,96.0,RUBELLA,1115.4
LVA,Latvia,2002.0,HEPB_BD,98.6,RUBELLA,1115.4
LVA,Latvia,2002.0,MCV1,97.33,RUBELLA,1115.4
LVA,Latvia,2002.0,MCV2,94.67,RUBELLA,1115.4
LVA,Latvia,2002.0,POL3,98.0,RUBELLA,1115.4
LVA,Latvia,2002.0,RCV1,98.0,RUBELLA,1115.4
ISL,Iceland,1982.0,DTPCV1,98.0,PERTUSSIS,1103.3
ISL,Iceland,1982.0,DTPCV3,98.0,PERTUSSIS,1103.3
ISL,Iceland,1982.0,POL3,98.0,PERTUSSIS,1103.3
ARM,Armenia,2000.0,BCG,96.87,MUMPS,1097.7
ARM,Armenia,2000.0,DTPCV1,97.0,MUMPS,1097.7
ARM,Armenia,2000.0,DTPCV3,93.2,MUMPS,1097.7
ARM,Armenia,2000.0,HEPB_BD,96.87,MUMPS,1097.7
ARM,Armenia,2000.0,MCV1,91.73,MUMPS,1097.7
ARM,Armenia,2000.0,MCV2,93.67,MUMPS,1097.7
ARM,Armenia,2000.0,POL3,95.97,MUMPS,1097.7
SRB,Serbia,1987.0,DTPCV3,90.0,MEASLES,1095.6
SRB,Serbia,1987.0,MCV1,92.0,MEASLES,1095.6
SRB,Serbia,1987.0,POL3,90.0,MEASLES,1095.6
NPL,Nepal,2016.0,BCG,91.15,MUMPS,1095.0
NPL,Nepal,2016.0,DTPCV1,91.02,MUMPS,1095.0
SYR,Syrian Arab Republic,2001.0,BCG,97.0,MUMPS,1093.8
SYR,Syrian Arab Republic,2001.0,DTPCV1,95.33,MUMPS,1093.8
SYR,Syrian Arab Republic,2001.0,DTPCV3,90.67,MUMPS,1093.8
SYR,Syrian Arab Republic,2001.0,HEPB_BD,98.0,MUMPS,1093.8
SYR,Syrian Arab Republic,2001.0,HIB3,91.33,MUMPS,1093.8
SYR,Syrian Arab Republic,2001.0,MCV2,91.67,MUMPS,1093.8
SYR,Syrian Arab Republic,2001.0,PAB,90.0,MUMPS,1093.8
SYR,Syrian Arab Republic,2001.0,POL3,91.0,MUMPS,1093.8
SYR,Syrian Arab Republic,2001.0,VAD1,93.0,MUMPS,1093.8
BHR,Bahrain,1983.0,DTPCV1,94.0,MEASLES,1093.1
KWT,Kuwait,1985.0,DTPCV1,96.0,MEASLES,1088.0
KWT,Kuwait,1985.0,DTPCV3,90.0,MEASLES,1088.0
KWT,Kuwait,1985.0,MCV1,91.0,MEASLES,1088.0
KWT,Kuwait,1985.0,POL3,91.0,MEASLES,1088.0
BLR,Belarus,2001.0,BCG,99.15,MUMPS,1082.5
BLR,Belarus,2001.0,DTPCV1,99.0,MUMPS,1082.5
BLR,Belarus,2001.0,DTPCV3,99.15,MUMPS,1082.5
BLR,Belarus,2001.0,HEPB3,93.2,MUMPS,1082.5
BLR,Belarus,2001.0,MCV1,98.95,MUMPS,1082.5
BLR,Belarus,2001.0,MCV2,97.2,MUMPS,1082.5
BLR,Belarus,2001.0,POL3,99.15,MUMPS,1082.5
BLR,Belarus,2001.0,RCV1,99.0,MUMPS,1082.5
IRQ,Iraq,1999.0,DTPCV1,93.5,MUMPS,1081.1
IRQ,Iraq,1999.0,MCV1,92.67,MUMPS,1081.1
MDA,Republic of Moldova,2001.0,BCG,99.0,RUBELLA,1076.0
MDA,Republic of Moldova,2001.0,DTPCV1,97.0,RUBELLA,1076.0
MDA,Republic of Moldova,2001.0,DTPCV3,97.0,RUBELLA,1076.0
MDA,Republic of Moldova,2001.0,HEPB3,94.0,RUBELLA,1076.0
MDA,Republic of Moldova,2001.0,HEPB_BD,91.0,RUBELLA,1076.0
MDA,Republic of Moldova,2001.0,MCV1,94.0,RUBELLA,1076.0
MDA,Republic of Moldova,2001.0,POL3,98.0,RUBELLA,1076.0
LBY,Libya,1985.0,DTPCV1,93.0,MEASLES,1075.5
NAM,Namibia,1995.0,BCG,92.67,MEASLES,1075.4
NAM,Namibia,1995.0,DTPCV1,90.0,MEASLES,1075.4
NZL,New Zealand,2000.0,DTPCV1,91.4,PERTUSSIS,1074.0
STP,Sao Tome and Principe,1991.0,BCG,99.67,PERTUSSIS,1074.0
STP,Sao Tome and Principe,1991.0,DTPCV1,95.0,PERTUSSIS,1074.0
BOL,Bolivia (Plurinational State of),2008.0,DTPCV1,90.07,MUMPS,1072.6
BOL,Bolivia (Plurinational State of),2008.0,ROTA1,94.52,MUMPS,1072.6
NRU,Nauru,2012.0,BCG,99.67,MEASLES,1071.4
NRU,Nauru,2012.0,DTPCV1,98.0,MEASLES,1071.4
NRU,Nauru,2012.0,HEPB_BD,99.67,MEASLES,1071.4
NRU,Nauru,2012.0,MCV1,96.0,MEASLES,1071.4
NRU,Nauru,2012.0,RCV1,96.0,MEASLES,1071.4
PAN,Panama,1980.0,BCG,99.67,MEASLES,1070.7
BFA,Burkina Faso,1990.0,BCG,95.0,MEASLES,1070.4
BFA,Burkina Faso,1990.0,DTPCV1,92.0,MEASLES,1070.4
JPN,Japan,2011.0,BCG,93.93,MUMPS,1070.0
JPN,Japan,2011.0,DTPCV1,99.0,MUMPS,1070.0
JPN,Japan,2011.0,DTPCV3,97.0,MUMPS,1070.0
JPN,Japan,2011.0,HIB3,99.0,MUMPS,1070.0
JPN,Japan,2011.0,MCV1,93.78,MUMPS,1070.0
JPN,Japan,2011.0,MCV2,92.15,MUMPS,1070.0
JPN,Japan,2011.0,PCV3,98.0,MUMPS,1070.0
JPN,Japan,2011.0,POL3,96.0,MUMPS,1070.0
JPN,Japan,2011.0,RCV1,93.78,MUMPS,1070.0
OMN,Oman,2002.0,BCG,98.05,MUMPS,1068.4
OMN,Oman,2002.0,DTPCV1,98.43,MUMPS,1068.4
OMN,Oman,2002.0,DTPCV3,98.73,MUMPS,1068.4
OMN,Oman,2002.0,HEPB3,99.66,MUMPS,1068.4
OMN,Oman,2002.0,HEPB_BD,97.88,MUMPS,1068.4
OMN,Oman,2002.0,HIB3,97.0,MUMPS,1068.4
OMN,Oman,2002.0,MCV1,99.0,MUMPS,1068.4
OMN,Oman,2002.0,MCV2,98.28,MUMPS,1068.4
OMN,Oman,2002.0,PAB,94.0,MUMPS,1068.4
OMN,Oman,2002.0,POL3,99.66,MUMPS,1068.4
OMN,Oman,2002.0,RCV1,99.0,MUMPS,1068.4
OMN,Oman,2002.0,VAD1,98.68,MUMPS,1068.4
NZL,New Zealand,2001.0,DTPCV1,91.4,PERTUSSIS,1064.6
BTN,Bhutan,2016.0,BCG,98.67,MUMPS,1063.0
BTN,Bhutan,2016.0,DTPCV1,98.33,MUMPS,1063.0
BTN,Bhutan,2016.0,DTPCV3,97.33,MUMPS,1063.0
BTN,Bhutan,2016.0,HEPB3,97.33,MUMPS,1063.0
BTN,Bhutan,2016.0,HEPB_BDALL,100.0,MUMPS,1063.0
BTN,Bhutan,2016.0,HIB3,97.33,MUMPS,1063.0
BTN,Bhutan,2016.0,IPV1,92.67,MUMPS,1063.0
BTN,Bhutan,2016.0,MCV1,97.33,MUMPS,1063.0
BTN,Bhutan,2016.0,MCV2,92.33,MUMPS,1063.0
BTN,Bhutan,2016.0,POL3,94.67,MUMPS,1063.0
BTN,Bhutan,2016.0,PRHPV1_F,96.0,MUMPS,1063.0
BTN,Bhutan,2016.0,PRHPVC_F,95.0,MUMPS,1063.0
BTN,Bhutan,2016.0,RCV1,97.33,MUMPS,1063.0
BTN,Bhutan,2016.0,VAD1,91.0,MUMPS,1063.0
NPL,Nepal,2010.0,BCG,94.0,MUMPS,1061.4
NPL,Nepal,2010.0,VAD1,97.0,MUMPS,1061.4
POL,Poland,2002.0,BCG,95.03,RUBELLA,1059.9
POL,Poland,2002.0,DTPCV1,99.0,RUBELLA,1059.9
POL,Poland,2002.0,DTPCV3,98.87,RUBELLA,1059.9
POL,Poland,2002.0,HEPB3,97.87,RUBELLA,1059.9
POL,Poland,2002.0,HEPB_BD,95.73,RUBELLA,1059.9
POL,Poland,2002.0,MCV1,97.87,RUBELLA,1059.9
POL,Poland,2002.0,MCV2,96.87,RUBELLA,1059.9
POL,Poland,2002.0,POL3,97.97,RUBELLA,1059.9
POL,Poland,2002.0,RCV1,98.0,RUBELLA,1059.9
MNG,Mongolia,1983.0,DTPCV1,92.0,MEASLES,1057.9
NPL,Nepal,2013.0,BCG,97.65,MUMPS,1056.0
NPL,Nepal,2013.0,DTPCV1,93.9,MUMPS,1056.0
NPL,Nepal,2013.0,DTPCV3,92.26,MUMPS,1056.0
NPL,Nepal,2013.0,HEPB3,92.26,MUMPS,1056.0
NPL,Nepal,2013.0,HIB3,92.26,MUMPS,1056.0
NPL,Nepal,2013.0,POL3,92.24,MUMPS,1056.0
NPL,Nepal,2013.0,VAD1,98.09,MUMPS,1056.0
NPL,Nepal,2018.0,BCG,94.68,MUMPS,1054.6
NPL,Nepal,2018.0,DTPCV1,93.44,MUMPS,1054.6
ZMB,Zambia,2008.0,BCG,91.0,MUMPS,1054.3
ZMB,Zambia,2008.0,DTPCV1,95.0,MUMPS,1054.3
ZMB,Zambia,2008.0,DTPCV3,92.33,MUMPS,1054.3
ZMB,Zambia,2008.0,HEPB3,92.33,MUMPS,1054.3
ZMB,Zambia,2008.0,HIB3,92.33,MUMPS,1054.3
ZMB,Zambia,2008.0,POL3,94.67,MUMPS,1054.3
ZMB,Zambia,2008.0,VAD1,96.05,MUMPS,1054.3
ROU,Romania,1997.0,BCG,99.0,MEASLES,1052.1
ROU,Romania,1997.0,DTPCV1,99.0,MEASLES,1052.1
ROU,Romania,1997.0,DTPCV3,97.0,MEASLES,1052.1
ROU,Romania,1997.0,HEPB3,99.33,MEASLES,1052.1
ROU,Romania,1997.0,MCV1,97.0,MEASLES,1052.1
ROU,Romania,1997.0,POL3,97.1,MEASLES,1052.1
ROU,Romania,1997.0,TT2PLUS,97.0,MEASLES,1052.1
MDV,Maldives,2007.0,BCG,98.67,MUMPS,1050.9
MDV,Maldives,2007.0,DTPCV1,99.0,MUMPS,1050.9
MDV,Maldives,2007.0,DTPCV3,98.0,MUMPS,1050.9
MDV,Maldives,2007.0,HEPB3,98.0,MUMPS,1050.9
MDV,Maldives,2007.0,HEPB_BD,99.0,MUMPS,1050.9
MDV,Maldives,2007.0,MCV1,97.0,MUMPS,1050.9
MDV,Maldives,2007.0,PAB,94.0,MUMPS,1050.9
MDV,Maldives,2007.0,POL3,98.0,MUMPS,1050.9
MDV,Maldives,2007.0,TT2PLUS,96.0,MUMPS,1050.9
BEL,Belgium,1995.0,DTPCV1,97.0,MEASLES,1050.6
BEL,Belgium,1995.0,DTPCV3,94.0,MEASLES,1050.6
BEL,Belgium,1995.0,POL3,92.0,MEASLES,1050.6
BEL,Belgium,1995.0,TT2PLUS,94.0,MEASLES,1050.6
ZMB,Zambia,1996.0,BCG,98.67,MEASLES,1050.5
ZMB,Zambia,1996.0,DTPCV1,94.0,MEASLES,1050.5
ZMB,Zambia,1996.0,MCV1,90.67,MEASLES,1050.5
GBR,United Kingdom of Great Britain and Northern Ireland,2005.0,DTPCV1,97.0,MUMPS,1048.3
GBR,United Kingdom of Great Britain and Northern Ireland,2005.0,DTPCV3,91.0,MUMPS,1048.3
GBR,United Kingdom of Great Britain and Northern Ireland,2005.0,HIB3,91.0,MUMPS,1048.3
GBR,United Kingdom of Great Britain and Northern Ireland,2005.0,POL3,91.0,MUMPS,1048.3
POL,Poland,2002.0,BCG,95.03,MUMPS,1045.7
POL,Poland,2002.0,DTPCV1,99.0,MUMPS,1045.7
POL,Poland,2002.0,DTPCV3,98.87,MUMPS,1045.7
POL,Poland,2002.0,HEPB3,97.87,MUMPS,1045.7
POL,Poland,2002.0,HEPB_BD,95.73,MUMPS,1045.7
POL,Poland,2002.0,MCV1,97.87,MUMPS,1045.7
POL,Poland,2002.0,MCV2,96.87,MUMPS,1045.7
POL,Poland,2002.0,POL3,97.97,MUMPS,1045.7
POL,Poland,2002.0,RCV1,98.0,MUMPS,1045.7
CHE,Switzerland,2017.0,DTPCV1,97.87,PERTUSSIS,1044.9
CHE,Switzerland,2017.0,DTPCV3,96.17,PERTUSSIS,1044.9
CHE,Switzerland,2017.0,HIB3,95.13,PERTUSSIS,1044.9
CHE,Switzerland,2017.0,IPV1,97.27,PERTUSSIS,1044.9
CHE,Switzerland,2017.0,MCV1,95.07,PERTUSSIS,1044.9
CHE,Switzerland,2017.0,POL3,96.33,PERTUSSIS,1044.9
CHE,Switzerland,2017.0,RCV1,94.92,PERTUSSIS,1044.9
IRL,Ireland,1985.0,POL3,90.0,PERTUSSIS,1044.7
JPN,Japan,2000.0,BCG,96.0,MUMPS,1044.3
JPN,Japan,2000.0,DTPCV1,94.0,MUMPS,1044.3
JPN,Japan,2000.0,MCV1,96.2,MUMPS,1044.3
JPN,Japan,2000.0,POL3,98.25,MUMPS,1044.3
JPN,Japan,2000.0,RCV1,96.0,MUMPS,1044.3
JPN,Japan,2001.0,DTPCV1,99.33,MUMPS,1044.1
JPN,Japan,2001.0,DTPCV3,95.0,MUMPS,1044.1
JPN,Japan,2001.0,MCV1,98.0,MUMPS,1044.1
JPN,Japan,2001.0,RCV1,98.0,MUMPS,1044.1
AUS,Australia,2012.0,DTPCV1,92.1,PERTUSSIS,1043.9
AUS,Australia,2012.0,DTPCV3,92.13,PERTUSSIS,1043.9
AUS,Australia,2012.0,HEPB3,91.54,PERTUSSIS,1043.9
AUS,Australia,2012.0,HIB3,92.02,PERTUSSIS,1043.9
AUS,Australia,2012.0,MCV1,94.14,PERTUSSIS,1043.9
AUS,Australia,2012.0,MCV2,91.13,PERTUSSIS,1043.9
AUS,Australia,2012.0,PCV1,90.92,PERTUSSIS,1043.9
AUS,Australia,2012.0,PCV2,90.92,PERTUSSIS,1043.9
AUS,Australia,2012.0,PCV3,90.95,PERTUSSIS,1043.9
AUS,Australia,2012.0,POL3,92.09,PERTUSSIS,1043.9
AUS,Australia,2012.0,RCV1,94.14,PERTUSSIS,1043.9
BGR,Bulgaria,1981.0,BCG,98.0,MEASLES,1039.5
BGR,Bulgaria,1981.0,DTPCV1,99.0,MEASLES,1039.5
BGR,Bulgaria,1981.0,DTPCV3,98.33,MEASLES,1039.5
BGR,Bulgaria,1981.0,MCV1,98.0,MEASLES,1039.5
BGR,Bulgaria,1981.0,POL3,98.67,MEASLES,1039.5
GMB,Gambia,1985.0,BCG,92.0,TTETANUS,1035.1
GMB,Gambia,1985.0,DTPCV1,90.0,TTETANUS,1035.1
SLB,Solomon Islands,1990.0,DTPCV1,91.0,MEASLES,1034.9
VUT,Vanuatu,1992.0,DTPCV1,91.0,PERTUSSIS,1034.6
LSO,Lesotho,1988.0,DTPCV1,90.0,MEASLES,1032.9
LSO,Lesotho,1988.0,POL3,91.07,MEASLES,1032.9
ROU,Romania,2012.0,BCG,98.73,RUBELLA,1032.4
ROU,Romania,2012.0,DTPCV1,95.0,RUBELLA,1032.4
ROU,Romania,2012.0,DTPCV3,91.0,RUBELLA,1032.4
ROU,Romania,2012.0,HEPB3,96.0,RUBELLA,1032.4
ROU,Romania,2012.0,HEPB_BD,99.27,RUBELLA,1032.4
ROU,Romania,2012.0,HIB3,92.0,RUBELLA,1032.4
ROU,Romania,2012.0,MCV1,93.8,RUBELLA,1032.4
ROU,Romania,2012.0,MCV2,90.0,RUBELLA,1032.4
ROU,Romania,2012.0,POL3,92.05,RUBELLA,1032.4
ROU,Romania,2012.0,RCV1,93.8,RUBELLA,1032.4
GEO,Georgia,2019.0,BCG,96.0,MEASLES,1031.9
GEO,Georgia,2019.0,DIPHCV4,93.0,MEASLES,1031.9
GEO,Georgia,2019.0,DIPHCV5,93.0,MEASLES,1031.9
GEO,Georgia,2019.0,DTPCV1,99.67,MEASLES,1031.9
GEO,Georgia,2019.0,DTPCV3,94.0,MEASLES,1031.9
GEO,Georgia,2019.0,HEPB3,94.0,MEASLES,1031.9
GEO,Georgia,2019.0,HEPB_BD,94.0,MEASLES,1031.9
GEO,Georgia,2019.0,HEPB_BDALL,96.0,MEASLES,1031.9
GEO,Georgia,2019.0,HIB3,94.0,MEASLES,1031.9
GEO,Georgia,2019.0,IPV1,99.67,MEASLES,1031.9
GEO,Georgia,2019.0,MCV1,99.67,MEASLES,1031.9
GEO,Georgia,2019.0,MCV2,97.0,MEASLES,1031.9
GEO,Georgia,2019.0,PCV1,98.0,MEASLES,1031.9
GEO,Georgia,2019.0,PERCV4,93.0,MEASLES,1031.9
GEO,Georgia,2019.0,POL3,94.0,MEASLES,1031.9
GEO,Georgia,2019.0,RCV1,99.67,MEASLES,1031.9
GEO,Georgia,2019.0,TTCV4,93.0,MEASLES,1031.9
GEO,Georgia,2019.0,TTCV5,93.0,MEASLES,1031.9
SWZ,Eswatini,1986.0,DTPCV1,90.0,PERTUSSIS,1028.9
MWI,Malawi,1997.0,BCG,99.67,MEASLES,1026.8
MWI,Malawi,1997.0,DTPCV1,98.0,MEASLES,1026.8
MWI,Malawi,1997.0,DTPCV3,95.0,MEASLES,1026.8
MWI,Malawi,1997.0,POL3,94.0,MEASLES,1026.8
NPL,Nepal,2009.0,BCG,91.0,MUMPS,1026.0
NPL,Nepal,2009.0,DTPCV1,90.33,MUMPS,1026.0
MNG,Mongolia,1989.0,BCG,92.0,MEASLES,1024.4
MNG,Mongolia,1989.0,DTPCV1,94.0,MEASLES,1024.4
KEN,Kenya,2020.0,BCG,91.26,MUMPS,1022.4
KEN,Kenya,2020.0,DTPCV1,91.27,MUMPS,1022.4
FJI,Fiji,1997.0,BCG,95.0,MEASLES,1019.5
FJI,Fiji,1997.0,DTPCV1,95.0,MEASLES,1019.5
FJI,Fiji,1997.0,HEPB3,98.0,MEASLES,1019.5
FJI,Fiji,1997.0,HIB3,98.0,MEASLES,1019.5
FJI,Fiji,1997.0,TT2PLUS,90.0,MEASLES,1019.5
DNK,Denmark,2023.0,15HPV1_F,92.0,PERTUSSIS,1018.6
DNK,Denmark,2023.0,15HPV1_M,90.0,PERTUSSIS,1018.6
DNK,Denmark,2023.0,DIPHCV4,93.34,PERTUSSIS,1018.6
DNK,Denmark,2023.0,DTPCV1,97.61,PERTUSSIS,1018.6
DNK,Denmark,2023.0,DTPCV3,96.93,PERTUSSIS,1018.6
DNK,Denmark,2023.0,HIB3,96.93,PERTUSSIS,1018.6
DNK,Denmark,2023.0,IPV1,97.61,PERTUSSIS,1018.6
DNK,Denmark,2023.0,MCV1,94.54,PERTUSSIS,1018.6
DNK,Denmark,2023.0,MCV2,93.08,PERTUSSIS,1018.6
DNK,Denmark,2023.0,PCV1,97.32,PERTUSSIS,1018.6
DNK,Denmark,2023.0,PCV2,97.16,PERTUSSIS,1018.6
DNK,Denmark,2023.0,PCV3,96.75,PERTUSSIS,1018.6
DNK,Denmark,2023.0,PERCV4,93.34,PERTUSSIS,1018.6
DNK,Denmark,2023.0,POL3,96.93,PERTUSSIS,1018.6
DNK,Denmark,2023.0,PRHPV1_F,90.0,PERTUSSIS,1018.6
DNK,Denmark,2023.0,RCV1,94.54,PERTUSSIS,1018.6
DNK,Denmark,2023.0,TTCV4,93.34,PERTUSSIS,1018.6
TZA,United Republic of Tanzania,1991.0,BCG,95.67,MEASLES,1015.2
TZA,United Republic of Tanzania,1991.0,DTPCV1,93.0,MEASLES,1015.2
HND,Honduras,2019.0,PAB,99.0,MUMPS,1014.0
HND,Honduras,2019.0,YFV,100.0,MUMPS,1014.0
ESP,Spain,1984.0,DTPCV1,98.0,MEASLES,1012.4
ESP,Spain,1984.0,DTPCV3,95.0,MEASLES,1012.4
ESP,Spain,1984.0,POL3,91.0,MEASLES,1012.4
VUT,Vanuatu,1993.0,BCG,96.0,PERTUSSIS,1009.6
VUT,Vanuatu,1993.0,DTPCV1,95.0,PERTUSSIS,1009.6
KAZ,Kazakhstan,2005.0,DTPCV1,99.67,MEASLES,1009.4
KAZ,Kazakhstan,2005.0,DTPCV3,98.07,MEASLES,1009.4
KAZ,Kazakhstan,2005.0,HEPB3,95.97,MEASLES,1009.4
KAZ,Kazakhstan,2005.0,HEPB_BD,98.0,MEASLES,1009.4
KAZ,Kazakhstan,2005.0,MCV1,99.67,MEASLES,1009.4
KAZ,Kazakhstan,2005.0,MCV2,96.27,MEASLES,1009.4
KAZ,Kazakhstan,2005.0,POL3,99.5,MEASLES,1009.4
KAZ,Kazakhstan,2005.0,RCV1,99.0,MEASLES,1009.4
STP,Sao Tome and Principe,1988.0,DTPCV1,91.0,MEASLES,1009.1
IRQ,Iraq,2009.0,BCG,92.0,MEASLES,1009.0
IRQ,Iraq,2009.0,DTPCV1,95.8,MEASLES,1009.0
IRQ,Iraq,2009.0,MCV1,91.33,MEASLES,1009.0
GUM,Guam,2011.0,HEPB_BDALL,100.0,PERTUSSIS,1008.7
POL,Poland,2013.0,BCG,92.77,RUBELLA,1007.5
POL,Poland,2013.0,DTPCV1,99.0,RUBELLA,1007.5
POL,Poland,2013.0,DTPCV3,98.73,RUBELLA,1007.5
POL,Poland,2013.0,HEPB3,96.27,RUBELLA,1007.5
POL,Poland,2013.0,HEPB_BD,99.0,RUBELLA,1007.5
POL,Poland,2013.0,HIB3,98.8,RUBELLA,1007.5
POL,Poland,2013.0,MCV1,97.67,RUBELLA,1007.5
POL,Poland,2013.0,MCV2,93.13,RUBELLA,1007.5
POL,Poland,2013.0,POL3,94.93,RUBELLA,1007.5
POL,Poland,2013.0,RCV1,97.67,RUBELLA,1007.5
POL,Poland,2013.0,ROTA1,98.0,RUBELLA,1007.5
RUS,Russian Federation,2004.0,BCG,96.07,RUBELLA,1007.2
RUS,Russian Federation,2004.0,DTPCV1,97.0,RUBELLA,1007.2
RUS,Russian Federation,2004.0,DTPCV3,97.27,RUBELLA,1007.2
RUS,Russian Federation,2004.0,HEPB3,96.07,RUBELLA,1007.2
RUS,Russian Federation,2004.0,MCV1,98.27,RUBELLA,1007.2
RUS,Russian Federation,2004.0,MCV2,96.83,RUBELLA,1007.2
RUS,Russian Federation,2004.0,POL3,97.93,RUBELLA,1007.2
RUS,Russian Federation,2004.0,RCV1,93.99,RUBELLA,1007.2
RUS,Russian Federation,2005.0,BCG,97.0,RUBELLA,1002.7
RUS,Russian Federation,2005.0,DTPCV1,99.0,RUBELLA,1002.7
RUS,Russian Federation,2005.0,DTPCV3,98.0,RUBELLA,1002.7
RUS,Russian Federation,2005.0,HEPB3,97.0,RUBELLA,1002.7
RUS,Russian Federation,2005.0,MCV1,99.0,RUBELLA,1002.7
RUS,Russian Federation,2005.0,MCV2,96.68,RUBELLA,1002.7
RUS,Russian Federation,2005.0,POL3,98.0,RUBELLA,1002.7
RUS,Russian Federation,2005.0,RCV1,96.4,RUBELLA,1002.7
SEN,Senegal,2022.0,IPV1_FRAC,92.0,TYPHOID,1000.5
SEN,Senegal,2022.0,PAB,96.0,TYPHOID,1000.5
SEN,Senegal,2022.0,TT2PLUS,90.99,TYPHOID,1000.5
GHA,Ghana,2022.0,BCG,96.1,MUMPS,1000.4
GHA,Ghana,2022.0,DTPCV1,99.15,MUMPS,1000.4
GHA,Ghana,2022.0,DTPCV3,99.0,MUMPS,1000.4
GHA,Ghana,2022.0,HEPB3,99.0,MUMPS,1000.4
GHA,Ghana,2022.0,HIB3,99.0,MUMPS,1000.4
GHA,Ghana,2022.0,IPV1,99.0,MUMPS,1000.4
GHA,Ghana,2022.0,MCV1,94.71,MUMPS,1000.4
GHA,Ghana,2022.0,PAB,90.0,MUMPS,1000.4
GHA,Ghana,2022.0,PCV1,96.83,MUMPS,1000.4
GHA,Ghana,2022.0,PCV2,94.98,MUMPS,1000.4
GHA,Ghana,2022.0,PCV3,99.06,MUMPS,1000.4
GHA,Ghana,2022.0,RCV1,94.71,MUMPS,1000.4
GHA,Ghana,2022.0,ROTA1,94.33,MUMPS,1000.4
GHA,Ghana,2022.0,ROTAC,93.67,MUMPS,1000.4
GHA,Ghana,2022.0,VAD1,99.0,MUMPS,1000.4
GHA,Ghana,2022.0,YFV,95.14,MUMPS,1000.4
CHL,Chile,1986.0,BCG,96.0,MEASLES,997.9
CHL,Chile,1986.0,DTPCV1,96.0,MEASLES,997.9
CHL,Chile,1986.0,DTPCV3,90.0,MEASLES,997.9
CHL,Chile,1986.0,MCV1,91.0,MEASLES,997.9
CHL,Chile,1986.0,POL3,90.0,MEASLES,997.9
ALB,Albania,2002.0,BCG,94.0,MUMPS,996.8
ALB,Albania,2002.0,DTPCV1,98.0,MUMPS,996.8
ALB,Albania,2002.0,DTPCV3,98.0,MUMPS,996.8
ALB,Albania,2002.0,HEPB3,96.0,MUMPS,996.8
ALB,Albania,2002.0,HEPB_BD,99.0,MUMPS,996.8
ALB,Albania,2002.0,MCV1,96.0,MUMPS,996.8
ALB,Albania,2002.0,MCV2,93.0,MUMPS,996.8
ALB,Albania,2002.0,POL3,98.0,MUMPS,996.8
ALB,Albania,2002.0,RCV1,96.0,MUMPS,996.8
KGZ,Kyrgyzstan,2023.0,15HPV1_F,91.0,MEASLES,996.1
KGZ,Kyrgyzstan,2023.0,BCG,95.09,MEASLES,996.1
KGZ,Kyrgyzstan,2023.0,DIPHCV4,91.57,MEASLES,996.1
KGZ,Kyrgyzstan,2023.0,DIPHCV5,91.94,MEASLES,996.1
KGZ,Kyrgyzstan,2023.0,DTPCV1,91.21,MEASLES,996.1
KGZ,Kyrgyzstan,2023.0,HEPB_BD,97.79,MEASLES,996.1
KGZ,Kyrgyzstan,2023.0,HEPB_BDALL,98.89,MEASLES,996.1
KGZ,Kyrgyzstan,2023.0,MCV1,96.15,MEASLES,996.1
KGZ,Kyrgyzstan,2023.0,MCV2,92.77,MEASLES,996.1
KGZ,Kyrgyzstan,2023.0,PCV1,91.05,MEASLES,996.1
KGZ,Kyrgyzstan,2023.0,PCV3,91.08,MEASLES,996.1
KGZ,Kyrgyzstan,2023.0,RCV1,96.15,MEASLES,996.1
KGZ,Kyrgyzstan,2023.0,ROTA1,90.83,MEASLES,996.1
COG,Congo,1981.0,BCG,92.0,PERTUSSIS,993.2
SEN,Senegal,1986.0,BCG,92.0,MEASLES,993.1
HUN,Hungary,1981.0,BCG,99.0,MEASLES,990.0
HUN,Hungary,1981.0,DTPCV1,99.0,MEASLES,990.0
HUN,Hungary,1981.0,DTPCV3,99.0,MEASLES,990.0
HUN,Hungary,1981.0,MCV1,99.0,MEASLES,990.0
HUN,Hungary,1981.0,POL3,98.0,MEASLES,990.0
VUT,Vanuatu,1992.0,DTPCV1,91.0,MEASLES,989.7
CHE,Switzerland,2016.0,DTPCV1,98.0,PERTUSSIS,988.2
CHE,Switzerland,2016.0,DTPCV3,95.93,PERTUSSIS,988.2
CHE,Switzerland,2016.0,HIB3,95.23,PERTUSSIS,988.2
CHE,Switzerland,2016.0,IPV1,98.0,PERTUSSIS,988.2
CHE,Switzerland,2016.0,MCV1,93.75,PERTUSSIS,988.2
CHE,Switzerland,2016.0,POL3,95.92,PERTUSSIS,988.2
CHE,Switzerland,2016.0,RCV1,93.48,PERTUSSIS,988.2
CHL,Chile,1989.0,BCG,97.0,MEASLES,984.3
CHL,Chile,1989.0,DTPCV1,98.0,MEASLES,984.3
CHL,Chile,1989.0,DTPCV3,95.0,MEASLES,984.3
CHL,Chile,1989.0,MCV1,92.0,MEASLES,984.3
CHL,Chile,1989.0,POL3,95.0,MEASLES,984.3
POL,Poland,1981.0,BCG,93.0,MEASLES,982.8
POL,Poland,1981.0,DTPCV1,98.0,MEASLES,982.8
POL,Poland,1981.0,DTPCV3,95.67,MEASLES,982.8
POL,Poland,1981.0,MCV1,93.0,MEASLES,982.8
POL,Poland,1981.0,POL3,95.0,MEASLES,982.8
JOR,Jordan,2004.0,DTPCV1,96.0,MUMPS,981.1
JOR,Jordan,2004.0,DTPCV3,95.0,MUMPS,981.1
JOR,Jordan,2004.0,HEPB3,95.0,MUMPS,981.1
JOR,Jordan,2004.0,HIB3,95.0,MUMPS,981.1
JOR,Jordan,2004.0,MCV1,99.0,MUMPS,981.1
JOR,Jordan,2004.0,MCV2,98.0,MUMPS,981.1
JOR,Jordan,2004.0,POL3,95.0,MUMPS,981.1
JOR,Jordan,2004.0,RCV1,98.0,MUMPS,981.1
BIH,Bosnia and Herzegovina,1997.0,BCG,97.1,MEASLES,979.8
BIH,Bosnia and Herzegovina,1997.0,DTPCV1,92.0,MEASLES,979.8
FIN,Finland,1983.0,BCG,90.0,MEASLES,978.4
FIN,Finland,1983.0,DTPCV1,97.0,MEASLES,978.4
FIN,Finland,1983.0,DTPCV3,94.0,MEASLES,978.4
JOR,Jordan,1984.0,DTPCV1,93.0,MEASLES,976.4
NPL,Nepal,2023.0,BCG,97.0,MUMPS,976.1
NPL,Nepal,2023.0,DTPCV1,96.0,MUMPS,976.1
NPL,Nepal,2023.0,DTPCV3,95.54,MUMPS,976.1
NPL,Nepal,2023.0,HEPB3,95.54,MUMPS,976.1
NPL,Nepal,2023.0,HIB3,95.54,MUMPS,976.1
NPL,Nepal,2023.0,JAPENC,92.53,MUMPS,976.1
NPL,Nepal,2023.0,MCV1,94.3,MUMPS,976.1
NPL,Nepal,2023.0,MCV2,90.89,MUMPS,976.1
NPL,Nepal,2023.0,PAB,93.0,MUMPS,976.1
NPL,Nepal,2023.0,PCV1,95.6,MUMPS,976.1
NPL,Nepal,2023.0,PCV2,94.53,MUMPS,976.1
NPL,Nepal,2023.0,POL3,94.77,MUMPS,976.1
NPL,Nepal,2023.0,RCV1,94.3,MUMPS,976.1
NPL,Nepal,2023.0,ROTA1,96.53,MUMPS,976.1
NPL,Nepal,2023.0,ROTAC,93.74,MUMPS,976.1
NPL,Nepal,2023.0,VAD1,98.3,MUMPS,976.1
EST,Estonia,2010.0,BCG,96.8,PERTUSSIS,972.6
EST,Estonia,2010.0,DTPCV1,96.07,PERTUSSIS,972.6
EST,Estonia,2010.0,DTPCV3,93.8,PERTUSSIS,972.6
EST,Estonia,2010.0,HEPB3,94.0,PERTUSSIS,972.6
EST,Estonia,2010.0,HIB3,93.8,PERTUSSIS,972.6
EST,Estonia,2010.0,MCV1,95.07,PERTUSSIS,972.6
EST,Estonia,2010.0,MCV2,95.1,PERTUSSIS,972.6
EST,Estonia,2010.0,POL3,93.8,PERTUSSIS,972.6
EST,Estonia,2010.0,RCV1,95.07,PERTUSSIS,972.6
ZMB,Zambia,1995.0,BCG,97.67,MEASLES,971.2
ZMB,Zambia,1995.0,DTPCV1,97.0,MEASLES,971.2
DNK,Denmark,1980.0,DTPCV1,97.0,PERTUSSIS,970.1
DNK,Denmark,1980.0,POL3,99.0,PERTUSSIS,970.1
LSO,Lesotho,1992.0,DTPCV1,93.0,MEASLES,969.4
PAN,Panama,1991.0,DTPCV1,90.5,MEASLES,968.8
KAZ,Kazakhstan,2000.0,BCG,97.73,RUBELLA,967.0
KAZ,Kazakhstan,2000.0,DTPCV1,97.9,RUBELLA,967.0
KAZ,Kazakhstan,2000.0,DTPCV3,97.07,RUBELLA,967.0
KAZ,Kazakhstan,2000.0,HEPB_BD,97.97,RUBELLA,967.0
KAZ,Kazakhstan,2000.0,MCV1,99.0,RUBELLA,967.0
KAZ,Kazakhstan,2000.0,MCV2,98.0,RUBELLA,967.0
KAZ,Kazakhstan,2000.0,POL3,96.8,RUBELLA,967.0
SAU,Saudi Arabia,1992.0,BCG,91.0,MEASLES,966.8
SAU,Saudi Arabia,1992.0,DTPCV1,97.0,MEASLES,966.8
SAU,Saudi Arabia,1992.0,DTPCV3,91.0,MEASLES,966.8
SAU,Saudi Arabia,1992.0,POL3,91.0,MEASLES,966.8
BTN,Bhutan,1989.0,BCG,93.0,MEASLES,965.9
BTN,Bhutan,1989.0,DTPCV1,91.0,MEASLES,965.9
MLT,Malta,2000.0,DTPCV1,95.0,MUMPS,965.3
COK,Cook Islands,1987.0,DTPCV1,94.0,MEASLES,965.1
SWZ,Eswatini,2008.0,DTPCV1,90.0,MUMPS,963.5
POL,Poland,1985.0,BCG,95.0,MEASLES,959.1
POL,Poland,1985.0,DTPCV1,97.0,MEASLES,959.1
POL,Poland,1985.0,DTPCV3,94.0,MEASLES,959.1
POL,Poland,1985.0,MCV1,92.0,MEASLES,959.1
POL,Poland,1985.0,POL3,94.0,MEASLES,959.1
SWE,Sweden,1996.0,DTPCV1,99.0,PERTUSSIS,958.4
SWE,Sweden,1996.0,DTPCV3,99.0,PERTUSSIS,958.4
SWE,Sweden,1996.0,HIB3,99.0,PERTUSSIS,958.4
SWE,Sweden,1996.0,MCV1,96.0,PERTUSSIS,958.4
SWE,Sweden,1996.0,POL3,99.0,PERTUSSIS,958.4
SWE,Sweden,1996.0,RCV1,96.0,PERTUSSIS,958.4
SWE,Sweden,1996.0,TT2PLUS,99.0,PERTUSSIS,958.4
KAZ,Kazakhstan,2004.0,HEPB3,99.33,RUBELLA,952.9
KAZ,Kazakhstan,2004.0,HEPB_BD,99.0,RUBELLA,952.9
KAZ,Kazakhstan,2004.0,MCV1,98.93,RUBELLA,952.9
KAZ,Kazakhstan,2004.0,MCV2,99.67,RUBELLA,952.9
KAZ,Kazakhstan,2004.0,POL3,99.13,RUBELLA,952.9
KAZ,Kazakhstan,2004.0,RCV1,99.0,RUBELLA,952.9
BEL,Belgium,1992.0,DTPCV1,98.0,MEASLES,952.1
BEL,Belgium,1992.0,DTPCV3,95.0,MEASLES,952.1
BEL,Belgium,1992.0,POL3,94.0,MEASLES,952.1
BFA,Burkina Faso,2017.0,BCG,98.0,MUMPS,948.3
BFA,Burkina Faso,2017.0,DTPCV1,95.0,MUMPS,948.3
BFA,Burkina Faso,2017.0,DTPCV3,91.0,MUMPS,948.3
BFA,Burkina Faso,2017.0,HEPB3,91.0,MUMPS,948.3
BFA,Burkina Faso,2017.0,HIB3,91.0,MUMPS,948.3
BFA,Burkina Faso,2017.0,PCV1,95.0,MUMPS,948.3
BFA,Burkina Faso,2017.0,PCV3,91.0,MUMPS,948.3
BFA,Burkina Faso,2017.0,POL3,91.0,MUMPS,948.3
BFA,Burkina Faso,2017.0,ROTA1,91.0,MUMPS,948.3
BFA,Burkina Faso,2017.0,ROTAC,91.0,MUMPS,948.3
BFA,Burkina Faso,2017.0,TT2PLUS,95.19,MUMPS,948.3
BFA,Burkina Faso,2017.0,VAD1,98.06,MUMPS,948.3
OMN,Oman,1992.0,BCG,96.0,MEASLES,946.2
OMN,Oman,1992.0,DTPCV1,99.0,MEASLES,946.2
OMN,Oman,1992.0,DTPCV3,99.0,MEASLES,946.2
OMN,Oman,1992.0,HEPB3,99.0,MEASLES,946.2
OMN,Oman,1992.0,MCV1,96.0,MEASLES,946.2
OMN,Oman,1992.0,POL3,99.0,MEASLES,946.2
BFA,Burkina Faso,2015.0,BCG,98.0,MUMPS,941.5
BFA,Burkina Faso,2015.0,DTPCV1,95.0,MUMPS,941.5
BFA,Burkina Faso,2015.0,DTPCV3,91.0,MUMPS,941.5
BFA,Burkina Faso,2015.0,HEPB3,91.0,MUMPS,941.5
BFA,Burkina Faso,2015.0,HIB3,91.0,MUMPS,941.5
BFA,Burkina Faso,2015.0,PAB,92.0,MUMPS,941.5
BFA,Burkina Faso,2015.0,PCV1,95.0,MUMPS,941.5
BFA,Burkina Faso,2015.0,PCV2,93.0,MUMPS,941.5
BFA,Burkina Faso,2015.0,PCV3,91.0,MUMPS,941.5
BFA,Burkina Faso,2015.0,POL3,91.0,MUMPS,941.5
BFA,Burkina Faso,2015.0,ROTA1,95.0,MUMPS,941.5
BFA,Burkina Faso,2015.0,ROTAC,91.0,MUMPS,941.5
BFA,Burkina Faso,2015.0,TT2PLUS,92.26,MUMPS,941.5
AUS,Australia,2015.0,DTPCV1,97.0,PERTUSSIS,939.9
AUS,Australia,2015.0,DTPCV3,93.03,PERTUSSIS,939.9
AUS,Australia,2015.0,HEPB3,92.93,PERTUSSIS,939.9
AUS,Australia,2015.0,HIB3,92.97,PERTUSSIS,939.9
AUS,Australia,2015.0,IPV1,97.0,PERTUSSIS,939.9
AUS,Australia,2015.0,MCV1,94.9,PERTUSSIS,939.9
AUS,Australia,2015.0,MCV2,93.03,PERTUSSIS,939.9
AUS,Australia,2015.0,PCV3,92.9,PERTUSSIS,939.9
AUS,Australia,2015.0,POL3,93.0,PERTUSSIS,939.9
AUS,Australia,2015.0,RCV1,94.9,PERTUSSIS,939.9
DJI,Djibouti,1989.0,DTPCV1,91.0,MEASLES,936.3
ESP,Spain,1984.0,DTPCV1,98.0,PERTUSSIS,935.7
ESP,Spain,1984.0,DTPCV3,95.0,PERTUSSIS,935.7
ESP,Spain,1984.0,POL3,91.0,PERTUSSIS,935.7
BWA,Botswana,1990.0,DTPCV1,99.0,MEASLES,932.8
FRA,France,1995.0,DTPCV1,98.0,MEASLES,932.1
FRA,France,1995.0,DTPCV3,96.33,MEASLES,932.1
FRA,France,1995.0,POL3,97.0,MEASLES,932.1
FRA,France,1995.0,TT2PLUS,97.0,MEASLES,932.1
RUS,Russian Federation,2006.0,BCG,97.0,RUBELLA,925.0
RUS,Russian Federation,2006.0,DTPCV1,99.0,RUBELLA,925.0
RUS,Russian Federation,2006.0,DTPCV3,98.28,RUBELLA,925.0
RUS,Russian Federation,2006.0,HEPB3,98.0,RUBELLA,925.0
RUS,Russian Federation,2006.0,MCV1,99.0,RUBELLA,925.0
RUS,Russian Federation,2006.0,MCV2,96.9,RUBELLA,925.0
RUS,Russian Federation,2006.0,POL3,98.42,RUBELLA,925.0
RUS,Russian Federation,2006.0,RCV1,98.51,RUBELLA,925.0
IRQ,Iraq,2017.0,BCG,94.67,MUMPS,924.5
IRQ,Iraq,2017.0,DTPCV1,91.67,MUMPS,924.5
IRQ,Iraq,2017.0,IPV1,91.67,MUMPS,924.5
FJI,Fiji,2007.0,BCG,93.0,MUMPS,921.1
FJI,Fiji,2007.0,HEPB_BD,95.0,MUMPS,921.1
FJI,Fiji,2007.0,MCV2,94.0,MUMPS,921.1
FJI,Fiji,2007.0,PAB,94.0,MUMPS,921.1
WLF,Wallis and Futuna,1995.0,BCG,97.0,MEASLES,915.6
WLF,Wallis and Futuna,1995.0,DTPCV3,93.0,MEASLES,915.6
KWT,Kuwait,1983.0,DTPCV1,96.0,MEASLES,911.5
KWT,Kuwait,1983.0,POL3,90.0,MEASLES,911.5
BTN,Bhutan,1993.0,DTPCV1,92.0,MEASLES,910.4
MAC,"China, Macao SAR",1985.0,BCG,99.0,MEASLES,909.8
KGZ,Kyrgyzstan,2005.0,BCG,96.07,MUMPS,905.8
KGZ,Kyrgyzstan,2005.0,DTPCV1,98.0,MUMPS,905.8
KGZ,Kyrgyzstan,2005.0,DTPCV3,98.03,MUMPS,905.8
KGZ,Kyrgyzstan,2005.0,HEPB3,97.13,MUMPS,905.8
KGZ,Kyrgyzstan,2005.0,HEPB_BD,98.33,MUMPS,905.8
KGZ,Kyrgyzstan,2005.0,MCV1,98.97,MUMPS,905.8
KGZ,Kyrgyzstan,2005.0,MCV2,98.0,MUMPS,905.8
KGZ,Kyrgyzstan,2005.0,POL3,98.17,MUMPS,905.8
KGZ,Kyrgyzstan,2005.0,RCV1,98.93,MUMPS,905.8
KGZ,Kyrgyzstan,2005.0,VAD1,99.2,MUMPS,905.8
MOZ,Mozambique,1998.0,BCG,93.0,MEASLES,905.0
ESP,Spain,1987.0,DTPCV1,91.0,MEASLES,904.6
UKR,Ukraine,2006.0,BCG,97.0,MEASLES,903.7
UKR,Ukraine,2006.0,DTPCV1,98.33,MEASLES,903.7
UKR,Ukraine,2006.0,DTPCV3,97.0,MEASLES,903.7
UKR,Ukraine,2006.0,HEPB3,95.0,MEASLES,903.7
UKR,Ukraine,2006.0,MCV1,98.0,MEASLES,903.7
UKR,Ukraine,2006.0,MCV2,98.3,MEASLES,903.7
UKR,Ukraine,2006.0,POL3,96.67,MEASLES,903.7
UKR,Ukraine,2006.0,RCV1,98.3,MEASLES,903.7
CHE,Switzerland,1997.0,DTPCV1,93.0,MEASLES,902.8
CHE,Switzerland,1997.0,POL3,95.0,MEASLES,902.8
TGO,Togo,1989.0,BCG,97.33,MEASLES,901.0
TGO,Togo,1989.0,DTPCV1,93.0,MEASLES,901.0
GAB,Gabon,1993.0,BCG,97.0,MEASLES,898.3
COK,Cook Islands,1988.0,BCG,90.0,MEASLES,895.4
COK,Cook Islands,1988.0,DTPCV1,97.0,MEASLES,895.4
COK,Cook Islands,1988.0,DTPCV3,94.0,MEASLES,895.4
COK,Cook Islands,1988.0,MCV1,92.0,MEASLES,895.4
COK,Cook Islands,1988.0,POL3,94.0,MEASLES,895.4
DMA,Dominica,1985.0,BCG,90.0,MEASLES,892.1
DMA,Dominica,1985.0,DTPCV1,97.0,MEASLES,892.1
DMA,Dominica,1985.0,DTPCV3,91.0,MEASLES,892.1
DMA,Dominica,1985.0,MCV1,93.0,MEASLES,892.1
JOR,Jordan,2005.0,DTPCV1,98.0,MUMPS,891.4
JOR,Jordan,2005.0,DTPCV3,95.0,MUMPS,891.4
JOR,Jordan,2005.0,HEPB3,95.0,MUMPS,891.4
JOR,Jordan,2005.0,HIB3,95.0,MUMPS,891.4
JOR,Jordan,2005.0,MCV1,96.67,MUMPS,891.4
JOR,Jordan,2005.0,MCV2,93.0,MUMPS,891.4
JOR,Jordan,2005.0,POL3,95.0,MUMPS,891.4
JOR,Jordan,2005.0,RCV1,93.0,MUMPS,891.4
MDA,Republic of Moldova,1994.0,BCG,94.0,MEASLES,891.0
MDA,Republic of Moldova,1994.0,DTPCV1,95.0,MEASLES,891.0
MDA,Republic of Moldova,1994.0,POL3,94.0,MEASLES,891.0
MDA,Republic of Moldova,1994.0,TT2PLUS,92.0,MEASLES,891.0
SGP,Singapore,1984.0,BCG,93.0,MEASLES,888.3
SGP,Singapore,1984.0,DTPCV1,91.0,MEASLES,888.3
MWI,Malawi,1996.0,BCG,96.33,MEASLES,881.0
MWI,Malawi,1996.0,DTPCV1,96.0,MEASLES,881.0
MWI,Malawi,1996.0,DTPCV3,90.0,MEASLES,881.0
BHR,Bahrain,1981.0,DTPCV1,91.0,MEASLES,880.8
NAM,Namibia,1993.0,BCG,92.0,MEASLES,880.2
NAM,Namibia,1993.0,DTPCV1,90.0,MEASLES,880.2
BWA,Botswana,1986.0,DTPCV1,98.0,MEASLES,877.1
ZMB,Zambia,1990.0,BCG,97.0,MEASLES,866.7
ZMB,Zambia,1990.0,DTPCV1,97.0,MEASLES,866.7
AIA,Anguilla,1989.0,BCG,99.0,MEASLES,865.3
AIA,Anguilla,1989.0,DTPCV3,99.0,MEASLES,865.3
AIA,Anguilla,1989.0,MCV1,92.0,MEASLES,865.3
AIA,Anguilla,1989.0,POL3,99.5,MEASLES,865.3
AZE,Azerbaijan,2001.0,BCG,93.67,MUMPS,865.0
AZE,Azerbaijan,2001.0,DTPCV1,93.0,MUMPS,865.0
AZE,Azerbaijan,2001.0,DTPCV3,91.0,MUMPS,865.0
AZE,Azerbaijan,2001.0,HEPB_BD,98.3,MUMPS,865.0
AZE,Azerbaijan,2001.0,POL3,91.67,MUMPS,865.0
STP,Sao Tome and Principe,1986.0,BCG,99.0,PERTUSSIS,863.7
BIH,Bosnia and Herzegovina,2000.0,BCG,92.93,MUMPS,859.9
BIH,Bosnia and Herzegovina,2000.0,DTPCV1,90.13,MUMPS,859.9
RUS,Russian Federation,2003.0,BCG,96.87,RUBELLA,858.7
RUS,Russian Federation,2003.0,DTPCV1,97.0,RUBELLA,858.7
RUS,Russian Federation,2003.0,DTPCV3,96.19,RUBELLA,858.7
RUS,Russian Federation,2003.0,HEPB3,93.74,RUBELLA,858.7
RUS,Russian Federation,2003.0,MCV1,97.46,RUBELLA,858.7
RUS,Russian Federation,2003.0,MCV2,95.71,RUBELLA,858.7
RUS,Russian Federation,2003.0,POL3,96.94,RUBELLA,858.7
RUS,Russian Federation,2003.0,RCV1,98.0,RUBELLA,858.7
COD,Democratic Republic of the Congo,2020.0,PCV2,95.26,MEASLES,857.3
COD,Democratic Republic of the Congo,2020.0,TT2PLUS,95.8,MEASLES,857.3
LKA,Sri Lanka,2000.0,BCG,98.0,MEASLES,856.6
LKA,Sri Lanka,2000.0,DTPCV1,97.25,MEASLES,856.6
LKA,Sri Lanka,2000.0,DTPCV3,99.0,MEASLES,856.6
LKA,Sri Lanka,2000.0,MCV1,99.13,MEASLES,856.6
LKA,Sri Lanka,2000.0,PAB,92.0,MEASLES,856.6
LKA,Sri Lanka,2000.0,POL3,99.0,MEASLES,856.6
LKA,Sri Lanka,2000.0,RCV1,99.0,MEASLES,856.6
LKA,Sri Lanka,2000.0,TT2PLUS,98.7,MEASLES,856.6
NIU,Niue,1994.0,BCG,99.67,MEASLES,854.7
NIU,Niue,1994.0,DTPCV1,99.0,MEASLES,854.7
NIU,Niue,1994.0,DTPCV3,99.67,MEASLES,854.7
NIU,Niue,1994.0,HEPB3,99.67,MEASLES,854.7
NIU,Niue,1994.0,RCV1,99.0,MEASLES,854.7
NZL,New Zealand,2004.0,DTPCV1,91.0,PERTUSSIS,854.3
SAU,Saudi Arabia,1988.0,BCG,93.0,MEASLES,854.2
SAU,Saudi Arabia,1988.0,DTPCV1,96.0,MEASLES,854.2
MAC,"China, Macao SAR",1983.0,BCG,92.0,MEASLES,854.0
SMR,San Marino,1997.0,DTPCV1,99.0,MEASLES,852.7
SMR,San Marino,1997.0,DTPCV3,99.0,MEASLES,852.7
SMR,San Marino,1997.0,HEPB3,97.0,MEASLES,852.7
SMR,San Marino,1997.0,MCV1,98.0,MEASLES,852.7
SMR,San Marino,1997.0,POL3,97.0,MEASLES,852.7
SMR,San Marino,1997.0,RCV1,98.0,MEASLES,852.7
DNK,Denmark,1981.0,BCG,95.0,PERTUSSIS,852.1
DNK,Denmark,1981.0,DTPCV1,97.0,PERTUSSIS,852.1
DNK,Denmark,1981.0,POL3,97.67,PERTUSSIS,852.1
AZE,Azerbaijan,1994.0,TT2PLUS,90.0,MEASLES,851.4
ESP,Spain,1989.0,DTPCV1,97.0,PERTUSSIS,851.1
ESP,Spain,1989.0,DTPCV3,93.0,PERTUSSIS,851.1
ESP,Spain,1989.0,MCV1,97.0,PERTUSSIS,851.1
ESP,Spain,1989.0,POL3,94.0,PERTUSSIS,851.1
ESP,Spain,1989.0,RCV1,97.0,PERTUSSIS,851.1
IRQ,Iraq,1993.0,BCG,98.67,MEASLES,850.9
ESP,Spain,1989.0,DTPCV1,97.0,MEASLES,843.2
ESP,Spain,1989.0,DTPCV3,93.0,MEASLES,843.2
ESP,Spain,1989.0,MCV1,97.0,MEASLES,843.2
ESP,Spain,1989.0,POL3,94.0,MEASLES,843.2
ESP,Spain,1989.0,RCV1,97.0,MEASLES,843.2
NOR,Norway,2012.0,DTPCV1,99.67,PERTUSSIS,843.1
NOR,Norway,2012.0,DTPCV3,95.0,PERTUSSIS,843.1
NOR,Norway,2012.0,HIB3,95.0,PERTUSSIS,843.1
NOR,Norway,2012.0,MCV1,94.0,PERTUSSIS,843.1
NOR,Norway,2012.0,MCV2,91.0,PERTUSSIS,843.1
NOR,Norway,2012.0,PCV1,99.0,PERTUSSIS,843.1
NOR,Norway,2012.0,PCV2,97.0,PERTUSSIS,843.1
NOR,Norway,2012.0,PCV3,93.0,PERTUSSIS,843.1
NOR,Norway,2012.0,POL3,95.0,PERTUSSIS,843.1
NOR,Norway,2012.0,RCV1,94.0,PERTUSSIS,843.1
BIH,Bosnia and Herzegovina,2014.0,BCG,98.37,MEASLES,841.6
BIH,Bosnia and Herzegovina,2014.0,DTPCV1,90.77,MEASLES,841.6
BIH,Bosnia and Herzegovina,2014.0,HEPB_BD,98.88,MEASLES,841.6
BIH,Bosnia and Herzegovina,2014.0,IPV1,92.4,MEASLES,841.6
BIH,Bosnia and Herzegovina,2014.0,MCV2,90.0,MEASLES,841.6
BIH,Bosnia and Herzegovina,2014.0,TT2PLUS,93.25,MEASLES,841.6
CHE,Switzerland,2015.0,DTPCV1,97.0,PERTUSSIS,841.4
CHE,Switzerland,2015.0,DTPCV3,96.0,PERTUSSIS,841.4
CHE,Switzerland,2015.0,HIB3,95.0,PERTUSSIS,841.4
CHE,Switzerland,2015.0,IPV1,97.0,PERTUSSIS,841.4
CHE,Switzerland,2015.0,MCV1,94.09,PERTUSSIS,841.4
CHE,Switzerland,2015.0,POL3,96.0,PERTUSSIS,841.4
CHE,Switzerland,2015.0,RCV1,93.91,PERTUSSIS,841.4
SRB,Serbia,1988.0,DTPCV3,91.0,MEASLES,840.8
SRB,Serbia,1988.0,MCV1,93.0,MEASLES,840.8
SRB,Serbia,1988.0,POL3,92.0,MEASLES,840.8
GEO,Georgia,2014.0,BCG,96.27,MEASLES,840.5
GEO,Georgia,2014.0,DTPCV1,99.0,MEASLES,840.5
GEO,Georgia,2014.0,DTPCV3,90.73,MEASLES,840.5
GEO,Georgia,2014.0,HEPB3,90.73,MEASLES,840.5
GEO,Georgia,2014.0,HEPB_BD,94.67,MEASLES,840.5
GEO,Georgia,2014.0,HIB3,90.73,MEASLES,840.5
GEO,Georgia,2014.0,MCV1,92.0,MEASLES,840.5
GEO,Georgia,2014.0,POL3,91.13,MEASLES,840.5
GEO,Georgia,2014.0,RCV1,92.0,MEASLES,840.5
LBR,Liberia,2023.0,BCG,93.2,MEASLES,838.2
LBR,Liberia,2023.0,DTPCV1,99.0,MEASLES,838.2
LBR,Liberia,2023.0,DTPCV3,90.5,MEASLES,838.2
LBR,Liberia,2023.0,HEPB3,90.5,MEASLES,838.2
LBR,Liberia,2023.0,HIB3,90.5,MEASLES,838.2
LBR,Liberia,2023.0,IPV1,90.5,MEASLES,838.2
LBR,Liberia,2023.0,MCV1,90.5,MEASLES,838.2
LBR,Liberia,2023.0,PAB,91.0,MEASLES,838.2
LBR,Liberia,2023.0,PCV1,99.0,MEASLES,838.2
LBR,Liberia,2023.0,PCV2,99.0,MEASLES,838.2
LBR,Liberia,2023.0,PERCV_PW,98.76,MEASLES,838.2
LBR,Liberia,2023.0,ROTA1,99.0,MEASLES,838.2
LBR,Liberia,2023.0,ROTAC,90.5,MEASLES,838.2
LBR,Liberia,2023.0,TYPHOID_CONJ,97.13,MEASLES,838.2
LBR,Liberia,2023.0,YFV,93.25,MEASLES,838.2
BTN,Bhutan,2015.0,BCG,98.0,MUMPS,837.1
BTN,Bhutan,2015.0,DTPCV1,98.67,MUMPS,837.1
BTN,Bhutan,2015.0,DTPCV3,98.67,MUMPS,837.1
BTN,Bhutan,2015.0,HEPB3,99.0,MUMPS,837.1
BTN,Bhutan,2015.0,HIB3,99.0,MUMPS,837.1
BTN,Bhutan,2015.0,MCV1,97.33,MUMPS,837.1
BTN,Bhutan,2015.0,MCV2,94.0,MUMPS,837.1
BTN,Bhutan,2015.0,POL3,98.33,MUMPS,837.1
BTN,Bhutan,2015.0,PRHPV1_F,97.0,MUMPS,837.1
BTN,Bhutan,2015.0,PRHPVC_F,94.0,MUMPS,837.1
BTN,Bhutan,2015.0,RCV1,95.0,MUMPS,837.1
AZE,Azerbaijan,1991.0,BCG,95.0,MEASLES,837.0
AZE,Azerbaijan,1991.0,MCV1,94.0,MEASLES,837.0
AZE,Azerbaijan,1991.0,POL3,93.0,MEASLES,837.0
AZE,Azerbaijan,1991.0,TT2PLUS,93.0,MEASLES,837.0
GHA,Ghana,1999.0,BCG,90.1,MEASLES,834.8
AZE,Azerbaijan,2000.0,BCG,92.33,MUMPS,833.9
AZE,Azerbaijan,2000.0,DTPCV1,93.67,MUMPS,833.9
AZE,Azerbaijan,2000.0,DTPCV3,90.67,MUMPS,833.9
AZE,Azerbaijan,2000.0,POL3,90.33,MUMPS,833.9
CHE,Switzerland,2001.0,DTPCV1,95.0,PERTUSSIS,830.3
CHE,Switzerland,2001.0,DTPCV3,93.0,PERTUSSIS,830.3
CHE,Switzerland,2001.0,HIB3,91.0,PERTUSSIS,830.3
CHE,Switzerland,2001.0,POL3,95.0,PERTUSSIS,830.3
KGZ,Kyrgyzstan,1993.0,BCG,95.0,MEASLES,826.7
KGZ,Kyrgyzstan,1993.0,MCV1,93.27,MEASLES,826.7
AUS,Australia,2016.0,DTPCV1,98.0,PERTUSSIS,823.6
AUS,Australia,2016.0,DTPCV3,94.2,PERTUSSIS,823.6
AUS,Australia,2016.0,HEPB3,94.13,PERTUSSIS,823.6
AUS,Australia,2016.0,HIB3,93.97,PERTUSSIS,823.6
AUS,Australia,2016.0,IPV1,98.0,PERTUSSIS,823.6
AUS,Australia,2016.0,MCV1,95.0,PERTUSSIS,823.6
AUS,Australia,2016.0,MCV2,94.0,PERTUSSIS,823.6
AUS,Australia,2016.0,PCV3,93.95,PERTUSSIS,823.6
AUS,Australia,2016.0,POL3,94.18,PERTUSSIS,823.6
AUS,Australia,2016.0,RCV1,95.0,PERTUSSIS,823.6
LVA,Latvia,2000.0,BCG,98.67,MUMPS,822.9
LVA,Latvia,2000.0,DTPCV1,99.67,MUMPS,822.9
LVA,Latvia,2000.0,DTPCV3,96.67,MUMPS,822.9
LVA,Latvia,2000.0,HEPB3,91.33,MUMPS,822.9
LVA,Latvia,2000.0,HEPB_BD,98.07,MUMPS,822.9
LVA,Latvia,2000.0,MCV1,97.0,MUMPS,822.9
LVA,Latvia,2000.0,POL3,96.0,MUMPS,822.9
LVA,Latvia,2000.0,RCV1,97.0,MUMPS,822.9
GNB,Guinea-Bissau,1992.0,BCG,99.67,MEASLES,822.0
ARG,Argentina,1998.0,BCG,98.0,RUBELLA,820.8
ARG,Argentina,1998.0,DTPCV1,97.5,RUBELLA,820.8
ARG,Argentina,1998.0,MCV1,95.0,RUBELLA,820.8
ARG,Argentina,1998.0,POL3,90.0,RUBELLA,820.8
ARG,Argentina,1998.0,RCV1,95.0,RUBELLA,820.8
PAN,Panama,1987.0,BCG,90.0,MEASLES,818.9
ERI,Eritrea,2010.0,PAB,93.0,MUMPS,818.3
GNB,Guinea-Bissau,2020.0,IPV1_FRAC,90.0,TYPHOID,818.1
GNB,Guinea-Bissau,2020.0,TTCV4,90.0,TYPHOID,818.1
GNB,Guinea-Bissau,2020.0,TTCV5,90.0,TYPHOID,818.1
NOR,Norway,2008.0,BCG,93.0,PERTUSSIS,816.5
NOR,Norway,2008.0,DTPCV1,99.0,PERTUSSIS,816.5
NOR,Norway,2008.0,DTPCV3,94.0,PERTUSSIS,816.5
NOR,Norway,2008.0,HIB3,94.0,PERTUSSIS,816.5
NOR,Norway,2008.0,MCV1,93.0,PERTUSSIS,816.5
NOR,Norway,2008.0,MCV2,95.0,PERTUSSIS,816.5
NOR,Norway,2008.0,POL3,94.0,PERTUSSIS,816.5
NOR,Norway,2008.0,RCV1,93.0,PERTUSSIS,816.5
JPN,Japan,2009.0,BCG,94.0,MUMPS,815.7
JPN,Japan,2009.0,DTPCV1,99.0,MUMPS,815.7
JPN,Japan,2009.0,DTPCV3,97.0,MUMPS,815.7
JPN,Japan,2009.0,MCV1,94.15,MUMPS,815.7
JPN,Japan,2009.0,MCV2,91.9,MUMPS,815.7
JPN,Japan,2009.0,POL3,99.3,MUMPS,815.7
JPN,Japan,2009.0,RCV1,94.15,MUMPS,815.7
KIR,Kiribati,1992.0,DTPCV1,95.0,PERTUSSIS,811.4
KIR,Kiribati,1992.0,POL3,90.0,PERTUSSIS,811.4
THA,Thailand,1987.0,BCG,95.0,MEASLES,809.8
THA,Thailand,1987.0,DTPCV1,91.0,MEASLES,809.8
POL,Poland,1999.0,BCG,96.0,RUBELLA,808.6
POL,Poland,1999.0,DTPCV1,99.0,RUBELLA,808.6
POL,Poland,1999.0,DTPCV3,98.0,RUBELLA,808.6
POL,Poland,1999.0,HEPB3,99.0,RUBELLA,808.6
POL,Poland,1999.0,MCV1,97.0,RUBELLA,808.6
POL,Poland,1999.0,MCV2,96.0,RUBELLA,808.6
POL,Poland,1999.0,POL3,98.0,RUBELLA,808.6
POL,Poland,1999.0,RCV1,97.0,RUBELLA,808.6
IRL,Ireland,2009.0,DTPCV1,98.0,MUMPS,807.3
IRL,Ireland,2009.0,DTPCV3,93.81,MUMPS,807.3
IRL,Ireland,2009.0,HIB3,93.26,MUMPS,807.3
IRL,Ireland,2009.0,MCV1,90.27,MUMPS,807.3
IRL,Ireland,2009.0,POL3,93.8,MUMPS,807.3
IRL,Ireland,2009.0,RCV1,90.27,MUMPS,807.3
FJI,Fiji,1988.0,BCG,99.67,MEASLES,804.0
FJI,Fiji,1988.0,DTPCV1,98.0,MEASLES,804.0
FJI,Fiji,1988.0,DTPCV3,98.0,MEASLES,804.0
FJI,Fiji,1988.0,POL3,99.67,MEASLES,804.0
SWE,Sweden,1987.0,DTPCV1,99.0,PERTUSSIS,803.4
SWE,Sweden,1987.0,DTPCV3,99.0,PERTUSSIS,803.4
SWE,Sweden,1987.0,MCV1,93.67,PERTUSSIS,803.4
SWE,Sweden,1987.0,POL3,98.67,PERTUSSIS,803.4
SWE,Sweden,1987.0,RCV1,94.0,PERTUSSIS,803.4
PNG,Papua New Guinea,1995.0,BCG,90.0,MEASLES,803.1
PNG,Papua New Guinea,1995.0,DTPCV1,97.0,MEASLES,803.1
NLD,Netherlands (Kingdom of the),2012.0,DTPCV1,99.0,PERTUSSIS,801.2
NLD,Netherlands (Kingdom of the),2012.0,DTPCV3,96.8,PERTUSSIS,801.2
NLD,Netherlands (Kingdom of the),2012.0,HIB3,96.79,PERTUSSIS,801.2
NLD,Netherlands (Kingdom of the),2012.0,MCV1,96.06,PERTUSSIS,801.2
NLD,Netherlands (Kingdom of the),2012.0,MCV2,92.93,PERTUSSIS,801.2
NLD,Netherlands (Kingdom of the),2012.0,PCV3,95.92,PERTUSSIS,801.2
NLD,Netherlands (Kingdom of the),2012.0,POL3,96.8,PERTUSSIS,801.2
NLD,Netherlands (Kingdom of the),2012.0,RCV1,96.06,PERTUSSIS,801.2
BTN,Bhutan,1999.0,DTPCV1,95.0,PERTUSSIS,799.9
BOL,Bolivia (Plurinational State of),2017.0,BCG,93.0,MUMPS,798.4
BOL,Bolivia (Plurinational State of),2017.0,DTPCV1,91.0,MUMPS,798.4
BOL,Bolivia (Plurinational State of),2017.0,IPV1,91.0,MUMPS,798.4
BOL,Bolivia (Plurinational State of),2017.0,PCV1,91.0,MUMPS,798.4
QAT,Qatar,1997.0,BCG,99.0,MEASLES,797.5
QAT,Qatar,1997.0,DTPCV1,97.0,MEASLES,797.5
QAT,Qatar,1997.0,DTPCV3,92.0,MEASLES,797.5
QAT,Qatar,1997.0,HEPB3,90.0,MEASLES,797.5
QAT,Qatar,1997.0,HIB3,92.0,MEASLES,797.5
QAT,Qatar,1997.0,POL3,92.0,MEASLES,797.5
CHL,Chile,1982.0,BCG,94.0,MEASLES,796.4
CHL,Chile,1982.0,DTPCV1,96.5,MEASLES,796.4
CHL,Chile,1982.0,DTPCV3,99.67,MEASLES,796.4
CHL,Chile,1982.0,MCV1,96.0,MEASLES,796.4
CHL,Chile,1982.0,POL3,99.67,MEASLES,796.4
LBY,Libya,1992.0,BCG,99.33,MEASLES,795.4
LBY,Libya,1992.0,DTPCV1,96.0,MEASLES,795.4
FIN,Finland,1981.0,BCG,90.0,MEASLES,794.4
FIN,Finland,1981.0,DTPCV1,97.0,MEASLES,794.4
FIN,Finland,1981.0,DTPCV3,92.0,MEASLES,794.4
FIN,Finland,1981.0,POL3,90.0,MEASLES,794.4
GBR,United Kingdom of Great Britain and Northern Ireland,1987.0,BCG,96.0,MEASLES,788.4
GBR,United Kingdom of Great Britain and Northern Ireland,1987.0,DTPCV1,90.0,MEASLES,788.4
BEN,Benin,2001.0,BCG,95.5,MEASLES,786.9
BEN,Benin,2001.0,DTPCV1,93.5,MEASLES,786.9
CHL,Chile,2018.0,BCG,96.0,MUMPS,786.8
CHL,Chile,2018.0,DTPCV1,99.0,MUMPS,786.8
CHL,Chile,2018.0,DTPCV3,95.0,MUMPS,786.8
CHL,Chile,2018.0,FLU_PW,90.0,MUMPS,786.8
CHL,Chile,2018.0,HEPB3,95.0,MUMPS,786.8
CHL,Chile,2018.0,HIB3,95.0,MUMPS,786.8
CHL,Chile,2018.0,IPV1,98.0,MUMPS,786.8
CHL,Chile,2018.0,MCV1,93.0,MUMPS,786.8
CHL,Chile,2018.0,MCV2,93.0,MUMPS,786.8
CHL,Chile,2018.0,MEN_A_CONJ,95.0,MUMPS,786.8
CHL,Chile,2018.0,PCV1,98.0,MUMPS,786.8
CHL,Chile,2018.0,PCV2,97.0,MUMPS,786.8
CHL,Chile,2018.0,PCV3,93.0,MUMPS,786.8
CHL,Chile,2018.0,POL3,95.0,MUMPS,786.8
CHL,Chile,2018.0,PRHPV1_F,90.0,MUMPS,786.8
CHL,Chile,2018.0,RCV1,93.0,MUMPS,786.8
JOR,Jordan,2002.0,DTPCV1,95.33,MUMPS,782.9
JOR,Jordan,2002.0,DTPCV3,94.0,MUMPS,782.9
JOR,Jordan,2002.0,HEPB3,94.0,MUMPS,782.9
JOR,Jordan,2002.0,HEPB_BD,94.0,MUMPS,782.9
JOR,Jordan,2002.0,HIB3,94.33,MUMPS,782.9
JOR,Jordan,2002.0,MCV1,95.33,MUMPS,782.9
JOR,Jordan,2002.0,MCV2,90.0,MUMPS,782.9
JOR,Jordan,2002.0,POL3,94.33,MUMPS,782.9
JOR,Jordan,2002.0,RCV1,90.0,MUMPS,782.9
MDG,Madagascar,2018.0,DTPCV1,90.33,MEASLES,779.1
MDG,Madagascar,2018.0,PCV1,96.0,MEASLES,779.1
MDG,Madagascar,2018.0,PCV2,91.0,MEASLES,779.1
MDG,Madagascar,2018.0,ROTA1,95.0,MEASLES,779.1
MDG,Madagascar,2018.0,VAD1,95.0,MEASLES,779.1
ZWE,Zimbabwe,1995.0,BCG,95.33,MEASLES,777.2
ZWE,Zimbabwe,1995.0,DTPCV1,96.0,MEASLES,777.2
LSO,Lesotho,1989.0,DTPCV1,91.0,MEASLES,776.1
COD,Democratic Republic of the Congo,2018.0,PCV2,96.1,MEASLES,774.0
COD,Democratic Republic of the Congo,2018.0,TT2PLUS,95.7,MEASLES,774.0
COD,Democratic Republic of the Congo,2018.0,VAD1,96.5,MEASLES,774.0
ERI,Eritrea,2012.0,DTPCV1,91.8,MUMPS,773.8
ERI,Eritrea,2012.0,PAB,94.5,MUMPS,773.8
RWA,Rwanda,1991.0,BCG,94.0,MEASLES,773.2
RWA,Rwanda,1991.0,DTPCV1,97.0,MEASLES,773.2
ZMB,Zambia,1997.0,DTPCV1,94.0,MEASLES,773.0
PAN,Panama,1990.0,BCG,97.0,MEASLES,770.1
PAN,Panama,1990.0,DTPCV1,96.0,MEASLES,770.1
ECU,Ecuador,1984.0,BCG,99.0,MEASLES,769.1
GMB,Gambia,1993.0,DTPCV1,99.0,MEASLES,767.4
IRQ,Iraq,2000.0,DTPCV1,91.87,MUMPS,766.5
IRQ,Iraq,2000.0,MCV1,90.67,MUMPS,766.5
UKR,Ukraine,2000.0,BCG,98.33,RUBELLA,765.4
UKR,Ukraine,2000.0,DTPCV1,99.0,RUBELLA,765.4
UKR,Ukraine,2000.0,DTPCV3,98.63,RUBELLA,765.4
UKR,Ukraine,2000.0,MCV1,98.87,RUBELLA,765.4
UKR,Ukraine,2000.0,MCV2,98.87,RUBELLA,765.4
UKR,Ukraine,2000.0,POL3,98.57,RUBELLA,765.4
LBR,Liberia,2018.0,BCG,92.0,MEASLES,764.7
LBR,Liberia,2018.0,DTPCV1,95.0,MEASLES,764.7
LBR,Liberia,2018.0,DTPCV3,91.33,MEASLES,764.7
LBR,Liberia,2018.0,HEPB3,91.33,MEASLES,764.7
LBR,Liberia,2018.0,HIB3,91.33,MEASLES,764.7
LBR,Liberia,2018.0,PCV1,99.0,MEASLES,764.7
LBR,Liberia,2018.0,PCV2,92.0,MEASLES,764.7
LBR,Liberia,2018.0,PCV3,90.67,MEASLES,764.7
LBR,Liberia,2018.0,POL3,91.0,MEASLES,764.7
LBR,Liberia,2018.0,ROTA1,99.5,MEASLES,764.7
NZL,New Zealand,2013.0,DTPCV1,93.23,PERTUSSIS,762.5
NZL,New Zealand,2013.0,DTPCV3,92.3,PERTUSSIS,762.5
NZL,New Zealand,2013.0,HEPB3,93.02,PERTUSSIS,762.5
NZL,New Zealand,2013.0,HIB3,92.26,PERTUSSIS,762.5
NZL,New Zealand,2013.0,MCV1,92.27,PERTUSSIS,762.5
NZL,New Zealand,2013.0,PCV1,93.59,PERTUSSIS,762.5
NZL,New Zealand,2013.0,PCV2,93.1,PERTUSSIS,762.5
NZL,New Zealand,2013.0,PCV3,92.86,PERTUSSIS,762.5
NZL,New Zealand,2013.0,POL3,92.3,PERTUSSIS,762.5
NZL,New Zealand,2013.0,RCV1,92.27,PERTUSSIS,762.5
NOR,Norway,2000.0,DTPCV1,98.0,PERTUSSIS,760.9
NOR,Norway,2000.0,DTPCV3,90.0,PERTUSSIS,760.9
NOR,Norway,2000.0,HIB3,93.0,PERTUSSIS,760.9
NOR,Norway,2000.0,MCV2,90.0,PERTUSSIS,760.9
NOR,Norway,2000.0,POL3,91.0,PERTUSSIS,760.9
ZMB,Zambia,1999.0,DTPCV1,94.0,MUMPS,759.3
ARM,Armenia,2005.0,BCG,93.93,MEASLES,758.7
ARM,Armenia,2005.0,DTPCV1,96.0,MEASLES,758.7
ARM,Armenia,2005.0,DTPCV3,90.03,MEASLES,758.7
ARM,Armenia,2005.0,HEPB3,90.83,MEASLES,758.7
ARM,Armenia,2005.0,HEPB_BD,93.0,MEASLES,758.7
ARM,Armenia,2005.0,MCV1,94.03,MEASLES,758.7
ARM,Armenia,2005.0,MCV2,92.2,MEASLES,758.7
ARM,Armenia,2005.0,POL3,91.93,MEASLES,758.7
ARM,Armenia,2005.0,RCV1,94.07,MEASLES,758.7
FRA,France,1994.0,DTPCV1,98.0,MEASLES,758.7
FRA,France,1994.0,DTPCV3,96.33,MEASLES,758.7
FRA,France,1994.0,POL3,97.0,MEASLES,758.7
FRA,France,1994.0,TT2PLUS,97.0,MEASLES,758.7
ZMB,Zambia,1989.0,BCG,94.33,MEASLES,757.3
ZMB,Zambia,1989.0,DTPCV1,94.0,MEASLES,757.3
RWA,Rwanda,1989.0,DTPCV1,94.0,MEASLES,755.6
MNG,Mongolia,2001.0,BCG,98.0,RUBELLA,754.3
MNG,Mongolia,2001.0,DTPCV1,95.0,RUBELLA,754.3
MNG,Mongolia,2001.0,DTPCV3,95.0,RUBELLA,754.3
MNG,Mongolia,2001.0,HEPB3,95.0,RUBELLA,754.3
MNG,Mongolia,2001.0,HEPB_BD,98.05,RUBELLA,754.3
MNG,Mongolia,2001.0,MCV1,95.03,RUBELLA,754.3
MNG,Mongolia,2001.0,MCV2,94.9,RUBELLA,754.3
MNG,Mongolia,2001.0,POL3,95.0,RUBELLA,754.3
CHE,Switzerland,2010.0,DTPCV1,95.0,PERTUSSIS,753.9
CHE,Switzerland,2010.0,DTPCV3,95.0,PERTUSSIS,753.9
CHE,Switzerland,2010.0,HIB3,95.0,PERTUSSIS,753.9
CHE,Switzerland,2010.0,MCV1,92.0,PERTUSSIS,753.9
CHE,Switzerland,2010.0,POL3,96.0,PERTUSSIS,753.9
CHE,Switzerland,2010.0,RCV1,91.0,PERTUSSIS,753.9
VEN,Venezuela (Bolivarian Republic of),1991.0,BCG,90.0,MEASLES,752.2
GAB,Gabon,1990.0,BCG,96.33,MEASLES,750.2
GAB,Gabon,1990.0,DTPCV1,96.0,MEASLES,750.2
TJK,Tajikistan,1995.0,BCG,95.2,DIPHTHERIA,748.9
TJK,Tajikistan,1995.0,DTPCV1,91.5,DIPHTHERIA,748.9
TJK,Tajikistan,1995.0,DTPCV3,90.0,DIPHTHERIA,748.9
TJK,Tajikistan,1995.0,TT2PLUS,96.0,DIPHTHERIA,748.9
SGP,Singapore,1982.0,DTPCV1,94.0,MEASLES,747.9
MDA,Republic of Moldova,1999.0,BCG,99.0,MUMPS,747.5
MDA,Republic of Moldova,1999.0,DTPCV1,99.0,MUMPS,747.5
MDA,Republic of Moldova,1999.0,DTPCV3,97.0,MUMPS,747.5
MDA,Republic of Moldova,1999.0,HEPB3,94.13,MUMPS,747.5
MDA,Republic of Moldova,1999.0,MCV1,93.0,MUMPS,747.5
MDA,Republic of Moldova,1999.0,POL3,98.03,MUMPS,747.5
SWE,Sweden,1982.0,DTPCV1,99.0,MEASLES,747.5
SWE,Sweden,1982.0,DTPCV3,99.0,MEASLES,747.5
SWE,Sweden,1982.0,MCV1,91.0,MEASLES,747.5
SWE,Sweden,1982.0,POL3,98.33,MEASLES,747.5
SWE,Sweden,1982.0,RCV1,91.0,MEASLES,747.5
MNG,Mongolia,2009.0,BCG,98.22,MUMPS,746.6
MNG,Mongolia,2009.0,DTPCV1,95.8,MUMPS,746.6
MNG,Mongolia,2009.0,DTPCV3,95.61,MUMPS,746.6
MNG,Mongolia,2009.0,HEPB3,97.01,MUMPS,746.6
MNG,Mongolia,2009.0,HEPB_BD,97.06,MUMPS,746.6
MNG,Mongolia,2009.0,HIB3,97.01,MUMPS,746.6
MNG,Mongolia,2009.0,MCV1,94.74,MUMPS,746.6
MNG,Mongolia,2009.0,MCV2,97.14,MUMPS,746.6
MNG,Mongolia,2009.0,POL3,96.32,MUMPS,746.6
MNG,Mongolia,2009.0,RCV1,94.0,MUMPS,746.6
TKM,Turkmenistan,1990.0,BCG,91.0,MEASLES,746.2
TKM,Turkmenistan,1990.0,POL3,92.0,MEASLES,746.2
NOR,Norway,2011.0,DTPCV1,99.0,PERTUSSIS,746.0
NOR,Norway,2011.0,DTPCV3,94.0,PERTUSSIS,746.0
NOR,Norway,2011.0,HIB3,95.0,PERTUSSIS,746.0
NOR,Norway,2011.0,MCV1,93.0,PERTUSSIS,746.0
NOR,Norway,2011.0,MCV2,94.0,PERTUSSIS,746.0
NOR,Norway,2011.0,PCV1,99.0,PERTUSSIS,746.0
NOR,Norway,2011.0,PCV3,92.0,PERTUSSIS,746.0
NOR,Norway,2011.0,POL3,94.0,PERTUSSIS,746.0
NOR,Norway,2011.0,RCV1,93.0,PERTUSSIS,746.0
SWZ,Eswatini,1988.0,DTPCV1,96.0,TTETANUS,743.9
KAZ,Kazakhstan,2023.0,BCG,92.74,MEASLES,743.3
KAZ,Kazakhstan,2023.0,DIPHCV4,97.33,MEASLES,743.3
KAZ,Kazakhstan,2023.0,DIPHCV5,93.12,MEASLES,743.3
KAZ,Kazakhstan,2023.0,DIPHCV6,98.72,MEASLES,743.3
KAZ,Kazakhstan,2023.0,DTPCV1,98.48,MEASLES,743.3
KAZ,Kazakhstan,2023.0,DTPCV3,98.72,MEASLES,743.3
KAZ,Kazakhstan,2023.0,FLU_CHRONIC_ADULT,98.08,MEASLES,743.3
KAZ,Kazakhstan,2023.0,FLU_HCW,90.06,MEASLES,743.3
KAZ,Kazakhstan,2023.0,FLU_PW,97.44,MEASLES,743.3
KAZ,Kazakhstan,2023.0,HEPB3,96.83,MEASLES,743.3
KAZ,Kazakhstan,2023.0,HEPB_BD,90.72,MEASLES,743.3
KAZ,Kazakhstan,2023.0,HEPB_BDALL,90.58,MEASLES,743.3
KAZ,Kazakhstan,2023.0,HIB3,98.72,MEASLES,743.3
KAZ,Kazakhstan,2023.0,IPV1,98.15,MEASLES,743.3
KAZ,Kazakhstan,2023.0,IPV2,98.35,MEASLES,743.3
KAZ,Kazakhstan,2023.0,MCV1,99.53,MEASLES,743.3
KAZ,Kazakhstan,2023.0,MCV2,99.4,MEASLES,743.3
KAZ,Kazakhstan,2023.0,PCV1,98.15,MEASLES,743.3
KAZ,Kazakhstan,2023.0,PCV2,98.83,MEASLES,743.3
KAZ,Kazakhstan,2023.0,PCV3,98.27,MEASLES,743.3
KAZ,Kazakhstan,2023.0,PERCV4,97.33,MEASLES,743.3
KAZ,Kazakhstan,2023.0,POL3,98.72,MEASLES,743.3
KAZ,Kazakhstan,2023.0,RCV1,99.53,MEASLES,743.3
KAZ,Kazakhstan,2023.0,TT2PLUS,98.6,MEASLES,743.3
KAZ,Kazakhstan,2023.0,TTCV4,97.33,MEASLES,743.3
KAZ,Kazakhstan,2023.0,TTCV5,93.12,MEASLES,743.3
KAZ,Kazakhstan,2023.0,TTCV6,98.72,MEASLES,743.3
BDI,Burundi,2021.0,DTPCV1,93.75,TYPHOID,742.3
BDI,Burundi,2021.0,DTPCV3,91.66,TYPHOID,742.3
BDI,Burundi,2021.0,HEPB3,91.66,TYPHOID,742.3
BDI,Burundi,2021.0,HIB3,91.66,TYPHOID,742.3
BDI,Burundi,2021.0,IPV1,92.03,TYPHOID,742.3
BDI,Burundi,2021.0,PCV1,92.8,TYPHOID,742.3
BDI,Burundi,2021.0,PCV2,91.6,TYPHOID,742.3
BDI,Burundi,2021.0,PCV3,91.79,TYPHOID,742.3
BDI,Burundi,2021.0,POL3,91.8,TYPHOID,742.3
BDI,Burundi,2021.0,ROTA1,92.24,TYPHOID,742.3
BDI,Burundi,2021.0,ROTAC,92.02,TYPHOID,742.3
BGR,Bulgaria,2008.0,BCG,98.0,MUMPS,740.8
BGR,Bulgaria,2008.0,DTPCV1,97.0,MUMPS,740.8
BGR,Bulgaria,2008.0,DTPCV3,95.0,MUMPS,740.8
BGR,Bulgaria,2008.0,HEPB3,96.0,MUMPS,740.8
BGR,Bulgaria,2008.0,HEPB_BD,98.27,MUMPS,740.8
BGR,Bulgaria,2008.0,MCV1,96.0,MUMPS,740.8
BGR,Bulgaria,2008.0,MCV2,94.2,MUMPS,740.8
BGR,Bulgaria,2008.0,POL3,96.0,MUMPS,740.8
BGR,Bulgaria,2008.0,RCV1,95.93,MUMPS,740.8
BLZ,Belize,1986.0,DTPCV1,98.0,MEASLES,740.1
ALB,Albania,1997.0,BCG,94.0,MEASLES,738.8
ALB,Albania,1997.0,DTPCV1,99.0,MEASLES,738.8
ALB,Albania,1997.0,DTPCV3,99.0,MEASLES,738.8
ALB,Albania,1997.0,HEPB3,97.1,MEASLES,738.8
ALB,Albania,1997.0,MCV1,95.0,MEASLES,738.8
ALB,Albania,1997.0,PAB,92.0,MEASLES,738.8
ALB,Albania,1997.0,POL3,99.0,MEASLES,738.8
ALB,Albania,1997.0,TT2PLUS,99.0,MEASLES,738.8
BTN,Bhutan,1991.0,BCG,97.67,MEASLES,735.3
BTN,Bhutan,1991.0,DTPCV1,97.0,MEASLES,735.3
BTN,Bhutan,1991.0,DTPCV3,93.67,MEASLES,735.3
BTN,Bhutan,1991.0,POL3,93.67,MEASLES,735.3
ISR,Israel,1985.0,DTPCV1,95.0,MEASLES,732.0
BEL,Belgium,1993.0,DTPCV1,98.0,MEASLES,731.1
BEL,Belgium,1993.0,DTPCV3,97.0,MEASLES,731.1
BEL,Belgium,1993.0,POL3,94.0,MEASLES,731.1
BEL,Belgium,1993.0,TT2PLUS,97.0,MEASLES,731.1
BIH,Bosnia and Herzegovina,2010.0,BCG,97.09,RUBELLA,730.4
BIH,Bosnia and Herzegovina,2010.0,DTPCV1,91.22,RUBELLA,730.4
BIH,Bosnia and Herzegovina,2010.0,HEPB_BD,95.25,RUBELLA,730.4
BIH,Bosnia and Herzegovina,2010.0,MCV1,90.67,RUBELLA,730.4
BIH,Bosnia and Herzegovina,2010.0,MCV2,90.72,RUBELLA,730.4
BIH,Bosnia and Herzegovina,2010.0,RCV1,91.0,RUBELLA,730.4
NOR,Norway,2010.0,DTPCV1,99.0,PERTUSSIS,729.2
NOR,Norway,2010.0,DTPCV3,93.0,PERTUSSIS,729.2
NOR,Norway,2010.0,HIB3,94.0,PERTUSSIS,729.2
NOR,Norway,2010.0,MCV1,93.0,PERTUSSIS,729.2
NOR,Norway,2010.0,MCV2,97.0,PERTUSSIS,729.2
NOR,Norway,2010.0,PCV1,98.0,PERTUSSIS,729.2
NOR,Norway,2010.0,PCV3,91.0,PERTUSSIS,729.2
NOR,Norway,2010.0,POL3,93.0,PERTUSSIS,729.2
NOR,Norway,2010.0,RCV1,93.0,PERTUSSIS,729.2
GEO,Georgia,2001.0,BCG,94.17,MUMPS,728.6
GEO,Georgia,2001.0,DTPCV1,97.27,MUMPS,728.6
MDA,Republic of Moldova,1990.0,BCG,96.0,MEASLES,728.4
MDA,Republic of Moldova,1990.0,MCV1,94.0,MEASLES,728.4
MDA,Republic of Moldova,1990.0,POL3,91.0,MEASLES,728.4
CHE,Switzerland,1992.0,DTPCV1,93.0,PERTUSSIS,727.3
CHE,Switzerland,1992.0,POL3,95.0,PERTUSSIS,727.3
ZWE,Zimbabwe,2010.0,BCG,99.5,MEASLES,725.9
ZWE,Zimbabwe,2010.0,DTPCV1,95.0,MEASLES,725.9
ZWE,Zimbabwe,2010.0,VAD1,95.0,MEASLES,725.9
DZA,Algeria,1996.0,BCG,94.0,MEASLES,723.4
DZA,Algeria,1996.0,DTPCV1,96.0,MEASLES,723.4
SRB,Serbia,2018.0,BCG,98.07,MEASLES,723.1
SRB,Serbia,2018.0,DIPHCV4,91.1,MEASLES,723.1
SRB,Serbia,2018.0,DIPHCV5,93.7,MEASLES,723.1
SRB,Serbia,2018.0,DTPCV1,98.0,MEASLES,723.1
SRB,Serbia,2018.0,DTPCV3,95.73,MEASLES,723.1
SRB,Serbia,2018.0,HEPB3,90.63,MEASLES,723.1
SRB,Serbia,2018.0,HEPB_BD,99.0,MEASLES,723.1
SRB,Serbia,2018.0,HIB3,95.73,MEASLES,723.1
SRB,Serbia,2018.0,IPV1,98.0,MEASLES,723.1
SRB,Serbia,2018.0,MCV1,92.63,MEASLES,723.1
SRB,Serbia,2018.0,MCV2,90.47,MEASLES,723.1
SRB,Serbia,2018.0,PERCV4,91.1,MEASLES,723.1
SRB,Serbia,2018.0,POL3,95.73,MEASLES,723.1
SRB,Serbia,2018.0,RCV1,92.63,MEASLES,723.1
SRB,Serbia,2018.0,TTCV4,91.1,MEASLES,723.1
SRB,Serbia,2018.0,TTCV5,93.7,MEASLES,723.1
BEL,Belgium,1991.0,DTPCV1,97.0,MEASLES,721.7
BEL,Belgium,1991.0,DTPCV3,92.0,MEASLES,721.7
BEL,Belgium,1991.0,POL3,93.0,MEASLES,721.7
BEL,Belgium,1991.0,TT2PLUS,92.0,MEASLES,721.7
ITA,Italy,1997.0,DTPCV1,98.0,MEASLES,721.4
ITA,Italy,1997.0,HEPB3,95.0,MEASLES,721.4
ITA,Italy,1997.0,POL3,98.0,MEASLES,721.4
CHE,Switzerland,1993.0,DTPCV1,93.0,PERTUSSIS,720.7
CHE,Switzerland,1993.0,POL3,95.0,PERTUSSIS,720.7
GHA,Ghana,2018.0,BCG,98.15,MUMPS,720.3
GHA,Ghana,2018.0,DTPCV1,97.92,MUMPS,720.3
GHA,Ghana,2018.0,DTPCV3,97.97,MUMPS,720.3
GHA,Ghana,2018.0,HEPB3,97.97,MUMPS,720.3
GHA,Ghana,2018.0,HIB3,97.97,MUMPS,720.3
GHA,Ghana,2018.0,MCV1,92.91,MUMPS,720.3
GHA,Ghana,2018.0,PCV1,98.0,MUMPS,720.3
GHA,Ghana,2018.0,PCV2,97.04,MUMPS,720.3
GHA,Ghana,2018.0,PCV3,96.0,MUMPS,720.3
GHA,Ghana,2018.0,POL3,98.0,MUMPS,720.3
GHA,Ghana,2018.0,RCV1,92.91,MUMPS,720.3
GHA,Ghana,2018.0,ROTA1,97.47,MUMPS,720.3
GHA,Ghana,2018.0,ROTAC,94.77,MUMPS,720.3
GHA,Ghana,2018.0,VAD1,92.35,MUMPS,720.3
GHA,Ghana,2018.0,YFV,91.84,MUMPS,720.3
NOR,Norway,1983.0,BCG,90.0,PERTUSSIS,719.2
NOR,Norway,1983.0,DTPCV1,96.0,PERTUSSIS,719.2
NOR,Norway,1983.0,DTPCV3,90.0,PERTUSSIS,719.2
NOR,Norway,1983.0,POL3,90.0,PERTUSSIS,719.2
CRI,Costa Rica,1992.0,BCG,94.0,MEASLES,718.9
CRI,Costa Rica,1992.0,DTPCV1,95.0,MEASLES,718.9
CRI,Costa Rica,1992.0,DTPCV3,90.33,MEASLES,718.9
CRI,Costa Rica,1992.0,POL3,91.0,MEASLES,718.9
CRI,Costa Rica,1992.0,RCV1,92.0,MEASLES,718.9
ALB,Albania,2003.0,BCG,95.07,MUMPS,717.1
ALB,Albania,2003.0,DTPCV1,97.13,MUMPS,717.1
ALB,Albania,2003.0,DTPCV3,97.0,MUMPS,717.1
ALB,Albania,2003.0,HEPB3,97.13,MUMPS,717.1
ALB,Albania,2003.0,HEPB_BD,98.27,MUMPS,717.1
ALB,Albania,2003.0,MCV1,93.13,MUMPS,717.1
ALB,Albania,2003.0,MCV2,93.13,MUMPS,717.1
ALB,Albania,2003.0,POL3,97.07,MUMPS,717.1
ALB,Albania,2003.0,RCV1,93.0,MUMPS,717.1
BFA,Burkina Faso,2019.0,BCG,94.67,MUMPS,716.0
BFA,Burkina Faso,2019.0,DTPCV1,94.33,MUMPS,716.0
BFA,Burkina Faso,2019.0,DTPCV3,91.33,MUMPS,716.0
BFA,Burkina Faso,2019.0,HEPB3,91.33,MUMPS,716.0
BFA,Burkina Faso,2019.0,HIB3,91.33,MUMPS,716.0
BFA,Burkina Faso,2019.0,PAB,92.0,MUMPS,716.0
BFA,Burkina Faso,2019.0,PCV1,94.0,MUMPS,716.0
BFA,Burkina Faso,2019.0,PCV2,90.5,MUMPS,716.0
BFA,Burkina Faso,2019.0,PCV3,91.33,MUMPS,716.0
BFA,Burkina Faso,2019.0,POL3,91.33,MUMPS,716.0
OMN,Oman,1990.0,BCG,96.0,MEASLES,715.4
OMN,Oman,1990.0,DTPCV1,98.0,MEASLES,715.4
OMN,Oman,1990.0,DTPCV3,98.0,MEASLES,715.4
OMN,Oman,1990.0,MCV1,98.0,MEASLES,715.4
OMN,Oman,1990.0,PAB,93.0,MEASLES,715.4
OMN,Oman,1990.0,POL3,98.0,MEASLES,715.4
OMN,Oman,1990.0,TT2PLUS,97.0,MEASLES,715.4
BLR,Belarus,2002.0,BCG,99.1,MUMPS,713.4
BLR,Belarus,2002.0,DTPCV1,99.0,MUMPS,713.4
BLR,Belarus,2002.0,DTPCV3,98.95,MUMPS,713.4
BLR,Belarus,2002.0,HEPB3,98.9,MUMPS,713.4
BLR,Belarus,2002.0,MCV1,99.0,MUMPS,713.4
BLR,Belarus,2002.0,MCV2,98.25,MUMPS,713.4
BLR,Belarus,2002.0,POL3,99.0,MUMPS,713.4
BLR,Belarus,2002.0,RCV1,99.0,MUMPS,713.4
QAT,Qatar,1990.0,BCG,97.0,MEASLES,713.4
QAT,Qatar,1990.0,DTPCV1,94.0,MEASLES,713.4
BEL,Belgium,1996.0,DTPCV1,98.0,MEASLES,710.9
BEL,Belgium,1996.0,DTPCV3,95.0,MEASLES,710.9
BEL,Belgium,1996.0,POL3,94.0,MEASLES,710.9
BEL,Belgium,1996.0,TT2PLUS,95.0,MEASLES,710.9
VEN,Venezuela (Bolivarian Republic of),1994.0,BCG,95.0,MEASLES,707.2
VEN,Venezuela (Bolivarian Republic of),1994.0,MCV1,94.0,MEASLES,707.2
ITA,Italy,1999.0,DTPCV1,98.0,MUMPS,706.3
ITA,Italy,1999.0,HEPB3,95.07,MUMPS,706.3
ITA,Italy,1999.0,POL3,97.0,MUMPS,706.3
LBY,Libya,2002.0,BCG,99.0,MEASLES,706.2
LBY,Libya,2002.0,DTPCV1,96.9,MEASLES,706.2
LBY,Libya,2002.0,DTPCV3,93.25,MEASLES,706.2
LBY,Libya,2002.0,HEPB3,90.9,MEASLES,706.2
LBY,Libya,2002.0,HEPB_BD,99.0,MEASLES,706.2
LBY,Libya,2002.0,MCV1,91.0,MEASLES,706.2
LBY,Libya,2002.0,POL3,93.25,MEASLES,706.2
LBY,Libya,2002.0,RCV1,91.0,MEASLES,706.2
ARE,United Arab Emirates,1988.0,BCG,93.67,MEASLES,705.8
ARE,United Arab Emirates,1988.0,DTPCV1,94.0,MEASLES,705.8
SRB,Serbia,1983.0,MCV1,95.0,PERTUSSIS,705.7
MKD,North Macedonia,2019.0,BCG,93.0,MEASLES,704.6
MKD,North Macedonia,2019.0,DTPCV1,98.0,MEASLES,704.6
MKD,North Macedonia,2019.0,DTPCV3,92.0,MEASLES,704.6
MKD,North Macedonia,2019.0,HEPB3,92.0,MEASLES,704.6
MKD,North Macedonia,2019.0,HEPB_BD,98.0,MEASLES,704.6
MKD,North Macedonia,2019.0,HIB3,92.0,MEASLES,704.6
MKD,North Macedonia,2019.0,IPV1,98.0,MEASLES,704.6
MKD,North Macedonia,2019.0,MCV2,94.0,MEASLES,704.6
MKD,North Macedonia,2019.0,POL3,92.0,MEASLES,704.6
DOM,Dominican Republic,1984.0,POL3,99.0,MEASLES,704.2
OMN,Oman,2003.0,BCG,98.05,MUMPS,704.0
OMN,Oman,2003.0,DTPCV1,98.41,MUMPS,704.0
OMN,Oman,2003.0,DTPCV3,98.83,MUMPS,704.0
OMN,Oman,2003.0,HEPB3,99.66,MUMPS,704.0
OMN,Oman,2003.0,HEPB_BD,98.77,MUMPS,704.0
OMN,Oman,2003.0,HIB3,99.61,MUMPS,704.0
OMN,Oman,2003.0,MCV1,97.93,MUMPS,704.0
OMN,Oman,2003.0,MCV2,97.79,MUMPS,704.0
OMN,Oman,2003.0,PAB,94.0,MUMPS,704.0
OMN,Oman,2003.0,POL3,99.66,MUMPS,704.0
OMN,Oman,2003.0,RCV1,98.0,MUMPS,704.0
OMN,Oman,2003.0,VAD1,99.33,MUMPS,704.0
GBR,United Kingdom of Great Britain and Northern Ireland,1986.0,BCG,96.0,PERTUSSIS,703.7
GAB,Gabon,1988.0,BCG,95.33,MEASLES,703.5
BTN,Bhutan,2000.0,BCG,97.0,MEASLES,700.3
BTN,Bhutan,2000.0,DTPCV1,98.0,MEASLES,700.3
BTN,Bhutan,2000.0,DTPCV3,92.0,MEASLES,700.3
BTN,Bhutan,2000.0,HEPB3,98.0,MEASLES,700.3
BTN,Bhutan,2000.0,POL3,98.0,MEASLES,700.3
POL,Poland,1980.0,BCG,93.0,MEASLES,699.4
POL,Poland,1980.0,DTPCV1,98.0,MEASLES,699.4
POL,Poland,1980.0,DTPCV3,96.0,MEASLES,699.4
POL,Poland,1980.0,MCV1,92.0,MEASLES,699.4
POL,Poland,1980.0,POL3,96.0,MEASLES,699.4
BEN,Benin,1993.0,BCG,90.33,MEASLES,698.5
NOR,Norway,2002.0,BCG,91.0,PERTUSSIS,698.5
NOR,Norway,2002.0,DTPCV1,96.67,PERTUSSIS,698.5
NOR,Norway,2002.0,DTPCV3,93.0,PERTUSSIS,698.5
NOR,Norway,2002.0,HIB3,95.0,PERTUSSIS,698.5
NOR,Norway,2002.0,MCV2,90.0,PERTUSSIS,698.5
NOR,Norway,2002.0,POL3,93.0,PERTUSSIS,698.5
BGR,Bulgaria,2007.0,BCG,98.0,MUMPS,698.4
BGR,Bulgaria,2007.0,DTPCV1,96.0,MUMPS,698.4
BGR,Bulgaria,2007.0,DTPCV3,95.0,MUMPS,698.4
BGR,Bulgaria,2007.0,HEPB3,95.0,MUMPS,698.4
BGR,Bulgaria,2007.0,HEPB_BD,98.33,MUMPS,698.4
BGR,Bulgaria,2007.0,MCV1,96.0,MUMPS,698.4
BGR,Bulgaria,2007.0,MCV2,94.0,MUMPS,698.4
BGR,Bulgaria,2007.0,POL3,95.0,MUMPS,698.4
BGR,Bulgaria,2007.0,RCV1,96.0,MUMPS,698.4
KOR,Republic of Korea,2000.0,DTPCV1,96.87,MEASLES,698.1
KOR,Republic of Korea,2000.0,DTPCV3,96.87,MEASLES,698.1
KOR,Republic of Korea,2000.0,HEPB3,93.0,MEASLES,698.1
KOR,Republic of Korea,2000.0,HEPB_BD,92.6,MEASLES,698.1
KOR,Republic of Korea,2000.0,MCV1,95.0,MEASLES,698.1
KOR,Republic of Korea,2000.0,POL3,99.27,MEASLES,698.1
KOR,Republic of Korea,2000.0,RCV1,95.0,MEASLES,698.1
VEN,Venezuela (Bolivarian Republic of),1984.0,BCG,92.0,MEASLES,695.7
CPV,Cabo Verde,1987.0,BCG,99.67,PERTUSSIS,694.1
CPV,Cabo Verde,1987.0,DTPCV1,97.0,PERTUSSIS,694.1
CPV,Cabo Verde,1987.0,DTPCV3,92.0,PERTUSSIS,694.1
ESP,Spain,1987.0,DTPCV1,91.0,PERTUSSIS,693.9
KAZ,Kazakhstan,2019.0,DIPHCV4,96.2,MEASLES,693.7
KAZ,Kazakhstan,2019.0,DIPHCV5,97.3,MEASLES,693.7
KAZ,Kazakhstan,2019.0,DIPHCV6,97.3,MEASLES,693.7
KAZ,Kazakhstan,2019.0,DTPCV1,99.07,MEASLES,693.7
KAZ,Kazakhstan,2019.0,DTPCV3,97.1,MEASLES,693.7
KAZ,Kazakhstan,2019.0,FLU_CHRONIC_ADULT,100.0,MEASLES,693.7
KAZ,Kazakhstan,2019.0,FLU_CHRONIC_ALL,98.0,MEASLES,693.7
KAZ,Kazakhstan,2019.0,FLU_CHRONIC_PED,96.0,MEASLES,693.7
KAZ,Kazakhstan,2019.0,FLU_HCW,95.0,MEASLES,693.7
KAZ,Kazakhstan,2019.0,FLU_PW,99.0,MEASLES,693.7
KAZ,Kazakhstan,2019.0,HEPB3,97.1,MEASLES,693.7
KAZ,Kazakhstan,2019.0,HEPB_BD,93.0,MEASLES,693.7
KAZ,Kazakhstan,2019.0,HEPB_BDALL,94.7,MEASLES,693.7
KAZ,Kazakhstan,2019.0,HIB3,97.1,MEASLES,693.7
KAZ,Kazakhstan,2019.0,IPV1,99.07,MEASLES,693.7
KAZ,Kazakhstan,2019.0,MCV1,99.0,MEASLES,693.7
KAZ,Kazakhstan,2019.0,MCV2,97.87,MEASLES,693.7
KAZ,Kazakhstan,2019.0,PCV1,96.0,MEASLES,693.7
KAZ,Kazakhstan,2019.0,PCV2,94.3,MEASLES,693.7
KAZ,Kazakhstan,2019.0,PERCV4,96.2,MEASLES,693.7
KAZ,Kazakhstan,2019.0,POL3,97.1,MEASLES,693.7
KAZ,Kazakhstan,2019.0,RCV1,99.07,MEASLES,693.7
KAZ,Kazakhstan,2019.0,TTCV4,96.2,MEASLES,693.7
KAZ,Kazakhstan,2019.0,TTCV5,97.3,MEASLES,693.7
KAZ,Kazakhstan,2019.0,TTCV6,97.3,MEASLES,693.7
KAZ,Kazakhstan,2019.0,TYPHOID,90.0,MEASLES,693.7
ROU,Romania,2006.0,BCG,99.0,MUMPS,690.2
ROU,Romania,2006.0,DTPCV1,97.0,MUMPS,690.2
ROU,Romania,2006.0,DTPCV3,97.0,MUMPS,690.2
ROU,Romania,2006.0,HEPB3,99.0,MUMPS,690.2
ROU,Romania,2006.0,HEPB_BD,99.4,MUMPS,690.2
ROU,Romania,2006.0,MCV1,95.0,MUMPS,690.2
ROU,Romania,2006.0,MCV2,96.0,MUMPS,690.2
ROU,Romania,2006.0,POL3,97.0,MUMPS,690.2
ROU,Romania,2006.0,RCV1,95.0,MUMPS,690.2
BLR,Belarus,2001.0,BCG,99.15,RUBELLA,690.0
BLR,Belarus,2001.0,DTPCV1,99.0,RUBELLA,690.0
BLR,Belarus,2001.0,DTPCV3,99.15,RUBELLA,690.0
BLR,Belarus,2001.0,HEPB3,93.2,RUBELLA,690.0
BLR,Belarus,2001.0,MCV1,98.95,RUBELLA,690.0
BLR,Belarus,2001.0,MCV2,97.2,RUBELLA,690.0
BLR,Belarus,2001.0,POL3,99.15,RUBELLA,690.0
BLR,Belarus,2001.0,RCV1,99.0,RUBELLA,690.0
BIH,Bosnia and Herzegovina,1998.0,BCG,92.0,MEASLES,687.4
BIH,Bosnia and Herzegovina,1998.0,DTPCV1,91.0,MEASLES,687.4
JOR,Jordan,1993.0,DTPCV1,93.0,MEASLES,686.5
JOR,Jordan,1993.0,DTPCV3,93.0,MEASLES,686.5
JOR,Jordan,1993.0,POL3,93.0,MEASLES,686.5
SWE,Sweden,1986.0,DTPCV1,99.0,PERTUSSIS,686.5
SWE,Sweden,1986.0,DTPCV3,99.0,PERTUSSIS,686.5
SWE,Sweden,1986.0,MCV1,94.0,PERTUSSIS,686.5
SWE,Sweden,1986.0,POL3,98.67,PERTUSSIS,686.5
SWE,Sweden,1986.0,RCV1,94.0,PERTUSSIS,686.5
PHL,Philippines,1990.0,BCG,96.0,MEASLES,683.1
PHL,Philippines,1990.0,DTPCV1,96.0,MEASLES,683.1
CAF,Central African Republic,2020.0,PCV1,99.23,MEASLES,683.0
AZE,Azerbaijan,2004.0,BCG,93.07,RUBELLA,682.7
AZE,Azerbaijan,2004.0,DTPCV1,93.07,RUBELLA,682.7
AZE,Azerbaijan,2004.0,HEPB_BD,93.2,RUBELLA,682.7
AZE,Azerbaijan,2004.0,POL3,90.73,RUBELLA,682.7
THA,Thailand,1988.0,DTPCV1,93.0,MEASLES,681.4
PNG,Papua New Guinea,1991.0,BCG,91.67,MEASLES,681.3
PNG,Papua New Guinea,1991.0,DTPCV1,93.0,MEASLES,681.3
WSM,Samoa,2019.0,BCG,96.17,TYPHOID,676.9
WSM,Samoa,2019.0,DTPCV1,96.95,TYPHOID,676.9
WSM,Samoa,2019.0,MCV1,96.03,TYPHOID,676.9
WSM,Samoa,2019.0,RCV1,96.03,TYPHOID,676.9
ISL,Iceland,1984.0,DTPCV1,99.0,MEASLES,676.4
ISL,Iceland,1984.0,DTPCV3,99.0,MEASLES,676.4
ISL,Iceland,1984.0,MCV1,96.0,MEASLES,676.4
ISL,Iceland,1984.0,POL3,99.0,MEASLES,676.4
ISL,Iceland,1984.0,RCV1,96.0,MEASLES,676.4
MLT,Malta,1991.0,DTPCV1,95.0,PERTUSSIS,675.9
MLT,Malta,1991.0,MCV1,90.0,PERTUSSIS,675.9
MLT,Malta,1991.0,RCV1,90.0,PERTUSSIS,675.9
AUS,Australia,2008.0,DTPCV1,97.0,PERTUSSIS,675.5
AUS,Australia,2008.0,DTPCV3,92.0,PERTUSSIS,675.5
AUS,Australia,2008.0,HEPB3,94.0,PERTUSSIS,675.5
AUS,Australia,2008.0,HIB3,94.0,PERTUSSIS,675.5
AUS,Australia,2008.0,MCV1,94.0,PERTUSSIS,675.5
AUS,Australia,2008.0,PCV3,91.0,PERTUSSIS,675.5
AUS,Australia,2008.0,POL3,92.0,PERTUSSIS,675.5
AUS,Australia,2008.0,RCV1,94.0,PERTUSSIS,675.5
GHA,Ghana,2017.0,BCG,99.0,MUMPS,675.5
GHA,Ghana,2017.0,DTPCV1,99.0,MUMPS,675.5
GHA,Ghana,2017.0,DTPCV3,99.0,MUMPS,675.5
GHA,Ghana,2017.0,HEPB3,99.0,MUMPS,675.5
GHA,Ghana,2017.0,HIB3,99.0,MUMPS,675.5
GHA,Ghana,2017.0,MCV1,94.85,MUMPS,675.5
GHA,Ghana,2017.0,PCV1,99.0,MUMPS,675.5
GHA,Ghana,2017.0,PCV2,98.85,MUMPS,675.5
GHA,Ghana,2017.0,PCV3,99.0,MUMPS,675.5
GHA,Ghana,2017.0,POL3,93.99,MUMPS,675.5
GHA,Ghana,2017.0,RCV1,94.85,MUMPS,675.5
GHA,Ghana,2017.0,ROTA1,99.5,MUMPS,675.5
GHA,Ghana,2017.0,ROTAC,97.08,MUMPS,675.5
GHA,Ghana,2017.0,VAD1,90.0,MUMPS,675.5
MYS,Malaysia,1980.0,BCG,94.0,MEASLES,672.2
NIC,Nicaragua,1986.0,BCG,99.0,MEASLES,672.1
NIC,Nicaragua,1986.0,POL3,94.0,MEASLES,672.1
ISR,Israel,2010.0,DTPCV1,95.0,MUMPS,671.0
ISR,Israel,2010.0,DTPCV3,95.0,MUMPS,671.0
ISR,Israel,2010.0,HEPB3,97.0,MUMPS,671.0
ISR,Israel,2010.0,HEPB_BD,97.0,MUMPS,671.0
ISR,Israel,2010.0,HIB3,95.0,MUMPS,671.0
ISR,Israel,2010.0,MCV1,96.0,MUMPS,671.0
ISR,Israel,2010.0,MCV2,93.0,MUMPS,671.0
ISR,Israel,2010.0,PCV3,92.0,MUMPS,671.0
ISR,Israel,2010.0,POL3,95.0,MUMPS,671.0
ISR,Israel,2010.0,RCV1,96.0,MUMPS,671.0
BWA,Botswana,1996.0,DTPCV1,98.0,MEASLES,670.6
MYS,Malaysia,1982.0,BCG,95.07,MEASLES,670.0
MYS,Malaysia,1982.0,DTPCV1,90.0,MEASLES,670.0
LBY,Libya,1984.0,DTPCV1,93.0,MEASLES,669.4
IRQ,Iraq,1989.0,BCG,97.33,MEASLES,669.0
IRQ,Iraq,1989.0,DTPCV1,98.5,MEASLES,669.0
IRQ,Iraq,1989.0,DTPCV3,93.67,MEASLES,669.0
IRQ,Iraq,1989.0,POL3,93.67,MEASLES,669.0
GHA,Ghana,2001.0,BCG,92.5,MEASLES,668.2
SYR,Syrian Arab Republic,1999.0,BCG,97.0,MUMPS,667.7
SYR,Syrian Arab Republic,1999.0,DTPCV1,97.67,MUMPS,667.7
SYR,Syrian Arab Republic,1999.0,DTPCV3,93.33,MUMPS,667.7
SYR,Syrian Arab Republic,1999.0,MCV1,93.33,MUMPS,667.7
SYR,Syrian Arab Republic,1999.0,MCV2,94.0,MUMPS,667.7
SYR,Syrian Arab Republic,1999.0,POL3,93.67,MUMPS,667.7
URY,Uruguay,2005.0,BCG,99.52,MUMPS,667.4
URY,Uruguay,2005.0,DTPCV1,99.06,MUMPS,667.4
URY,Uruguay,2005.0,DTPCV3,96.04,MUMPS,667.4
URY,Uruguay,2005.0,HEPB3,96.04,MUMPS,667.4
URY,Uruguay,2005.0,HIB3,96.04,MUMPS,667.4
URY,Uruguay,2005.0,MCV1,95.0,MUMPS,667.4
URY,Uruguay,2005.0,POL3,96.03,MUMPS,667.4
URY,Uruguay,2005.0,RCV1,94.99,MUMPS,667.4
MNG,Mongolia,2002.0,BCG,98.0,MUMPS,663.6
MNG,Mongolia,2002.0,DTPCV1,96.67,MUMPS,663.6
MNG,Mongolia,2002.0,DTPCV3,98.0,MUMPS,663.6
MNG,Mongolia,2002.0,HEPB3,98.0,MUMPS,663.6
MNG,Mongolia,2002.0,HEPB_BD,98.15,MUMPS,663.6
MNG,Mongolia,2002.0,MCV1,98.0,MUMPS,663.6
MNG,Mongolia,2002.0,MCV2,95.9,MUMPS,663.6
MNG,Mongolia,2002.0,POL3,98.0,MUMPS,663.6
THA,Thailand,1994.0,DTPCV1,97.0,MEASLES,663.6
THA,Thailand,1994.0,TT2PLUS,90.0,MEASLES,663.6
JPN,Japan,2003.0,BCG,96.0,MUMPS,663.2
JPN,Japan,2003.0,DTPCV1,99.0,MUMPS,663.2
JPN,Japan,2003.0,DTPCV3,97.0,MUMPS,663.2
JPN,Japan,2003.0,MCV1,98.0,MUMPS,663.2
JPN,Japan,2003.0,POL3,97.0,MUMPS,663.2
JPN,Japan,2003.0,RCV1,98.0,MUMPS,663.2
ISR,Israel,2015.0,DTPCV1,95.0,PERTUSSIS,662.9
ISR,Israel,2015.0,DTPCV3,95.0,PERTUSSIS,662.9
ISR,Israel,2015.0,HEPB3,96.0,PERTUSSIS,662.9
ISR,Israel,2015.0,HEPB_BD,96.0,PERTUSSIS,662.9
ISR,Israel,2015.0,HIB3,95.0,PERTUSSIS,662.9
ISR,Israel,2015.0,IPV1,95.0,PERTUSSIS,662.9
ISR,Israel,2015.0,MCV1,98.0,PERTUSSIS,662.9
ISR,Israel,2015.0,MCV2,96.93,PERTUSSIS,662.9
ISR,Israel,2015.0,PCV3,94.0,PERTUSSIS,662.9
ISR,Israel,2015.0,POL3,95.0,PERTUSSIS,662.9
ISR,Israel,2015.0,RCV1,98.0,PERTUSSIS,662.9
JPN,Japan,2004.0,DTPCV1,99.0,MUMPS,662.5
JPN,Japan,2004.0,DTPCV3,99.67,MUMPS,662.5
JPN,Japan,2004.0,MCV1,98.0,MUMPS,662.5
JPN,Japan,2004.0,POL3,97.0,MUMPS,662.5
JPN,Japan,2004.0,RCV1,99.0,MUMPS,662.5
MDA,Republic of Moldova,2000.0,BCG,99.0,RUBELLA,661.9
MDA,Republic of Moldova,2000.0,DTPCV1,96.0,RUBELLA,661.9
MDA,Republic of Moldova,2000.0,DTPCV3,95.0,RUBELLA,661.9
MDA,Republic of Moldova,2000.0,HEPB3,92.0,RUBELLA,661.9
MDA,Republic of Moldova,2000.0,HEPB_BD,93.0,RUBELLA,661.9
MDA,Republic of Moldova,2000.0,POL3,97.0,RUBELLA,661.9
DZA,Algeria,1997.0,BCG,94.0,MEASLES,661.7
DZA,Algeria,1997.0,DTPCV1,96.0,MEASLES,661.7
MNE,Montenegro,2023.0,DTPCV1,92.96,PERTUSSIS,661.4
MNE,Montenegro,2023.0,IPV1,92.96,PERTUSSIS,661.4
DNK,Denmark,1984.0,DTPCV1,95.0,PERTUSSIS,658.9
DNK,Denmark,1984.0,POL3,95.33,PERTUSSIS,658.9
ISL,Iceland,1987.0,DTPCV1,99.0,PERTUSSIS,658.9
ISL,Iceland,1987.0,DTPCV3,99.0,PERTUSSIS,658.9
ISL,Iceland,1987.0,MCV1,97.0,PERTUSSIS,658.9
ISL,Iceland,1987.0,POL3,99.0,PERTUSSIS,658.9
ISL,Iceland,1987.0,RCV1,97.0,PERTUSSIS,658.9
UKR,Ukraine,2004.0,BCG,97.47,RUBELLA,658.7
UKR,Ukraine,2004.0,DTPCV1,97.65,RUBELLA,658.7
UKR,Ukraine,2004.0,DTPCV3,97.97,RUBELLA,658.7
UKR,Ukraine,2004.0,HEPB3,96.77,RUBELLA,658.7
UKR,Ukraine,2004.0,HEPB_BD,99.15,RUBELLA,658.7
UKR,Ukraine,2004.0,MCV1,98.87,RUBELLA,658.7
UKR,Ukraine,2004.0,MCV2,96.97,RUBELLA,658.7
UKR,Ukraine,2004.0,POL3,97.67,RUBELLA,658.7
UKR,Ukraine,2004.0,RCV1,96.7,RUBELLA,658.7
NZL,New Zealand,2005.0,DTPCV1,92.0,PERTUSSIS,657.8
ITA,Italy,2000.0,DTPCV1,98.0,MUMPS,657.7
ITA,Italy,2000.0,HEPB3,94.0,MUMPS,657.7
ITA,Italy,2000.0,POL3,97.0,MUMPS,657.7
MNG,Mongolia,2005.0,BCG,99.0,MUMPS,657.7
MNG,Mongolia,2005.0,DTPCV1,99.0,MUMPS,657.7
MNG,Mongolia,2005.0,DTPCV3,99.0,MUMPS,657.7
MNG,Mongolia,2005.0,HEPB3,98.0,MUMPS,657.7
MNG,Mongolia,2005.0,MCV1,97.0,MUMPS,657.7
MNG,Mongolia,2005.0,MCV2,98.15,MUMPS,657.7
MNG,Mongolia,2005.0,POL3,99.0,MUMPS,657.7
UKR,Ukraine,1999.0,BCG,98.1,MUMPS,657.4
UKR,Ukraine,1999.0,DTPCV1,99.0,MUMPS,657.4
UKR,Ukraine,1999.0,DTPCV3,98.97,MUMPS,657.4
UKR,Ukraine,1999.0,MCV1,98.4,MUMPS,657.4
UKR,Ukraine,1999.0,MCV2,99.6,MUMPS,657.4
UKR,Ukraine,1999.0,POL3,97.0,MUMPS,657.4
CPV,Cabo Verde,1998.0,DTPCV1,93.0,MEASLES,657.1
JOR,Jordan,1982.0,DTPCV1,91.0,MEASLES,656.8
URY,Uruguay,1991.0,BCG,99.0,MEASLES,653.4
URY,Uruguay,1991.0,DTPCV1,98.5,MEASLES,653.4
URY,Uruguay,1991.0,DTPCV3,96.0,MEASLES,653.4
URY,Uruguay,1991.0,MCV1,96.0,MEASLES,653.4
URY,Uruguay,1991.0,POL3,96.0,MEASLES,653.4
URY,Uruguay,1991.0,RCV1,96.0,MEASLES,653.4
ARG,Argentina,1999.0,BCG,96.0,MUMPS,653.0
ARG,Argentina,1999.0,DTPCV1,97.5,MUMPS,653.0
ARG,Argentina,1999.0,MCV1,97.0,MUMPS,653.0
ARG,Argentina,1999.0,POL3,91.0,MUMPS,653.0
ARG,Argentina,1999.0,RCV1,97.0,MUMPS,653.0
TON,Tonga,1990.0,BCG,99.0,MEASLES,652.0
TON,Tonga,1990.0,DTPCV1,97.0,MEASLES,652.0
TON,Tonga,1990.0,DTPCV3,94.0,MEASLES,652.0
TON,Tonga,1990.0,HEPB3,94.0,MEASLES,652.0
TON,Tonga,1990.0,POL3,93.0,MEASLES,652.0
MYS,Malaysia,1983.0,BCG,93.1,MEASLES,651.9
TCA,Turks and Caicos Islands,1991.0,BCG,99.0,MEASLES,650.1
TCA,Turks and Caicos Islands,1991.0,DTPCV3,99.0,MEASLES,650.1
TCA,Turks and Caicos Islands,1991.0,MCV1,99.0,MEASLES,650.1
TCA,Turks and Caicos Islands,1991.0,POL3,99.0,MEASLES,650.1
SEN,Senegal,1990.0,BCG,90.33,MEASLES,648.1
ITA,Italy,1995.0,DTPCV1,98.0,MEASLES,646.8
ITA,Italy,1995.0,HEPB3,95.0,MEASLES,646.8
ITA,Italy,1995.0,POL3,98.0,MEASLES,646.8
WLF,Wallis and Futuna,1993.0,BCG,98.0,MEASLES,646.4
ZMB,Zambia,2002.0,DTPCV1,94.0,MUMPS,646.3
KNA,Saint Kitts and Nevis,1985.0,DTPCV1,97.0,MEASLES,644.8
KNA,Saint Kitts and Nevis,1985.0,DTPCV3,92.0,MEASLES,644.8
KNA,Saint Kitts and Nevis,1985.0,MCV1,91.0,MEASLES,644.8
PYF,French Polynesia,1984.0,BCG,95.0,MEASLES,640.3
WLF,Wallis and Futuna,1994.0,BCG,96.0,MEASLES,639.9
WLF,Wallis and Futuna,1994.0,DTPCV3,93.0,MEASLES,639.9
IRQ,Iraq,1991.0,DTPCV1,90.0,MEASLES,639.3
VEN,Venezuela (Bolivarian Republic of),1980.0,POL3,95.0,MEASLES,639.0
JPN,Japan,2015.0,DTPCV1,99.2,MUMPS,636.8
JPN,Japan,2015.0,DTPCV3,96.13,MUMPS,636.8
JPN,Japan,2015.0,HIB3,96.0,MUMPS,636.8
JPN,Japan,2015.0,IPV1,96.0,MUMPS,636.8
JPN,Japan,2015.0,MCV1,95.67,MUMPS,636.8
JPN,Japan,2015.0,MCV2,93.0,MUMPS,636.8
JPN,Japan,2015.0,PCV3,96.0,MUMPS,636.8
JPN,Japan,2015.0,POL3,99.0,MUMPS,636.8
JPN,Japan,2015.0,RCV1,95.67,MUMPS,636.8
DNK,Denmark,2019.0,15HPV1_F,90.0,PERTUSSIS,635.8
DNK,Denmark,2019.0,DIPHCV4,90.0,PERTUSSIS,635.8
DNK,Denmark,2019.0,DTPCV1,97.0,PERTUSSIS,635.8
DNK,Denmark,2019.0,DTPCV3,96.67,PERTUSSIS,635.8
DNK,Denmark,2019.0,HIB3,96.67,PERTUSSIS,635.8
DNK,Denmark,2019.0,IPV1,97.0,PERTUSSIS,635.8
DNK,Denmark,2019.0,MCV1,95.67,PERTUSSIS,635.8
DNK,Denmark,2019.0,MCV2,90.0,PERTUSSIS,635.8
DNK,Denmark,2019.0,PCV1,97.0,PERTUSSIS,635.8
DNK,Denmark,2019.0,PCV2,97.0,PERTUSSIS,635.8
DNK,Denmark,2019.0,PCV3,96.67,PERTUSSIS,635.8
DNK,Denmark,2019.0,PERCV4,90.0,PERTUSSIS,635.8
DNK,Denmark,2019.0,POL3,96.67,PERTUSSIS,635.8
DNK,Denmark,2019.0,RCV1,95.67,PERTUSSIS,635.8
DNK,Denmark,2019.0,TTCV4,90.0,PERTUSSIS,635.8
TKM,Turkmenistan,1994.0,BCG,97.0,MEASLES,634.7
TKM,Turkmenistan,1994.0,DTPCV1,96.0,MEASLES,634.7
TKM,Turkmenistan,1994.0,DTPCV3,90.0,MEASLES,634.7
TKM,Turkmenistan,1994.0,MCV1,90.0,MEASLES,634.7
TKM,Turkmenistan,1994.0,POL3,94.0,MEASLES,634.7
TKM,Turkmenistan,1994.0,TT2PLUS,90.0,MEASLES,634.7
COG,Congo,1982.0,BCG,91.0,PERTUSSIS,634.4
TJK,Tajikistan,1997.0,BCG,96.2,MEASLES,632.3
TJK,Tajikistan,1997.0,DTPCV1,90.5,MEASLES,632.3
TJK,Tajikistan,1997.0,DTPCV3,90.33,MEASLES,632.3
TJK,Tajikistan,1997.0,MCV1,91.33,MEASLES,632.3
TJK,Tajikistan,1997.0,TT2PLUS,95.0,MEASLES,632.3
ERI,Eritrea,2017.0,PAB,98.95,MUMPS,631.7
ERI,Eritrea,2017.0,VAD1,95.0,MUMPS,631.7
PRT,Portugal,2000.0,DTPCV1,98.85,MUMPS,631.4
PRT,Portugal,2000.0,DTPCV3,96.05,MUMPS,631.4
PRT,Portugal,2000.0,POL3,95.95,MUMPS,631.4
MNG,Mongolia,2000.0,BCG,97.0,RUBELLA,631.3
MNG,Mongolia,2000.0,DTPCV1,95.27,RUBELLA,631.3
MNG,Mongolia,2000.0,DTPCV3,94.33,RUBELLA,631.3
MNG,Mongolia,2000.0,HEPB3,93.0,RUBELLA,631.3
MNG,Mongolia,2000.0,HEPB_BD,96.15,RUBELLA,631.3
MNG,Mongolia,2000.0,MCV1,92.0,RUBELLA,631.3
MNG,Mongolia,2000.0,POL3,94.0,RUBELLA,631.3
KEN,Kenya,2021.0,DTPCV1,94.81,MUMPS,630.9
KEN,Kenya,2021.0,DTPCV3,90.0,MUMPS,630.9
KEN,Kenya,2021.0,HEPB3,90.0,MUMPS,630.9
KEN,Kenya,2021.0,HIB3,90.0,MUMPS,630.9
KEN,Kenya,2021.0,PCV1,92.55,MUMPS,630.9
KEN,Kenya,2021.0,POL3,92.81,MUMPS,630.9
KEN,Kenya,2021.0,ROTA1,90.67,MUMPS,630.9
KEN,Kenya,2021.0,ROTAC,90.71,MUMPS,630.9
DMA,Dominica,1986.0,DTPCV1,97.0,MEASLES,630.2
DMA,Dominica,1986.0,DTPCV3,93.0,MEASLES,630.2
DMA,Dominica,1986.0,MCV1,97.0,MEASLES,630.2
DMA,Dominica,1986.0,POL3,92.0,MEASLES,630.2
IRQ,Iraq,1986.0,DTPCV1,98.0,MEASLES,629.7
IRQ,Iraq,1986.0,DTPCV3,91.0,MEASLES,629.7
IRQ,Iraq,1986.0,POL3,91.0,MEASLES,629.7
SWE,Sweden,1980.0,DTPCV1,99.0,PERTUSSIS,628.2
SWE,Sweden,1980.0,DTPCV3,99.0,PERTUSSIS,628.2
SWE,Sweden,1980.0,POL3,97.0,PERTUSSIS,628.2
SWZ,Eswatini,1994.0,DTPCV1,98.0,MEASLES,628.1
SWZ,Eswatini,1994.0,POL3,96.0,MEASLES,628.1
URY,Uruguay,2007.0,BCG,99.0,MUMPS,627.9
URY,Uruguay,2007.0,DTPCV1,98.33,MUMPS,627.9
URY,Uruguay,2007.0,DTPCV3,94.0,MUMPS,627.9
URY,Uruguay,2007.0,HEPB3,94.0,MUMPS,627.9
URY,Uruguay,2007.0,HIB3,94.0,MUMPS,627.9
URY,Uruguay,2007.0,MCV1,96.0,MUMPS,627.9
URY,Uruguay,2007.0,POL3,94.0,MUMPS,627.9
URY,Uruguay,2007.0,RCV1,96.0,MUMPS,627.9
YEM,Yemen,2022.0,PCV1,96.0,MEASLES,626.4
YEM,Yemen,2022.0,PCV2,92.0,MEASLES,626.4
YEM,Yemen,2022.0,ROTA1,96.0,MEASLES,626.4
RWA,Rwanda,1988.0,DTPCV1,93.0,MEASLES,626.3
MUS,Mauritius,2003.0,BCG,96.67,MEASLES,625.6
MUS,Mauritius,2003.0,DTPCV1,97.33,MEASLES,625.6
MUS,Mauritius,2003.0,DTPCV3,96.67,MEASLES,625.6
MUS,Mauritius,2003.0,HEPB3,95.67,MEASLES,625.6
MUS,Mauritius,2003.0,HEPB_BD,93.0,MEASLES,625.6
MUS,Mauritius,2003.0,MCV1,92.5,MEASLES,625.6
MUS,Mauritius,2003.0,POL3,97.33,MEASLES,625.6
MUS,Mauritius,2003.0,RCV1,91.0,MEASLES,625.6
CHE,Switzerland,1992.0,DTPCV1,93.0,MEASLES,625.4
CHE,Switzerland,1992.0,POL3,95.0,MEASLES,625.4
ARE,United Arab Emirates,1990.0,BCG,96.0,MEASLES,625.3
ARE,United Arab Emirates,1990.0,DTPCV1,95.0,MEASLES,625.3
ESP,Spain,1991.0,DTPCV1,95.0,MEASLES,623.6
AZE,Azerbaijan,2002.0,BCG,93.37,MUMPS,621.9
AZE,Azerbaijan,2002.0,DTPCV1,92.23,MUMPS,621.9
AZE,Azerbaijan,2002.0,DTPCV3,90.04,MUMPS,621.9
AZE,Azerbaijan,2002.0,HEPB_BD,93.34,MUMPS,621.9
AZE,Azerbaijan,2002.0,POL3,93.01,MUMPS,621.9
STP,Sao Tome and Principe,1986.0,BCG,99.0,MEASLES,620.8
ESP,Spain,1992.0,DTPCV1,94.0,MEASLES,620.5
MOZ,Mozambique,2005.0,BCG,90.0,MEASLES,620.5
ZMB,Zambia,2000.0,BCG,95.0,MUMPS,620.2
ZMB,Zambia,2000.0,DTPCV1,93.5,MUMPS,620.2
URY,Uruguay,2015.0,BCG,97.77,MUMPS,619.7
URY,Uruguay,2015.0,DTPCV1,98.99,MUMPS,619.7
URY,Uruguay,2015.0,DTPCV3,94.7,MUMPS,619.7
URY,Uruguay,2015.0,HEPB3,94.7,MUMPS,619.7
URY,Uruguay,2015.0,HIB3,94.7,MUMPS,619.7
URY,Uruguay,2015.0,IPV1,98.99,MUMPS,619.7
URY,Uruguay,2015.0,MCV1,95.8,MUMPS,619.7
URY,Uruguay,2015.0,MCV2,91.33,MUMPS,619.7
URY,Uruguay,2015.0,PCV1,98.99,MUMPS,619.7
URY,Uruguay,2015.0,PCV2,96.03,MUMPS,619.7
URY,Uruguay,2015.0,PCV3,94.23,MUMPS,619.7
URY,Uruguay,2015.0,POL3,94.67,MUMPS,619.7
URY,Uruguay,2015.0,RCV1,95.6,MUMPS,619.7
ARM,Armenia,1996.0,DTPCV1,95.0,MEASLES,618.2
ARM,Armenia,1996.0,POL3,97.0,MEASLES,618.2
TKM,Turkmenistan,1993.0,BCG,94.0,MEASLES,616.5
TKM,Turkmenistan,1993.0,DTPCV1,90.0,MEASLES,616.5
TKM,Turkmenistan,1993.0,POL3,92.0,MEASLES,616.5
PAN,Panama,1998.0,BCG,99.0,RUBELLA,616.1
PAN,Panama,1998.0,DTPCV1,99.0,RUBELLA,616.1
PAN,Panama,1998.0,DTPCV3,98.0,RUBELLA,616.1
PAN,Panama,1998.0,MCV1,96.0,RUBELLA,616.1
PAN,Panama,1998.0,POL3,97.0,RUBELLA,616.1
PAN,Panama,1998.0,RCV1,96.0,RUBELLA,616.1
TCD,Chad,2023.0,BCG,92.0,MEASLES,614.0
SYR,Syrian Arab Republic,2002.0,BCG,96.67,MUMPS,613.9
SYR,Syrian Arab Republic,2002.0,DTPCV1,97.33,MUMPS,613.9
SYR,Syrian Arab Republic,2002.0,DTPCV3,94.0,MUMPS,613.9
SYR,Syrian Arab Republic,2002.0,HEPB3,92.0,MUMPS,613.9
SYR,Syrian Arab Republic,2002.0,HEPB_BD,100.0,MUMPS,613.9
SYR,Syrian Arab Republic,2002.0,HIB3,93.67,MUMPS,613.9
SYR,Syrian Arab Republic,2002.0,MCV1,93.33,MUMPS,613.9
SYR,Syrian Arab Republic,2002.0,MCV2,93.33,MUMPS,613.9
SYR,Syrian Arab Republic,2002.0,PAB,90.0,MUMPS,613.9
SYR,Syrian Arab Republic,2002.0,POL3,94.67,MUMPS,613.9
SYR,Syrian Arab Republic,2002.0,VAD1,98.0,MUMPS,613.9
JPN,Japan,2017.0,BCG,92.93,MUMPS,612.9
JPN,Japan,2017.0,DTPCV1,99.0,MUMPS,612.9
JPN,Japan,2017.0,DTPCV3,99.0,MUMPS,612.9
JPN,Japan,2017.0,HIB3,99.0,MUMPS,612.9
JPN,Japan,2017.0,IPV1,99.0,MUMPS,612.9
JPN,Japan,2017.0,MCV1,97.0,MUMPS,612.9
JPN,Japan,2017.0,MCV2,94.93,MUMPS,612.9
JPN,Japan,2017.0,PCV1,98.7,MUMPS,612.9
JPN,Japan,2017.0,PCV2,98.5,MUMPS,612.9
JPN,Japan,2017.0,PCV3,98.07,MUMPS,612.9
JPN,Japan,2017.0,POL3,96.87,MUMPS,612.9
JPN,Japan,2017.0,RCV1,97.0,MUMPS,612.9
GEO,Georgia,2000.0,BCG,90.03,MUMPS,611.3
GEO,Georgia,2000.0,DTPCV1,92.37,MUMPS,611.3
DOM,Dominican Republic,1993.0,MCV1,90.0,MEASLES,610.6
MDA,Republic of Moldova,2001.0,BCG,99.0,MUMPS,610.1
MDA,Republic of Moldova,2001.0,DTPCV1,97.0,MUMPS,610.1
MDA,Republic of Moldova,2001.0,DTPCV3,97.0,MUMPS,610.1
MDA,Republic of Moldova,2001.0,HEPB3,94.0,MUMPS,610.1
MDA,Republic of Moldova,2001.0,HEPB_BD,91.0,MUMPS,610.1
MDA,Republic of Moldova,2001.0,MCV1,94.0,MUMPS,610.1
MDA,Republic of Moldova,2001.0,POL3,98.0,MUMPS,610.1
ARG,Argentina,1992.0,BCG,99.0,MEASLES,609.9
ARG,Argentina,1992.0,DTPCV1,96.0,MEASLES,609.9
ARG,Argentina,1992.0,MCV1,92.0,MEASLES,609.9
GUY,Guyana,2021.0,DTPCV1,98.27,TYPHOID,609.5
GUY,Guyana,2021.0,DTPCV3,98.29,TYPHOID,609.5
GUY,Guyana,2021.0,HEPB3,98.29,TYPHOID,609.5
GUY,Guyana,2021.0,HIB3,98.29,TYPHOID,609.5
GUY,Guyana,2021.0,IPV1,97.72,TYPHOID,609.5
GUY,Guyana,2021.0,IPV2,93.92,TYPHOID,609.5
GUY,Guyana,2021.0,MCV1,94.88,TYPHOID,609.5
GUY,Guyana,2021.0,PAB,99.0,TYPHOID,609.5
GUY,Guyana,2021.0,PCV3,99.0,TYPHOID,609.5
GUY,Guyana,2021.0,POL3,96.71,TYPHOID,609.5
GUY,Guyana,2021.0,RCV1,94.88,TYPHOID,609.5
GUY,Guyana,2021.0,ROTA1,94.57,TYPHOID,609.5
GUY,Guyana,2021.0,ROTAC,93.14,TYPHOID,609.5
GUY,Guyana,2021.0,TT2PLUS,99.28,TYPHOID,609.5
GUY,Guyana,2021.0,YFV,94.03,TYPHOID,609.5
PNG,Papua New Guinea,1995.0,BCG,90.0,PERTUSSIS,605.9
PNG,Papua New Guinea,1995.0,DTPCV1,97.0,PERTUSSIS,605.9
ZMB,Zambia,2003.0,DTPCV1,93.0,MUMPS,605.8
NOR,Norway,2003.0,DTPCV1,96.33,PERTUSSIS,605.7
NOR,Norway,2003.0,DTPCV3,92.0,PERTUSSIS,605.7
NOR,Norway,2003.0,HIB3,94.0,PERTUSSIS,605.7
NOR,Norway,2003.0,POL3,92.0,PERTUSSIS,605.7
COG,Congo,1983.0,BCG,90.0,PERTUSSIS,605.5
NPL,Nepal,1998.0,DTPCV1,92.0,PERTUSSIS,605.5
SWZ,Eswatini,1997.0,DTPCV1,94.0,MEASLES,605.0
GMB,Gambia,1999.0,BCG,97.0,MEASLES,604.6
GMB,Gambia,1999.0,DTPCV1,97.5,MEASLES,604.6
GMB,Gambia,1999.0,HEPB3,90.5,MEASLES,604.6
GMB,Gambia,1999.0,HIB3,94.0,MEASLES,604.6
GMB,Gambia,1999.0,PAB,91.0,MEASLES,604.6
SRB,Serbia,1997.0,BCG,96.13,MEASLES,602.4
SRB,Serbia,1997.0,DTPCV1,97.0,MEASLES,602.4
SRB,Serbia,1997.0,DTPCV3,94.0,MEASLES,602.4
SRB,Serbia,1997.0,MCV1,91.67,MEASLES,602.4
SRB,Serbia,1997.0,POL3,94.07,MEASLES,602.4
SRB,Serbia,1997.0,RCV1,92.0,MEASLES,602.4
SRB,Serbia,1997.0,TT2PLUS,94.0,MEASLES,602.4
NZL,New Zealand,2018.0,DIPHCV4,90.16,PERTUSSIS,602.3
NZL,New Zealand,2018.0,DTPCV1,94.85,PERTUSSIS,602.3
NZL,New Zealand,2018.0,DTPCV3,92.76,PERTUSSIS,602.3
NZL,New Zealand,2018.0,HEPB3,92.75,PERTUSSIS,602.3
NZL,New Zealand,2018.0,HIB3,92.25,PERTUSSIS,602.3
NZL,New Zealand,2018.0,IPV1,94.94,PERTUSSIS,602.3
NZL,New Zealand,2018.0,MCV1,91.91,PERTUSSIS,602.3
NZL,New Zealand,2018.0,PCV1,99.33,PERTUSSIS,602.3
NZL,New Zealand,2018.0,PCV2,98.07,PERTUSSIS,602.3
NZL,New Zealand,2018.0,PCV3,96.32,PERTUSSIS,602.3
NZL,New Zealand,2018.0,PERCV4,90.16,PERTUSSIS,602.3
NZL,New Zealand,2018.0,POL3,92.83,PERTUSSIS,602.3
NZL,New Zealand,2018.0,RCV1,91.91,PERTUSSIS,602.3
NZL,New Zealand,2018.0,ROTA1,90.01,PERTUSSIS,602.3
NZL,New Zealand,2018.0,TTCV4,90.16,PERTUSSIS,602.3
POL,Poland,2007.0,BCG,93.0,RUBELLA,602.0
POL,Poland,2007.0,DTPCV1,99.0,RUBELLA,602.0
POL,Poland,2007.0,DTPCV3,99.0,RUBELLA,602.0
POL,Poland,2007.0,HEPB3,98.0,RUBELLA,602.0
POL,Poland,2007.0,HEPB_BD,99.0,RUBELLA,602.0
POL,Poland,2007.0,MCV1,98.0,RUBELLA,602.0
POL,Poland,2007.0,MCV2,98.27,RUBELLA,602.0
POL,Poland,2007.0,POL3,99.0,RUBELLA,602.0
POL,Poland,2007.0,RCV1,98.2,RUBELLA,602.0
POL,Poland,2007.0,ROTA1,98.0,RUBELLA,602.0
ARE,United Arab Emirates,1989.0,BCG,96.0,MEASLES,596.7
ARE,United Arab Emirates,1989.0,DTPCV1,94.0,MEASLES,596.7
PHL,Philippines,1992.0,BCG,94.0,MEASLES,596.2
PHL,Philippines,1992.0,DTPCV1,91.0,MEASLES,596.2
RWA,Rwanda,1996.0,BCG,93.0,MEASLES,594.4
RWA,Rwanda,1996.0,DTPCV1,96.0,MEASLES,594.4
RWA,Rwanda,1996.0,DTPCV3,95.0,MEASLES,594.4
RWA,Rwanda,1996.0,POL3,95.0,MEASLES,594.4
CHE,Switzerland,2011.0,DTPCV1,96.5,PERTUSSIS,593.9
CHE,Switzerland,2011.0,DTPCV3,96.0,PERTUSSIS,593.9
CHE,Switzerland,2011.0,HIB3,95.0,PERTUSSIS,593.9
CHE,Switzerland,2011.0,MCV1,93.0,PERTUSSIS,593.9
CHE,Switzerland,2011.0,POL3,96.0,PERTUSSIS,593.9
CHE,Switzerland,2011.0,RCV1,92.0,PERTUSSIS,593.9
CHN,China,1984.0,DTPCV1,90.0,MEASLES,593.7
GHA,Ghana,2002.0,BCG,92.0,MEASLES,592.8
GHA,Ghana,2002.0,TT2PLUS,97.0,MEASLES,592.8
SRB,Serbia,1984.0,MCV1,90.0,PERTUSSIS,592.5
ALB,Albania,1998.0,DTPCV1,99.0,MEASLES,592.2
ALB,Albania,1998.0,DTPCV3,96.0,MEASLES,592.2
ALB,Albania,1998.0,HEPB3,94.0,MEASLES,592.2
ALB,Albania,1998.0,POL3,97.0,MEASLES,592.2
MLT,Malta,1986.0,DTPCV1,95.0,PERTUSSIS,591.4
NOR,Norway,2014.0,DTPCV1,99.0,PERTUSSIS,590.2
NOR,Norway,2014.0,DTPCV3,93.0,PERTUSSIS,590.2
NOR,Norway,2014.0,HIB3,94.0,PERTUSSIS,590.2
NOR,Norway,2014.0,IPV1,99.0,PERTUSSIS,590.2
NOR,Norway,2014.0,MCV1,94.0,PERTUSSIS,590.2
NOR,Norway,2014.0,MCV2,92.0,PERTUSSIS,590.2
NOR,Norway,2014.0,PCV1,99.0,PERTUSSIS,590.2
NOR,Norway,2014.0,PCV2,97.0,PERTUSSIS,590.2
NOR,Norway,2014.0,PCV3,91.0,PERTUSSIS,590.2
NOR,Norway,2014.0,POL3,93.0,PERTUSSIS,590.2
NOR,Norway,2014.0,RCV1,94.0,PERTUSSIS,590.2
ARM,Armenia,2004.0,BCG,95.87,MEASLES,589.9
ARM,Armenia,2004.0,DTPCV1,97.0,MEASLES,589.9
ARM,Armenia,2004.0,DTPCV3,90.7,MEASLES,589.9
ARM,Armenia,2004.0,HEPB3,90.87,MEASLES,589.9
ARM,Armenia,2004.0,HEPB_BD,94.0,MEASLES,589.9
ARM,Armenia,2004.0,MCV1,91.67,MEASLES,589.9
ARM,Armenia,2004.0,MCV2,94.27,MEASLES,589.9
ARM,Armenia,2004.0,POL3,93.0,MEASLES,589.9
ARM,Armenia,2004.0,RCV1,91.67,MEASLES,589.9
VCT,Saint Vincent and the Grenadines,1983.0,DTPCV1,93.0,MEASLES,589.7
NIU,Niue,1981.0,BCG,99.0,MEASLES,589.3
ERI,Eritrea,2023.0,15HPV1_F,99.0,MUMPS,588.1
ERI,Eritrea,2023.0,15HPVC_F,99.0,MUMPS,588.1
ERI,Eritrea,2023.0,DTPCV1,90.06,MUMPS,588.1
ERI,Eritrea,2023.0,PAB,98.87,MUMPS,588.1
TZA,United Republic of Tanzania,1988.0,BCG,93.0,MEASLES,588.1
TZA,United Republic of Tanzania,1988.0,DTPCV1,95.0,MEASLES,588.1
BEN,Benin,2000.0,BCG,92.0,MEASLES,587.7
BEN,Benin,2000.0,DTPCV1,96.33,MEASLES,587.7
TGO,Togo,1987.0,DTPCV1,92.0,PERTUSSIS,587.6
IRL,Ireland,2020.0,DTPCV1,98.0,MUMPS,586.8
IRL,Ireland,2020.0,DTPCV3,94.11,MUMPS,586.8
IRL,Ireland,2020.0,FLU_RESIDENT,93.24,MUMPS,586.8
IRL,Ireland,2020.0,HEPB3,94.08,MUMPS,586.8
IRL,Ireland,2020.0,HIB3,94.1,MUMPS,586.8
IRL,Ireland,2020.0,IPV1,98.0,MUMPS,586.8
IRL,Ireland,2020.0,MCV1,91.87,MUMPS,586.8
IRL,Ireland,2020.0,MCV2,90.16,MUMPS,586.8
IRL,Ireland,2020.0,POL3,94.11,MUMPS,586.8
IRL,Ireland,2020.0,RCV1,91.87,MUMPS,586.8
SRB,Serbia,1981.0,BCG,99.0,PERTUSSIS,586.8
SRB,Serbia,1981.0,DTPCV3,90.0,PERTUSSIS,586.8
SRB,Serbia,1981.0,MCV1,95.0,PERTUSSIS,586.8
SRB,Serbia,1981.0,POL3,95.0,PERTUSSIS,586.8
SRB,Serbia,1987.0,DTPCV3,90.0,PERTUSSIS,584.6
SRB,Serbia,1987.0,MCV1,92.0,PERTUSSIS,584.6
SRB,Serbia,1987.0,POL3,90.0,PERTUSSIS,584.6
ESP,Spain,1988.0,DTPCV1,97.0,MEASLES,582.8
ESP,Spain,1988.0,DTPCV3,93.0,MEASLES,582.8
ESP,Spain,1988.0,POL3,94.0,MEASLES,582.8
MWI,Malawi,1991.0,BCG,90.0,MEASLES,582.1
MWI,Malawi,1991.0,DTPCV1,95.0,MEASLES,582.1
MWI,Malawi,1991.0,POL3,90.0,MEASLES,582.1
KEN,Kenya,1987.0,DTPCV1,91.0,PERTUSSIS,581.6
GNQ,Equatorial Guinea,1992.0,DTPCV1,95.0,MEASLES,581.5
TZA,United Republic of Tanzania,1993.0,BCG,92.67,MEASLES,581.3
TZA,United Republic of Tanzania,1993.0,DTPCV1,94.0,MEASLES,581.3
TUR,Türkiye,1993.0,DTPCV1,91.0,MEASLES,581.1
GEO,Georgia,2018.0,BCG,97.0,MEASLES,579.5
GEO,Georgia,2018.0,DIPHCV4,92.0,MEASLES,579.5
GEO,Georgia,2018.0,DIPHCV5,92.0,MEASLES,579.5
GEO,Georgia,2018.0,DTPCV1,99.0,MEASLES,579.5
GEO,Georgia,2018.0,DTPCV3,93.0,MEASLES,579.5
GEO,Georgia,2018.0,HEPB3,93.0,MEASLES,579.5
GEO,Georgia,2018.0,HEPB_BD,96.67,MEASLES,579.5
GEO,Georgia,2018.0,HEPB_BDALL,96.5,MEASLES,579.5
GEO,Georgia,2018.0,HIB3,93.0,MEASLES,579.5
GEO,Georgia,2018.0,IPV1,99.0,MEASLES,579.5
GEO,Georgia,2018.0,MCV1,98.0,MEASLES,579.5
GEO,Georgia,2018.0,MCV2,96.0,MEASLES,579.5
GEO,Georgia,2018.0,PCV1,97.0,MEASLES,579.5
GEO,Georgia,2018.0,PCV2,93.0,MEASLES,579.5
GEO,Georgia,2018.0,PERCV4,92.0,MEASLES,579.5
GEO,Georgia,2018.0,POL3,93.0,MEASLES,579.5
GEO,Georgia,2018.0,RCV1,98.0,MEASLES,579.5
GEO,Georgia,2018.0,TTCV4,92.0,MEASLES,579.5
GEO,Georgia,2018.0,TTCV5,92.0,MEASLES,579.5
OMN,Oman,1985.0,BCG,93.0,PERTUSSIS,577.1
ARM,Armenia,2002.0,BCG,96.93,MUMPS,575.7
ARM,Armenia,2002.0,DTPCV1,98.0,MUMPS,575.7
ARM,Armenia,2002.0,DTPCV3,93.93,MUMPS,575.7
ARM,Armenia,2002.0,HEPB3,91.13,MUMPS,575.7
ARM,Armenia,2002.0,HEPB_BD,95.0,MUMPS,575.7
ARM,Armenia,2002.0,POL3,95.87,MUMPS,575.7
ARM,Armenia,2002.0,RCV1,91.0,MUMPS,575.7
BWA,Botswana,1988.0,DTPCV1,96.0,MEASLES,575.5
GRC,Greece,1996.0,DTPCV1,96.0,MEASLES,575.4
GRC,Greece,1996.0,DTPCV3,90.0,MEASLES,575.4
GRC,Greece,1996.0,MCV1,90.0,MEASLES,575.4
GRC,Greece,1996.0,POL3,95.0,MEASLES,575.4
GRC,Greece,1996.0,RCV1,90.0,MEASLES,575.4
GRC,Greece,1996.0,TT2PLUS,90.0,MEASLES,575.4
YEM,Yemen,2004.0,DTPCV1,91.67,MEASLES,575.1
YEM,Yemen,2004.0,VAD1,93.0,MEASLES,575.1
SWE,Sweden,1982.0,DTPCV1,99.0,PERTUSSIS,575.0
SWE,Sweden,1982.0,DTPCV3,99.0,PERTUSSIS,575.0
SWE,Sweden,1982.0,MCV1,91.0,PERTUSSIS,575.0
SWE,Sweden,1982.0,POL3,98.33,PERTUSSIS,575.0
SWE,Sweden,1982.0,RCV1,91.0,PERTUSSIS,575.0
HKG,"China, Hong Kong SAR",1988.0,BCG,99.0,MEASLES,573.4
HKG,"China, Hong Kong SAR",1988.0,POL3,92.0,MEASLES,573.4
UGA,Uganda,1989.0,BCG,90.67,PERTUSSIS,572.6
ARE,United Arab Emirates,1991.0,BCG,95.33,MEASLES,572.1
ARE,United Arab Emirates,1991.0,DTPCV1,95.0,MEASLES,572.1
TZA,United Republic of Tanzania,1990.0,DTPCV1,92.0,MEASLES,571.4
SAU,Saudi Arabia,1991.0,DTPCV1,97.0,MEASLES,570.6
SAU,Saudi Arabia,1991.0,DTPCV3,91.0,MEASLES,570.6
SAU,Saudi Arabia,1991.0,MCV1,95.0,MEASLES,570.6
SAU,Saudi Arabia,1991.0,POL3,91.0,MEASLES,570.6
SAU,Saudi Arabia,1991.0,RCV1,95.0,MEASLES,570.6
NOR,Norway,2001.0,BCG,92.0,PERTUSSIS,570.3
NOR,Norway,2001.0,DTPCV1,99.0,PERTUSSIS,570.3
NOR,Norway,2001.0,DTPCV3,91.0,PERTUSSIS,570.3
NOR,Norway,2001.0,HIB3,93.0,PERTUSSIS,570.3
NOR,Norway,2001.0,MCV1,90.0,PERTUSSIS,570.3
NOR,Norway,2001.0,POL3,91.0,PERTUSSIS,570.3
NOR,Norway,2001.0,RCV1,90.0,PERTUSSIS,570.3
ITA,Italy,1996.0,DTPCV1,98.0,MEASLES,570.2
ITA,Italy,1996.0,HEPB3,95.0,MEASLES,570.2
ITA,Italy,1996.0,POL3,97.0,MEASLES,570.2
SWE,Sweden,1984.0,DTPCV1,99.0,PERTUSSIS,568.9
SWE,Sweden,1984.0,DTPCV3,99.0,PERTUSSIS,568.9
SWE,Sweden,1984.0,MCV1,93.33,PERTUSSIS,568.9
SWE,Sweden,1984.0,POL3,98.0,PERTUSSIS,568.9
SWE,Sweden,1984.0,RCV1,94.0,PERTUSSIS,568.9
LCA,Saint Lucia,1983.0,DTPCV1,93.0,MEASLES,567.8
VEN,Venezuela (Bolivarian Republic of),2000.0,BCG,99.0,RUBELLA,567.8
VEN,Venezuela (Bolivarian Republic of),2000.0,DTPCV1,92.0,RUBELLA,567.8
GAB,Gabon,1988.0,BCG,95.33,PERTUSSIS,567.1
DNK,Denmark,1987.0,DTPCV1,97.0,PERTUSSIS,566.0
DNK,Denmark,1987.0,POL3,99.0,PERTUSSIS,566.0
NIU,Niue,2010.0,BCG,99.67,MUMPS,565.6
NIU,Niue,2010.0,DTPCV1,99.67,MUMPS,565.6
NIU,Niue,2010.0,DTPCV3,99.67,MUMPS,565.6
NIU,Niue,2010.0,HEPB3,99.67,MUMPS,565.6
NIU,Niue,2010.0,HIB3,99.67,MUMPS,565.6
NIU,Niue,2010.0,MCV1,99.67,MUMPS,565.6
NIU,Niue,2010.0,MCV2,99.67,MUMPS,565.6
NIU,Niue,2010.0,PCV1,100.0,MUMPS,565.6
NIU,Niue,2010.0,PCV3,99.67,MUMPS,565.6
NIU,Niue,2010.0,POL3,99.67,MUMPS,565.6
NIU,Niue,2010.0,RCV1,99.67,MUMPS,565.6
TCD,Chad,2023.0,BCG,92.0,RUBELLA,565.1
CHL,Chile,1983.0,BCG,92.0,MEASLES,561.4
CHL,Chile,1983.0,DTPCV1,94.0,MEASLES,561.4
CHL,Chile,1983.0,MCV1,95.0,MEASLES,561.4
TKL,Tokelau,1986.0,BCG,100.0,MEASLES,561.2
TKL,Tokelau,1986.0,DTPCV3,92.0,MEASLES,561.2
TKL,Tokelau,1986.0,MCV1,96.0,MEASLES,561.2
TKL,Tokelau,1986.0,POL3,93.0,MEASLES,561.2
IRL,Ireland,2019.0,DTPCV1,98.0,MUMPS,559.6
IRL,Ireland,2019.0,DTPCV3,93.65,MUMPS,559.6
IRL,Ireland,2019.0,HEPB3,93.27,MUMPS,559.6
IRL,Ireland,2019.0,HIB3,93.65,MUMPS,559.6
IRL,Ireland,2019.0,IPV1,98.0,MUMPS,559.6
IRL,Ireland,2019.0,MCV1,90.99,MUMPS,559.6
IRL,Ireland,2019.0,MCV2,90.2,MUMPS,559.6
IRL,Ireland,2019.0,POL3,93.65,MUMPS,559.6
IRL,Ireland,2019.0,RCV1,90.99,MUMPS,559.6
JPN,Japan,2012.0,BCG,94.73,MUMPS,559.3
JPN,Japan,2012.0,DTPCV1,99.0,MUMPS,559.3
JPN,Japan,2012.0,DTPCV3,97.0,MUMPS,559.3
JPN,Japan,2012.0,HIB3,99.0,MUMPS,559.3
JPN,Japan,2012.0,MCV1,95.8,MUMPS,559.3
JPN,Japan,2012.0,MCV2,92.13,MUMPS,559.3
JPN,Japan,2012.0,PCV3,98.0,MUMPS,559.3
JPN,Japan,2012.0,POL3,98.8,MUMPS,559.3
JPN,Japan,2012.0,RCV1,95.8,MUMPS,559.3
CHL,Chile,1981.0,BCG,96.0,MEASLES,558.9
CHL,Chile,1981.0,DTPCV1,97.5,MEASLES,558.9
CHL,Chile,1981.0,DTPCV3,99.67,MEASLES,558.9
CHL,Chile,1981.0,MCV1,95.0,MEASLES,558.9
CHL,Chile,1981.0,POL3,99.67,MEASLES,558.9
GHA,Ghana,2016.0,BCG,93.95,MUMPS,555.9
GHA,Ghana,2016.0,DTPCV1,94.2,MUMPS,555.9
GHA,Ghana,2016.0,DTPCV3,95.03,MUMPS,555.9
GHA,Ghana,2016.0,HEPB3,95.03,MUMPS,555.9
GHA,Ghana,2016.0,HIB3,95.03,MUMPS,555.9
GHA,Ghana,2016.0,MCV1,91.13,MUMPS,555.9
GHA,Ghana,2016.0,PCV1,94.3,MUMPS,555.9
GHA,Ghana,2016.0,PCV2,95.4,MUMPS,555.9
GHA,Ghana,2016.0,PCV3,94.9,MUMPS,555.9
GHA,Ghana,2016.0,POL3,95.87,MUMPS,555.9
GHA,Ghana,2016.0,RCV1,91.13,MUMPS,555.9
GHA,Ghana,2016.0,ROTA1,93.7,MUMPS,555.9
GHA,Ghana,2016.0,ROTAC,94.53,MUMPS,555.9
AUS,Australia,2005.0,DTPCV1,97.0,PERTUSSIS,555.7
AUS,Australia,2005.0,DTPCV3,92.0,PERTUSSIS,555.7
AUS,Australia,2005.0,HEPB3,95.0,PERTUSSIS,555.7
AUS,Australia,2005.0,HIB3,94.0,PERTUSSIS,555.7
AUS,Australia,2005.0,MCV1,94.0,PERTUSSIS,555.7
AUS,Australia,2005.0,POL3,92.0,PERTUSSIS,555.7
AUS,Australia,2005.0,RCV1,93.85,PERTUSSIS,555.7
SWE,Sweden,1983.0,DTPCV1,99.0,MEASLES,555.4
SWE,Sweden,1983.0,DTPCV3,99.0,MEASLES,555.4
SWE,Sweden,1983.0,MCV1,91.0,MEASLES,555.4
SWE,Sweden,1983.0,POL3,98.33,MEASLES,555.4
SWE,Sweden,1983.0,RCV1,93.0,MEASLES,555.4
NLD,Netherlands (Kingdom of the),2004.0,DTPCV1,99.0,PERTUSSIS,554.8
NLD,Netherlands (Kingdom of the),2004.0,DTPCV3,97.93,PERTUSSIS,554.8
NLD,Netherlands (Kingdom of the),2004.0,HIB3,97.27,PERTUSSIS,554.8
NLD,Netherlands (Kingdom of the),2004.0,MCV1,96.2,PERTUSSIS,554.8
NLD,Netherlands (Kingdom of the),2004.0,MCV2,97.8,PERTUSSIS,554.8
NLD,Netherlands (Kingdom of the),2004.0,POL3,97.85,PERTUSSIS,554.8
NLD,Netherlands (Kingdom of the),2004.0,RCV1,96.19,PERTUSSIS,554.8
ESP,Spain,1990.0,DTPCV1,95.0,MEASLES,553.9
ESP,Spain,1990.0,MCV1,99.0,MEASLES,553.9
ESP,Spain,1990.0,POL3,94.0,MEASLES,553.9
ESP,Spain,1990.0,RCV1,99.0,MEASLES,553.9
AUS,Australia,1997.0,DTPCV1,91.0,PERTUSSIS,553.5
ALB,Albania,2000.0,BCG,91.9,RUBELLA,553.4
ALB,Albania,2000.0,DTPCV1,97.07,RUBELLA,553.4
ALB,Albania,2000.0,DTPCV3,97.17,RUBELLA,553.4
ALB,Albania,2000.0,HEPB3,96.53,RUBELLA,553.4
ALB,Albania,2000.0,HEPB_BD,98.17,RUBELLA,553.4
ALB,Albania,2000.0,MCV1,93.83,RUBELLA,553.4
ALB,Albania,2000.0,POL3,97.47,RUBELLA,553.4
ALB,Albania,2000.0,TT2PLUS,91.4,RUBELLA,553.4
IRQ,Iraq,2004.0,BCG,91.27,MUMPS,553.2
IRQ,Iraq,2004.0,HEPB_BD,91.97,MUMPS,553.2
MYS,Malaysia,1984.0,BCG,95.37,MEASLES,552.0
GRC,Greece,1983.0,POL3,97.0,PERTUSSIS,551.9
ALB,Albania,2005.0,BCG,98.0,MUMPS,551.3
ALB,Albania,2005.0,DTPCV1,99.0,MUMPS,551.3
ALB,Albania,2005.0,DTPCV3,98.13,MUMPS,551.3
ALB,Albania,2005.0,HEPB3,98.0,MUMPS,551.3
ALB,Albania,2005.0,HEPB_BD,99.13,MUMPS,551.3
ALB,Albania,2005.0,MCV1,97.0,MUMPS,551.3
ALB,Albania,2005.0,MCV2,96.73,MUMPS,551.3
ALB,Albania,2005.0,POL3,97.0,MUMPS,551.3
ALB,Albania,2005.0,RCV1,97.13,MUMPS,551.3
KGZ,Kyrgyzstan,2004.0,BCG,98.33,MUMPS,550.4
KGZ,Kyrgyzstan,2004.0,DTPCV1,99.2,MUMPS,550.4
KGZ,Kyrgyzstan,2004.0,DTPCV3,99.2,MUMPS,550.4
KGZ,Kyrgyzstan,2004.0,HEPB3,99.13,MUMPS,550.4
KGZ,Kyrgyzstan,2004.0,HEPB_BD,98.93,MUMPS,550.4
KGZ,Kyrgyzstan,2004.0,MCV1,99.2,MUMPS,550.4
KGZ,Kyrgyzstan,2004.0,MCV2,98.07,MUMPS,550.4
KGZ,Kyrgyzstan,2004.0,POL3,98.27,MUMPS,550.4
KGZ,Kyrgyzstan,2004.0,RCV1,99.2,MUMPS,550.4
KGZ,Kyrgyzstan,2004.0,VAD1,98.5,MUMPS,550.4
KAZ,Kazakhstan,2005.0,DTPCV1,99.67,RUBELLA,550.0
KAZ,Kazakhstan,2005.0,DTPCV3,98.07,RUBELLA,550.0
KAZ,Kazakhstan,2005.0,HEPB3,95.97,RUBELLA,550.0
KAZ,Kazakhstan,2005.0,HEPB_BD,98.0,RUBELLA,550.0
KAZ,Kazakhstan,2005.0,MCV1,99.67,RUBELLA,550.0
KAZ,Kazakhstan,2005.0,MCV2,96.27,RUBELLA,550.0
KAZ,Kazakhstan,2005.0,POL3,99.5,RUBELLA,550.0
KAZ,Kazakhstan,2005.0,RCV1,99.0,RUBELLA,550.0
COD,Democratic Republic of the Congo,2021.0,PCV1,95.19,MEASLES,549.4
COD,Democratic Republic of the Congo,2021.0,PCV2,90.68,MEASLES,549.4
IRQ,Iraq,1988.0,BCG,90.67,MEASLES,549.1
IRQ,Iraq,1988.0,DTPCV1,94.5,MEASLES,549.1
BTN,Bhutan,2003.0,BCG,93.0,RUBELLA,548.9
BTN,Bhutan,2003.0,DTPCV1,97.0,RUBELLA,548.9
BTN,Bhutan,2003.0,DTPCV3,95.0,RUBELLA,548.9
BTN,Bhutan,2003.0,HEPB3,95.0,RUBELLA,548.9
BTN,Bhutan,2003.0,POL3,96.0,RUBELLA,548.9
PNG,Papua New Guinea,1993.0,DTPCV1,93.0,PERTUSSIS,548.3
NPL,Nepal,1997.0,BCG,92.67,MEASLES,546.0
NPL,Nepal,1997.0,DTPCV1,92.0,MEASLES,546.0
CZE,Czechia,2016.0,DTPCV1,99.0,MUMPS,544.4
CZE,Czechia,2016.0,DTPCV3,95.83,MUMPS,544.4
CZE,Czechia,2016.0,HEPB3,95.83,MUMPS,544.4
CZE,Czechia,2016.0,HIB3,95.83,MUMPS,544.4
CZE,Czechia,2016.0,IPV1,99.0,MUMPS,544.4
CZE,Czechia,2016.0,MCV1,97.67,MUMPS,544.4
CZE,Czechia,2016.0,MCV2,93.31,MUMPS,544.4
CZE,Czechia,2016.0,POL3,95.83,MUMPS,544.4
CZE,Czechia,2016.0,RCV1,97.67,MUMPS,544.4
POL,Poland,2006.0,BCG,94.0,RUBELLA,542.9
POL,Poland,2006.0,DTPCV1,99.0,RUBELLA,542.9
POL,Poland,2006.0,DTPCV3,99.0,RUBELLA,542.9
POL,Poland,2006.0,HEPB3,98.0,RUBELLA,542.9
POL,Poland,2006.0,HEPB_BD,99.0,RUBELLA,542.9
POL,Poland,2006.0,MCV1,99.0,RUBELLA,542.9
POL,Poland,2006.0,MCV2,98.93,RUBELLA,542.9
POL,Poland,2006.0,POL3,99.0,RUBELLA,542.9
POL,Poland,2006.0,RCV1,98.4,RUBELLA,542.9
POL,Poland,2006.0,ROTA1,98.0,RUBELLA,542.9
ISL,Iceland,1986.0,DTPCV1,99.0,MEASLES,542.8
ISL,Iceland,1986.0,DTPCV3,99.0,MEASLES,542.8
ISL,Iceland,1986.0,MCV1,95.0,MEASLES,542.8
ISL,Iceland,1986.0,POL3,99.0,MEASLES,542.8
ISL,Iceland,1986.0,RCV1,95.0,MEASLES,542.8
BEN,Benin,1992.0,BCG,90.0,MEASLES,542.7
MEX,Mexico,1998.0,BCG,99.0,RUBELLA,542.5
MEX,Mexico,1998.0,DTPCV1,98.5,RUBELLA,542.5
MEX,Mexico,1998.0,DTPCV3,96.0,RUBELLA,542.5
MEX,Mexico,1998.0,MCV1,96.0,RUBELLA,542.5
MEX,Mexico,1998.0,POL3,96.0,RUBELLA,542.5
MEX,Mexico,1998.0,RCV1,96.0,RUBELLA,542.5
LBR,Liberia,2010.0,PAB,91.0,MEASLES,542.0
NZL,New Zealand,1997.0,DTPCV1,95.0,MEASLES,540.4
NZL,New Zealand,1997.0,HEPB3,99.5,MEASLES,540.4
NZL,New Zealand,1997.0,MCV1,99.5,MEASLES,540.4
NZL,New Zealand,1997.0,POL3,99.5,MEASLES,540.4
NZL,New Zealand,1997.0,RCV1,99.0,MEASLES,540.4
AGO,Angola,2001.0,VAD1,92.0,MEASLES,540.1
JOR,Jordan,1987.0,DTPCV1,96.0,MEASLES,539.8
JOR,Jordan,1987.0,DTPCV3,90.0,MEASLES,539.8
ZMB,Zambia,2006.0,BCG,97.0,MUMPS,539.8
ZMB,Zambia,2006.0,DTPCV1,92.0,MUMPS,539.8
ZMB,Zambia,2006.0,DTPCV3,91.67,MUMPS,539.8
ZMB,Zambia,2006.0,HEPB3,91.67,MUMPS,539.8
ZMB,Zambia,2006.0,HIB3,91.67,MUMPS,539.8
ZMB,Zambia,2006.0,POL3,92.33,MUMPS,539.8
FJI,Fiji,1993.0,BCG,99.67,MEASLES,537.7
FJI,Fiji,1993.0,DTPCV1,98.0,MEASLES,537.7
FJI,Fiji,1993.0,DTPCV3,96.0,MEASLES,537.7
FJI,Fiji,1993.0,MCV1,96.0,MEASLES,537.7
FJI,Fiji,1993.0,PAB,91.0,MEASLES,537.7
FJI,Fiji,1993.0,POL3,96.0,MEASLES,537.7
FJI,Fiji,1993.0,TT2PLUS,100.0,MEASLES,537.7
NPL,Nepal,1997.0,BCG,92.67,PERTUSSIS,535.9
NPL,Nepal,1997.0,DTPCV1,92.0,PERTUSSIS,535.9
ZAF,South Africa,1992.0,DTPCV1,92.0,MEASLES,535.9
UKR,Ukraine,2000.0,BCG,98.33,MUMPS,535.5
UKR,Ukraine,2000.0,DTPCV1,99.0,MUMPS,535.5
UKR,Ukraine,2000.0,DTPCV3,98.63,MUMPS,535.5
UKR,Ukraine,2000.0,MCV1,98.87,MUMPS,535.5
UKR,Ukraine,2000.0,MCV2,98.87,MUMPS,535.5
UKR,Ukraine,2000.0,POL3,98.57,MUMPS,535.5
KAZ,Kazakhstan,2002.0,BCG,99.0,MUMPS,535.2
KAZ,Kazakhstan,2002.0,DTPCV1,95.5,MUMPS,535.2
KAZ,Kazakhstan,2002.0,DTPCV3,96.3,MUMPS,535.2
KAZ,Kazakhstan,2002.0,HEPB3,97.5,MUMPS,535.2
KAZ,Kazakhstan,2002.0,HEPB_BD,99.0,MUMPS,535.2
KAZ,Kazakhstan,2002.0,MCV1,96.23,MUMPS,535.2
KAZ,Kazakhstan,2002.0,MCV2,98.63,MUMPS,535.2
KAZ,Kazakhstan,2002.0,POL3,96.67,MUMPS,535.2
RWA,Rwanda,1999.0,DTPCV1,93.0,MEASLES,535.0
PNG,Papua New Guinea,1990.0,BCG,91.0,PERTUSSIS,534.8
PNG,Papua New Guinea,1990.0,DTPCV1,97.0,PERTUSSIS,534.8
THA,Thailand,1990.0,BCG,99.67,MEASLES,534.3
THA,Thailand,1990.0,DTPCV1,97.0,MEASLES,534.3
THA,Thailand,1990.0,POL3,90.0,MEASLES,534.3
GHA,Ghana,2019.0,BCG,95.88,MUMPS,533.1
GHA,Ghana,2019.0,DTPCV1,97.55,MUMPS,533.1
GHA,Ghana,2019.0,DTPCV3,97.81,MUMPS,533.1
GHA,Ghana,2019.0,HEPB3,97.81,MUMPS,533.1
GHA,Ghana,2019.0,HIB3,97.81,MUMPS,533.1
GHA,Ghana,2019.0,IPV1,97.51,MUMPS,533.1
GHA,Ghana,2019.0,MCV1,93.06,MUMPS,533.1
GHA,Ghana,2019.0,PCV1,97.85,MUMPS,533.1
GHA,Ghana,2019.0,PCV2,97.0,MUMPS,533.1
GHA,Ghana,2019.0,PCV3,98.0,MUMPS,533.1
GHA,Ghana,2019.0,POL3,97.79,MUMPS,533.1
GHA,Ghana,2019.0,RCV1,93.06,MUMPS,533.1
GHA,Ghana,2019.0,ROTA1,96.36,MUMPS,533.1
GHA,Ghana,2019.0,ROTAC,93.76,MUMPS,533.1
GHA,Ghana,2019.0,YFV,92.87,MUMPS,533.1
GHA,Ghana,2023.0,BCG,95.99,MUMPS,532.4
GHA,Ghana,2023.0,DTPCV1,98.05,MUMPS,532.4
GHA,Ghana,2023.0,DTPCV3,96.52,MUMPS,532.4
GHA,Ghana,2023.0,HEPB3,96.52,MUMPS,532.4
GHA,Ghana,2023.0,HIB3,96.52,MUMPS,532.4
GHA,Ghana,2023.0,IPV1,96.4,MUMPS,532.4
GHA,Ghana,2023.0,PAB,90.0,MUMPS,532.4
GHA,Ghana,2023.0,PCV1,95.54,MUMPS,532.4
GHA,Ghana,2023.0,PCV2,94.64,MUMPS,532.4
GHA,Ghana,2023.0,PCV3,95.4,MUMPS,532.4
GHA,Ghana,2023.0,POL3,92.42,MUMPS,532.4
GHA,Ghana,2023.0,VAD1,97.3,MUMPS,532.4
ISL,Iceland,1991.0,DTPCV1,99.0,PERTUSSIS,531.4
ISL,Iceland,1991.0,DTPCV3,99.0,PERTUSSIS,531.4
ISL,Iceland,1991.0,HIB3,99.0,PERTUSSIS,531.4
ISL,Iceland,1991.0,MCV1,98.67,PERTUSSIS,531.4
ISL,Iceland,1991.0,POL3,99.0,PERTUSSIS,531.4
ISL,Iceland,1991.0,RCV1,99.0,PERTUSSIS,531.4
ISL,Iceland,1991.0,TT2PLUS,99.0,PERTUSSIS,531.4
AUS,Australia,2013.0,DTPCV1,92.0,PERTUSSIS,530.2
AUS,Australia,2013.0,DTPCV3,91.29,PERTUSSIS,530.2
AUS,Australia,2013.0,HEPB3,90.99,PERTUSSIS,530.2
AUS,Australia,2013.0,HIB3,91.11,PERTUSSIS,530.2
AUS,Australia,2013.0,MCV1,93.81,PERTUSSIS,530.2
AUS,Australia,2013.0,MCV2,92.16,PERTUSSIS,530.2
AUS,Australia,2013.0,PCV3,90.9,PERTUSSIS,530.2
AUS,Australia,2013.0,POL3,91.24,PERTUSSIS,530.2
AUS,Australia,2013.0,RCV1,93.81,PERTUSSIS,530.2
IRQ,Iraq,1994.0,BCG,99.0,MEASLES,529.2
KNA,Saint Kitts and Nevis,1986.0,DTPCV1,99.0,MEASLES,528.6
KNA,Saint Kitts and Nevis,1986.0,DTPCV3,99.33,MEASLES,528.6
KNA,Saint Kitts and Nevis,1986.0,MCV1,96.0,MEASLES,528.6
KNA,Saint Kitts and Nevis,1986.0,POL3,99.67,MEASLES,528.6
GBR,United Kingdom of Great Britain and Northern Ireland,1989.0,DTPCV1,92.0,MEASLES,527.4
COK,Cook Islands,1998.0,BCG,98.33,MEASLES,527.0
COK,Cook Islands,1998.0,DTPCV1,98.0,MEASLES,527.0
COK,Cook Islands,1998.0,DTPCV3,93.67,MEASLES,527.0
COK,Cook Islands,1998.0,MCV1,96.0,MEASLES,527.0
COK,Cook Islands,1998.0,POL3,93.67,MEASLES,527.0
AZE,Azerbaijan,1999.0,BCG,93.33,MUMPS,526.5
AZE,Azerbaijan,1999.0,DTPCV1,93.67,MUMPS,526.5
AZE,Azerbaijan,1999.0,DTPCV3,91.0,MUMPS,526.5
AZE,Azerbaijan,1999.0,POL3,91.33,MUMPS,526.5
NLD,Netherlands (Kingdom of the),2014.0,DTPCV1,98.0,PERTUSSIS,526.1
NLD,Netherlands (Kingdom of the),2014.0,DTPCV3,96.0,PERTUSSIS,526.1
NLD,Netherlands (Kingdom of the),2014.0,HEPB3,94.32,PERTUSSIS,526.1
NLD,Netherlands (Kingdom of the),2014.0,HEPB_BD,99.14,PERTUSSIS,526.1
NLD,Netherlands (Kingdom of the),2014.0,HIB3,95.99,PERTUSSIS,526.1
NLD,Netherlands (Kingdom of the),2014.0,MCV1,95.67,PERTUSSIS,526.1
NLD,Netherlands (Kingdom of the),2014.0,MCV2,92.77,PERTUSSIS,526.1
NLD,Netherlands (Kingdom of the),2014.0,PCV3,95.17,PERTUSSIS,526.1
NLD,Netherlands (Kingdom of the),2014.0,POL3,96.0,PERTUSSIS,526.1
NLD,Netherlands (Kingdom of the),2014.0,RCV1,95.67,PERTUSSIS,526.1
MKD,North Macedonia,1996.0,BCG,98.0,MEASLES,524.7
MKD,North Macedonia,1996.0,DTPCV1,97.0,MEASLES,524.7
MKD,North Macedonia,1996.0,DTPCV3,93.0,MEASLES,524.7
MKD,North Macedonia,1996.0,MCV1,91.0,MEASLES,524.7
MKD,North Macedonia,1996.0,POL3,94.0,MEASLES,524.7
MKD,North Macedonia,1996.0,RCV1,91.0,MEASLES,524.7
MKD,North Macedonia,1996.0,TT2PLUS,92.5,MEASLES,524.7
BLR,Belarus,2002.0,BCG,99.1,RUBELLA,523.9
BLR,Belarus,2002.0,DTPCV1,99.0,RUBELLA,523.9
BLR,Belarus,2002.0,DTPCV3,98.95,RUBELLA,523.9
BLR,Belarus,2002.0,HEPB3,98.9,RUBELLA,523.9
BLR,Belarus,2002.0,MCV1,99.0,RUBELLA,523.9
BLR,Belarus,2002.0,MCV2,98.25,RUBELLA,523.9
BLR,Belarus,2002.0,POL3,99.0,RUBELLA,523.9
BLR,Belarus,2002.0,RCV1,99.0,RUBELLA,523.9
AZE,Azerbaijan,2002.0,BCG,93.37,MEASLES,522.8
AZE,Azerbaijan,2002.0,DTPCV1,92.23,MEASLES,522.8
AZE,Azerbaijan,2002.0,DTPCV3,90.04,MEASLES,522.8
AZE,Azerbaijan,2002.0,HEPB_BD,93.34,MEASLES,522.8
AZE,Azerbaijan,2002.0,POL3,93.01,MEASLES,522.8
BGR,Bulgaria,1999.0,BCG,99.33,RUBELLA,522.5
BGR,Bulgaria,1999.0,DTPCV1,95.5,RUBELLA,522.5
BGR,Bulgaria,1999.0,DTPCV3,94.33,RUBELLA,522.5
BGR,Bulgaria,1999.0,HEPB3,95.67,RUBELLA,522.5
BGR,Bulgaria,1999.0,MCV1,96.0,RUBELLA,522.5
BGR,Bulgaria,1999.0,MCV2,97.0,RUBELLA,522.5
BGR,Bulgaria,1999.0,POL3,96.0,RUBELLA,522.5
BGR,Bulgaria,1999.0,RCV1,96.0,RUBELLA,522.5
NLD,Netherlands (Kingdom of the),2008.0,DTPCV1,99.0,PERTUSSIS,521.8
NLD,Netherlands (Kingdom of the),2008.0,DTPCV3,96.87,PERTUSSIS,521.8
NLD,Netherlands (Kingdom of the),2008.0,HEPB_BD,94.03,PERTUSSIS,521.8
NLD,Netherlands (Kingdom of the),2008.0,HIB3,96.73,PERTUSSIS,521.8
NLD,Netherlands (Kingdom of the),2008.0,MCV1,96.13,PERTUSSIS,521.8
NLD,Netherlands (Kingdom of the),2008.0,MCV2,93.02,PERTUSSIS,521.8
NLD,Netherlands (Kingdom of the),2008.0,POL3,96.93,PERTUSSIS,521.8
NLD,Netherlands (Kingdom of the),2008.0,RCV1,96.12,PERTUSSIS,521.8
ALB,Albania,2000.0,BCG,91.9,MUMPS,521.5
ALB,Albania,2000.0,DTPCV1,97.07,MUMPS,521.5
ALB,Albania,2000.0,DTPCV3,97.17,MUMPS,521.5
ALB,Albania,2000.0,HEPB3,96.53,MUMPS,521.5
ALB,Albania,2000.0,HEPB_BD,98.17,MUMPS,521.5
ALB,Albania,2000.0,MCV1,93.83,MUMPS,521.5
ALB,Albania,2000.0,POL3,97.47,MUMPS,521.5
ALB,Albania,2000.0,TT2PLUS,91.4,MUMPS,521.5
FJI,Fiji,1986.0,BCG,96.0,MEASLES,520.8
BFA,Burkina Faso,2020.0,BCG,97.19,MUMPS,520.5
BFA,Burkina Faso,2020.0,DTPCV1,95.0,MUMPS,520.5
BFA,Burkina Faso,2020.0,DTPCV3,93.56,MUMPS,520.5
BFA,Burkina Faso,2020.0,HEPB3,91.0,MUMPS,520.5
BFA,Burkina Faso,2020.0,HIB3,93.56,MUMPS,520.5
BFA,Burkina Faso,2020.0,MCV1,91.5,MUMPS,520.5
BFA,Burkina Faso,2020.0,PAB,95.0,MUMPS,520.5
BFA,Burkina Faso,2020.0,PCV1,95.0,MUMPS,520.5
BFA,Burkina Faso,2020.0,PCV2,95.1,MUMPS,520.5
BFA,Burkina Faso,2020.0,PCV3,93.6,MUMPS,520.5
BFA,Burkina Faso,2020.0,POL3,91.0,MUMPS,520.5
BFA,Burkina Faso,2020.0,RCV1,91.5,MUMPS,520.5
BFA,Burkina Faso,2020.0,ROTA1,91.0,MUMPS,520.5
BFA,Burkina Faso,2020.0,ROTAC,91.65,MUMPS,520.5
ROU,Romania,1987.0,BCG,95.0,MEASLES,520.2
ROU,Romania,1987.0,DTPCV1,97.0,MEASLES,520.2
ROU,Romania,1987.0,DTPCV3,92.0,MEASLES,520.2
ROU,Romania,1987.0,MCV1,90.0,MEASLES,520.2
ROU,Romania,1987.0,POL3,90.0,MEASLES,520.2
NPL,Nepal,2003.0,BCG,93.0,MEASLES,519.4
NPL,Nepal,2003.0,PAB,90.0,MEASLES,519.4
NPL,Nepal,2003.0,VAD1,95.0,MEASLES,519.4
FJI,Fiji,1995.0,BCG,99.67,MEASLES,518.3
FJI,Fiji,1995.0,DTPCV1,98.0,MEASLES,518.3
FJI,Fiji,1995.0,DTPCV3,97.0,MEASLES,518.3
FJI,Fiji,1995.0,MCV1,94.0,MEASLES,518.3
FJI,Fiji,1995.0,POL3,99.0,MEASLES,518.3
FJI,Fiji,1995.0,RCV1,94.0,MEASLES,518.3
COD,Democratic Republic of the Congo,2017.0,PCV1,97.46,MEASLES,518.0
COD,Democratic Republic of the Congo,2017.0,PCV2,91.82,MEASLES,518.0
COD,Democratic Republic of the Congo,2017.0,TT2PLUS,93.05,MEASLES,518.0
STP,Sao Tome and Principe,1982.0,BCG,90.0,PERTUSSIS,517.0
COK,Cook Islands,1992.0,BCG,94.0,MEASLES,515.1
COK,Cook Islands,1992.0,DTPCV1,95.0,MEASLES,515.1
COK,Cook Islands,1992.0,HEPB3,98.0,MEASLES,515.1
PAN,Panama,1997.0,BCG,99.0,RUBELLA,514.0
PAN,Panama,1997.0,DTPCV1,94.15,RUBELLA,514.0
PAN,Panama,1997.0,DTPCV3,95.0,RUBELLA,514.0
PAN,Panama,1997.0,MCV1,92.0,RUBELLA,514.0
PAN,Panama,1997.0,POL3,99.67,RUBELLA,514.0
PAN,Panama,1997.0,RCV1,92.0,RUBELLA,514.0
NOR,Norway,2013.0,DTPCV1,99.0,PERTUSSIS,513.4
NOR,Norway,2013.0,DTPCV3,94.0,PERTUSSIS,513.4
NOR,Norway,2013.0,HIB3,95.0,PERTUSSIS,513.4
NOR,Norway,2013.0,MCV1,93.0,PERTUSSIS,513.4
NOR,Norway,2013.0,MCV2,91.0,PERTUSSIS,513.4
NOR,Norway,2013.0,PCV1,99.0,PERTUSSIS,513.4
NOR,Norway,2013.0,PCV2,97.0,PERTUSSIS,513.4
NOR,Norway,2013.0,PCV3,93.0,PERTUSSIS,513.4
NOR,Norway,2013.0,POL3,94.0,PERTUSSIS,513.4
NOR,Norway,2013.0,RCV1,93.0,PERTUSSIS,513.4
SAU,Saudi Arabia,1990.0,BCG,90.0,MEASLES,511.2
SAU,Saudi Arabia,1990.0,DTPCV1,97.0,MEASLES,511.2
SAU,Saudi Arabia,1990.0,DTPCV3,92.0,MEASLES,511.2
SAU,Saudi Arabia,1990.0,POL3,92.0,MEASLES,511.2
ZAF,South Africa,1983.0,DTPCV1,90.0,MEASLES,511.2
ZAF,South Africa,1985.0,DTPCV1,91.0,MEASLES,510.4
JPN,Japan,2008.0,BCG,90.0,MUMPS,510.0
JPN,Japan,2008.0,DTPCV1,99.0,MUMPS,510.0
JPN,Japan,2008.0,DTPCV3,98.16,MUMPS,510.0
JPN,Japan,2008.0,MCV1,96.2,MUMPS,510.0
JPN,Japan,2008.0,POL3,96.35,MUMPS,510.0
JPN,Japan,2008.0,RCV1,95.0,MUMPS,510.0
NER,Niger,2022.0,BCG,95.0,MEASLES,509.6
NER,Niger,2022.0,DTPCV1,96.0,MEASLES,509.6
NER,Niger,2022.0,PCV1,96.0,MEASLES,509.6
NER,Niger,2022.0,PCV2,94.0,MEASLES,509.6
NER,Niger,2022.0,ROTA1,96.0,MEASLES,509.6
NER,Niger,2022.0,ROTAC,90.21,MEASLES,509.6
URY,Uruguay,2017.0,BCG,98.0,MUMPS,509.4
URY,Uruguay,2017.0,DTPCV1,97.0,MUMPS,509.4
URY,Uruguay,2017.0,DTPCV3,93.0,MUMPS,509.4
URY,Uruguay,2017.0,HEPB3,93.0,MUMPS,509.4
URY,Uruguay,2017.0,HIB3,93.0,MUMPS,509.4
URY,Uruguay,2017.0,IPV1,97.0,MUMPS,509.4
URY,Uruguay,2017.0,MCV1,96.0,MUMPS,509.4
URY,Uruguay,2017.0,MCV2,92.0,MUMPS,509.4
URY,Uruguay,2017.0,PCV3,94.0,MUMPS,509.4
URY,Uruguay,2017.0,POL3,93.0,MUMPS,509.4
URY,Uruguay,2017.0,RCV1,96.0,MUMPS,509.4
ROU,Romania,2002.0,BCG,99.27,RUBELLA,508.9
ROU,Romania,2002.0,DTPCV1,98.0,RUBELLA,508.9
ROU,Romania,2002.0,DTPCV3,98.0,RUBELLA,508.9
ROU,Romania,2002.0,HEPB3,98.85,RUBELLA,508.9
ROU,Romania,2002.0,HEPB_BD,98.9,RUBELLA,508.9
ROU,Romania,2002.0,MCV1,98.1,RUBELLA,508.9
ROU,Romania,2002.0,MCV2,97.05,RUBELLA,508.9
ROU,Romania,2002.0,POL3,98.0,RUBELLA,508.9
ROU,Romania,2002.0,RCV1,98.0,RUBELLA,508.9
KNA,Saint Kitts and Nevis,1987.0,DTPCV1,98.0,MEASLES,507.9
KNA,Saint Kitts and Nevis,1987.0,DTPCV3,96.0,MEASLES,507.9
KNA,Saint Kitts and Nevis,1987.0,MCV1,91.0,MEASLES,507.9
KNA,Saint Kitts and Nevis,1987.0,POL3,98.0,MEASLES,507.9
KNA,Saint Kitts and Nevis,1987.0,RCV1,91.0,MEASLES,507.9
ALB,Albania,2018.0,BCG,99.05,MEASLES,507.6
ALB,Albania,2018.0,DIPHCV4,96.79,MEASLES,507.6
ALB,Albania,2018.0,DIPHCV5,97.28,MEASLES,507.6
ALB,Albania,2018.0,DIPHCV6,94.5,MEASLES,507.6
ALB,Albania,2018.0,DTPCV1,98.94,MEASLES,507.6
ALB,Albania,2018.0,DTPCV3,98.86,MEASLES,507.6
ALB,Albania,2018.0,HEPB3,98.86,MEASLES,507.6
ALB,Albania,2018.0,HEPB_BD,99.18,MEASLES,507.6
ALB,Albania,2018.0,HEPB_BDALL,99.28,MEASLES,507.6
ALB,Albania,2018.0,HIB3,98.86,MEASLES,507.6
ALB,Albania,2018.0,IPV1,98.95,MEASLES,507.6
ALB,Albania,2018.0,MCV1,94.05,MEASLES,507.6
ALB,Albania,2018.0,MCV2,96.19,MEASLES,507.6
ALB,Albania,2018.0,PAB,95.0,MEASLES,507.6
ALB,Albania,2018.0,PCV1,98.92,MEASLES,507.6
ALB,Albania,2018.0,PCV2,98.91,MEASLES,507.6
ALB,Albania,2018.0,PCV3,98.35,MEASLES,507.6
ALB,Albania,2018.0,PERCV4,97.84,MEASLES,507.6
ALB,Albania,2018.0,POL3,98.81,MEASLES,507.6
ALB,Albania,2018.0,RCV1,94.05,MEASLES,507.6
ALB,Albania,2018.0,TTCV4,96.79,MEASLES,507.6
ALB,Albania,2018.0,TTCV5,97.28,MEASLES,507.6
ALB,Albania,2018.0,TTCV6,94.5,MEASLES,507.6
JOR,Jordan,1981.0,DTPCV1,93.0,MEASLES,504.8
ARE,United Arab Emirates,1992.0,BCG,98.0,MEASLES,502.7
ARE,United Arab Emirates,1992.0,DTPCV1,95.0,MEASLES,502.7
RUS,Russian Federation,1993.0,DTPCV1,92.0,MEASLES,502.7
AUS,Australia,2014.0,DTPCV1,92.0,PERTUSSIS,501.9
AUS,Australia,2014.0,DTPCV3,91.73,PERTUSSIS,501.9
AUS,Australia,2014.0,HEPB3,91.13,PERTUSSIS,501.9
AUS,Australia,2014.0,HIB3,91.26,PERTUSSIS,501.9
AUS,Australia,2014.0,MCV1,94.13,PERTUSSIS,501.9
AUS,Australia,2014.0,MCV2,92.72,PERTUSSIS,501.9
AUS,Australia,2014.0,PCV3,91.13,PERTUSSIS,501.9
AUS,Australia,2014.0,POL3,91.68,PERTUSSIS,501.9
AUS,Australia,2014.0,RCV1,94.13,PERTUSSIS,501.9
CZE,Czechia,2006.0,BCG,99.0,MUMPS,501.9
CZE,Czechia,2006.0,DTPCV1,99.0,MUMPS,501.9
CZE,Czechia,2006.0,DTPCV3,98.0,MUMPS,501.9
CZE,Czechia,2006.0,HEPB3,98.0,MUMPS,501.9
CZE,Czechia,2006.0,HIB3,97.0,MUMPS,501.9
CZE,Czechia,2006.0,MCV1,97.0,MUMPS,501.9
CZE,Czechia,2006.0,MCV2,97.83,MUMPS,501.9
CZE,Czechia,2006.0,POL3,98.0,MUMPS,501.9
CZE,Czechia,2006.0,RCV1,97.0,MUMPS,501.9
NCL,New Caledonia,1984.0,BCG,99.0,MEASLES,501.3
GRC,Greece,1988.0,DTPCV1,94.0,MEASLES,501.1
GRC,Greece,1988.0,POL3,98.0,MEASLES,501.1
URY,Uruguay,2006.0,BCG,99.0,MUMPS,500.4
URY,Uruguay,2006.0,DTPCV1,99.0,MUMPS,500.4
URY,Uruguay,2006.0,DTPCV3,95.0,MUMPS,500.4
URY,Uruguay,2006.0,HEPB3,95.0,MUMPS,500.4
URY,Uruguay,2006.0,HIB3,95.0,MUMPS,500.4
URY,Uruguay,2006.0,MCV1,94.0,MUMPS,500.4
URY,Uruguay,2006.0,POL3,95.0,MUMPS,500.4
URY,Uruguay,2006.0,RCV1,94.0,MUMPS,500.4
AUS,Australia,2018.0,DIPHCV4,93.16,PERTUSSIS,499.8
AUS,Australia,2018.0,DIPHCV5,94.75,PERTUSSIS,499.8
AUS,Australia,2018.0,DTPCV1,98.0,PERTUSSIS,499.8
AUS,Australia,2018.0,DTPCV3,94.74,PERTUSSIS,499.8
AUS,Australia,2018.0,HEPB3,94.69,PERTUSSIS,499.8
AUS,Australia,2018.0,HIB3,94.28,PERTUSSIS,499.8
AUS,Australia,2018.0,IPV1,98.0,PERTUSSIS,499.8
AUS,Australia,2018.0,MCV1,94.0,PERTUSSIS,499.8
AUS,Australia,2018.0,MCV2,93.31,PERTUSSIS,499.8
AUS,Australia,2018.0,PCV3,95.19,PERTUSSIS,499.8
AUS,Australia,2018.0,PERCV4,93.16,PERTUSSIS,499.8
AUS,Australia,2018.0,POL3,94.72,PERTUSSIS,499.8
AUS,Australia,2018.0,RCV1,94.0,PERTUSSIS,499.8
AUS,Australia,2018.0,ROTAC,90.0,PERTUSSIS,499.8
AUS,Australia,2018.0,TTCV4,93.16,PERTUSSIS,499.8
AUS,Australia,2018.0,TTCV5,94.75,PERTUSSIS,499.8
DOM,Dominican Republic,2010.0,BCG,97.99,MUMPS,498.7
DOM,Dominican Republic,2010.0,DTPCV1,95.66,MUMPS,498.7
TJK,Tajikistan,1998.0,BCG,98.0,MEASLES,497.1
TJK,Tajikistan,1998.0,DTPCV1,92.5,MEASLES,497.1
TJK,Tajikistan,1998.0,MCV1,90.67,MEASLES,497.1
TJK,Tajikistan,1998.0,POL3,90.33,MEASLES,497.1
KAZ,Kazakhstan,1999.0,BCG,99.5,RUBELLA,494.6
KAZ,Kazakhstan,1999.0,DTPCV1,98.0,RUBELLA,494.6
KAZ,Kazakhstan,1999.0,DTPCV3,98.07,RUBELLA,494.6
KAZ,Kazakhstan,1999.0,MCV1,99.5,RUBELLA,494.6
KAZ,Kazakhstan,1999.0,MCV2,99.8,RUBELLA,494.6
KAZ,Kazakhstan,1999.0,POL3,99.53,RUBELLA,494.6
WSM,Samoa,1996.0,BCG,98.0,MEASLES,494.1
WSM,Samoa,1996.0,DTPCV1,98.0,MEASLES,494.1
WSM,Samoa,1996.0,DTPCV3,95.0,MEASLES,494.1
WSM,Samoa,1996.0,HEPB3,98.0,MEASLES,494.1
WSM,Samoa,1996.0,MCV1,96.0,MEASLES,494.1
WSM,Samoa,1996.0,POL3,95.0,MEASLES,494.1
WSM,Samoa,1996.0,TT2PLUS,98.0,MEASLES,494.1
AUS,Australia,2001.0,DTPCV1,97.0,PERTUSSIS,492.5
AUS,Australia,2001.0,DTPCV3,92.0,PERTUSSIS,492.5
AUS,Australia,2001.0,HEPB3,94.0,PERTUSSIS,492.5
AUS,Australia,2001.0,HIB3,95.0,PERTUSSIS,492.5
AUS,Australia,2001.0,MCV1,92.0,PERTUSSIS,492.5
AUS,Australia,2001.0,POL3,91.0,PERTUSSIS,492.5
AUS,Australia,2001.0,RCV1,92.0,PERTUSSIS,492.5
BLZ,Belize,1997.0,DTPCV1,90.0,RUBELLA,492.1
GBR,United Kingdom of Great Britain and Northern Ireland,1990.0,DTPCV1,94.0,MEASLES,492.1
GBR,United Kingdom of Great Britain and Northern Ireland,1990.0,POL3,90.67,MEASLES,492.1
GNQ,Equatorial Guinea,1994.0,BCG,99.0,MEASLES,490.8
GNQ,Equatorial Guinea,1994.0,DTPCV1,94.0,MEASLES,490.8
KOR,Republic of Korea,2001.0,RCV1,96.0,MEASLES,490.2
AUS,Australia,2017.0,DTPCV1,98.0,PERTUSSIS,489.8
AUS,Australia,2017.0,DTPCV3,94.83,PERTUSSIS,489.8
AUS,Australia,2017.0,HEPB3,94.81,PERTUSSIS,489.8
AUS,Australia,2017.0,HIB3,94.33,PERTUSSIS,489.8
AUS,Australia,2017.0,IPV1,98.0,PERTUSSIS,489.8
AUS,Australia,2017.0,MCV1,94.0,PERTUSSIS,489.8
AUS,Australia,2017.0,MCV2,93.3,PERTUSSIS,489.8
AUS,Australia,2017.0,PCV3,94.25,PERTUSSIS,489.8
AUS,Australia,2017.0,POL3,94.81,PERTUSSIS,489.8
AUS,Australia,2017.0,RCV1,94.0,PERTUSSIS,489.8
KGZ,Kyrgyzstan,1998.0,BCG,94.0,MEASLES,488.4
KGZ,Kyrgyzstan,1998.0,DTPCV1,98.0,MEASLES,488.4
KGZ,Kyrgyzstan,1998.0,DTPCV3,97.0,MEASLES,488.4
KGZ,Kyrgyzstan,1998.0,MCV1,98.0,MEASLES,488.4
KGZ,Kyrgyzstan,1998.0,POL3,97.33,MEASLES,488.4
SEN,Senegal,1987.0,BCG,92.0,MEASLES,487.6
DOM,Dominican Republic,1990.0,POL3,90.0,MEASLES,486.2
VGB,British Virgin Islands,1983.0,DTPCV3,90.0,MEASLES,485.0
URY,Uruguay,2018.0,BCG,98.0,MUMPS,484.6
URY,Uruguay,2018.0,DIPHCV4,93.0,MUMPS,484.6
URY,Uruguay,2018.0,DIPHCV5,90.0,MUMPS,484.6
URY,Uruguay,2018.0,DTPCV1,96.0,MUMPS,484.6
URY,Uruguay,2018.0,DTPCV3,91.0,MUMPS,484.6
URY,Uruguay,2018.0,HEPB3,91.0,MUMPS,484.6
URY,Uruguay,2018.0,HIB3,91.0,MUMPS,484.6
URY,Uruguay,2018.0,IPV1,96.0,MUMPS,484.6
URY,Uruguay,2018.0,MCV1,97.0,MUMPS,484.6
URY,Uruguay,2018.0,MCV2,91.0,MUMPS,484.6
URY,Uruguay,2018.0,PCV1,96.0,MUMPS,484.6
URY,Uruguay,2018.0,PCV2,92.0,MUMPS,484.6
URY,Uruguay,2018.0,PCV3,93.0,MUMPS,484.6
URY,Uruguay,2018.0,PERCV4,91.0,MUMPS,484.6
URY,Uruguay,2018.0,POL3,91.0,MUMPS,484.6
URY,Uruguay,2018.0,RCV1,97.0,MUMPS,484.6
URY,Uruguay,2018.0,TTCV4,91.0,MUMPS,484.6
URY,Uruguay,2018.0,TTCV5,90.0,MUMPS,484.6
ZMB,Zambia,2007.0,BCG,95.0,MUMPS,484.0
ZMB,Zambia,2007.0,DTPCV1,93.0,MUMPS,484.0
ZMB,Zambia,2007.0,HEPB_BD,92.0,MUMPS,484.0
ZMB,Zambia,2007.0,MCV1,95.67,MUMPS,484.0
ZMB,Zambia,2007.0,VAD1,99.16,MUMPS,484.0
LBY,Libya,2004.0,BCG,99.67,MEASLES,483.0
LBY,Libya,2004.0,DTPCV1,99.67,MEASLES,483.0
LBY,Libya,2004.0,DTPCV3,96.0,MEASLES,483.0
LBY,Libya,2004.0,HEPB3,99.5,MEASLES,483.0
LBY,Libya,2004.0,HEPB_BD,100.0,MEASLES,483.0
LBY,Libya,2004.0,MCV1,99.67,MEASLES,483.0
LBY,Libya,2004.0,MCV2,94.33,MEASLES,483.0
LBY,Libya,2004.0,POL3,97.0,MEASLES,483.0
LBY,Libya,2004.0,RCV1,95.67,MEASLES,483.0
IRQ,Iraq,1987.0,BCG,97.0,MEASLES,482.9
IRQ,Iraq,1987.0,DTPCV1,91.5,MEASLES,482.9
MNG,Mongolia,2002.0,BCG,98.0,MEASLES,482.0
MNG,Mongolia,2002.0,DTPCV1,96.67,MEASLES,482.0
MNG,Mongolia,2002.0,DTPCV3,98.0,MEASLES,482.0
MNG,Mongolia,2002.0,HEPB3,98.0,MEASLES,482.0
MNG,Mongolia,2002.0,HEPB_BD,98.15,MEASLES,482.0
MNG,Mongolia,2002.0,MCV1,98.0,MEASLES,482.0
MNG,Mongolia,2002.0,MCV2,95.9,MEASLES,482.0
MNG,Mongolia,2002.0,POL3,98.0,MEASLES,482.0
THA,Thailand,1991.0,BCG,99.67,MEASLES,480.1
THA,Thailand,1991.0,DTPCV1,96.0,MEASLES,480.1
THA,Thailand,1991.0,POL3,90.0,MEASLES,480.1
RUS,Russian Federation,1999.0,BCG,95.87,MUMPS,479.9
RUS,Russian Federation,1999.0,DTPCV1,97.0,MUMPS,479.9
RUS,Russian Federation,1999.0,DTPCV3,95.0,MUMPS,479.9
RUS,Russian Federation,1999.0,MCV1,96.93,MUMPS,479.9
RUS,Russian Federation,1999.0,POL3,97.07,MUMPS,479.9
CHE,Switzerland,2009.0,DTPCV1,95.0,PERTUSSIS,478.2
CHE,Switzerland,2009.0,DTPCV3,95.0,PERTUSSIS,478.2
CHE,Switzerland,2009.0,HIB3,95.0,PERTUSSIS,478.2
CHE,Switzerland,2009.0,MCV1,92.0,PERTUSSIS,478.2
CHE,Switzerland,2009.0,POL3,96.0,PERTUSSIS,478.2
UKR,Ukraine,2001.0,BCG,98.05,MUMPS,478.1
UKR,Ukraine,2001.0,DTPCV1,97.27,MUMPS,478.1
UKR,Ukraine,2001.0,DTPCV3,99.05,MUMPS,478.1
UKR,Ukraine,2001.0,MCV1,98.84,MUMPS,478.1
UKR,Ukraine,2001.0,MCV2,98.18,MUMPS,478.1
UKR,Ukraine,2001.0,POL3,99.03,MUMPS,478.1
UKR,Ukraine,2001.0,RCV1,99.0,MUMPS,478.1
PSE,"occupied Palestinian territory, including east Jerusalem",2017.0,BCG,99.5,MUMPS,478.0
PSE,"occupied Palestinian territory, including east Jerusalem",2017.0,DTPCV1,99.51,MUMPS,478.0
PSE,"occupied Palestinian territory, including east Jerusalem",2017.0,DTPCV3,98.8,MUMPS,478.0
PSE,"occupied Palestinian territory, including east Jerusalem",2017.0,HEPB3,99.64,MUMPS,478.0
PSE,"occupied Palestinian territory, including east Jerusalem",2017.0,HEPB_BD,99.59,MUMPS,478.0
PSE,"occupied Palestinian territory, including east Jerusalem",2017.0,HIB3,98.8,MUMPS,478.0
PSE,"occupied Palestinian territory, including east Jerusalem",2017.0,IPV1,99.22,MUMPS,478.0
PSE,"occupied Palestinian territory, including east Jerusalem",2017.0,MCV1,98.67,MUMPS,478.0
PSE,"occupied Palestinian territory, including east Jerusalem",2017.0,MCV2,97.76,MUMPS,478.0
PSE,"occupied Palestinian territory, including east Jerusalem",2017.0,PCV1,100.0,MUMPS,478.0
PSE,"occupied Palestinian territory, including east Jerusalem",2017.0,PCV2,100.0,MUMPS,478.0
PSE,"occupied Palestinian territory, including east Jerusalem",2017.0,PCV3,99.57,MUMPS,478.0
PSE,"occupied Palestinian territory, including east Jerusalem",2017.0,POL3,98.86,MUMPS,478.0
PSE,"occupied Palestinian territory, including east Jerusalem",2017.0,RCV1,98.84,MUMPS,478.0
PSE,"occupied Palestinian territory, including east Jerusalem",2017.0,ROTA1,99.71,MUMPS,478.0
PSE,"occupied Palestinian territory, including east Jerusalem",2017.0,ROTAC,99.48,MUMPS,478.0
PSE,"occupied Palestinian territory, including east Jerusalem",2017.0,TT2PLUS,100.0,MUMPS,478.0
PSE,"occupied Palestinian territory, including east Jerusalem",2017.0,VAD1,100.0,MUMPS,478.0
DZA,Algeria,2003.0,BCG,98.0,MEASLES,477.8
DZA,Algeria,2003.0,DTPCV1,93.0,MEASLES,477.8
DZA,Algeria,2003.0,MCV2,96.0,MEASLES,477.8
ARG,Argentina,2001.0,DTPCV1,93.75,MUMPS,477.6
MNG,Mongolia,1992.0,DTPCV1,93.0,MEASLES,477.4
ZAF,South Africa,1984.0,DTPCV1,91.0,MEASLES,476.8
BIH,Bosnia and Herzegovina,2015.0,BCG,95.2,MEASLES,476.6
BIH,Bosnia and Herzegovina,2015.0,HEPB_BD,95.5,MEASLES,476.6
BIH,Bosnia and Herzegovina,2015.0,TT2PLUS,91.9,MEASLES,476.6
MNG,Mongolia,2006.0,BCG,98.0,RUBELLA,475.5
MNG,Mongolia,2006.0,DTPCV1,99.0,RUBELLA,475.5
MNG,Mongolia,2006.0,DTPCV3,99.0,RUBELLA,475.5
MNG,Mongolia,2006.0,HEPB3,98.0,RUBELLA,475.5
MNG,Mongolia,2006.0,HEPB_BD,96.43,RUBELLA,475.5
MNG,Mongolia,2006.0,MCV1,99.0,RUBELLA,475.5
MNG,Mongolia,2006.0,MCV2,95.93,RUBELLA,475.5
MNG,Mongolia,2006.0,POL3,98.0,RUBELLA,475.5
COL,Colombia,1988.0,BCG,98.67,MEASLES,475.4
COL,Colombia,1988.0,DTPCV1,90.0,MEASLES,475.4
COL,Colombia,1988.0,POL3,93.33,MEASLES,475.4
SRB,Serbia,1985.0,MCV1,91.0,PERTUSSIS,475.0
SRB,Serbia,1985.0,POL3,90.0,PERTUSSIS,475.0
TZA,United Republic of Tanzania,1992.0,BCG,99.33,MEASLES,474.9
TZA,United Republic of Tanzania,1992.0,DTPCV1,94.0,MEASLES,474.9
NOR,Norway,2019.0,15HPV1_F,91.0,PERTUSSIS,474.8
NOR,Norway,2019.0,DIPHCV4,95.0,PERTUSSIS,474.8
NOR,Norway,2019.0,DIPHCV5,94.0,PERTUSSIS,474.8
NOR,Norway,2019.0,DTPCV1,99.67,PERTUSSIS,474.8
NOR,Norway,2019.0,DTPCV3,97.0,PERTUSSIS,474.8
NOR,Norway,2019.0,HEPB3,96.0,PERTUSSIS,474.8
NOR,Norway,2019.0,HIB3,97.0,PERTUSSIS,474.8
NOR,Norway,2019.0,IPV1,99.67,PERTUSSIS,474.8
NOR,Norway,2019.0,MCV1,97.0,PERTUSSIS,474.8
NOR,Norway,2019.0,MCV2,95.0,PERTUSSIS,474.8
NOR,Norway,2019.0,PCV1,100.0,PERTUSSIS,474.8
NOR,Norway,2019.0,PCV2,99.0,PERTUSSIS,474.8
NOR,Norway,2019.0,PCV3,95.0,PERTUSSIS,474.8
NOR,Norway,2019.0,PERCV4,95.0,PERTUSSIS,474.8
NOR,Norway,2019.0,POL3,97.0,PERTUSSIS,474.8
NOR,Norway,2019.0,PRHPV1_F,93.0,PERTUSSIS,474.8
NOR,Norway,2019.0,PRHPV1_M,92.0,PERTUSSIS,474.8
NOR,Norway,2019.0,PRHPVC_F,91.0,PERTUSSIS,474.8
NOR,Norway,2019.0,RCV1,97.0,PERTUSSIS,474.8
NOR,Norway,2019.0,ROTA1,96.0,PERTUSSIS,474.8
NOR,Norway,2019.0,ROTAC,95.0,PERTUSSIS,474.8
NOR,Norway,2019.0,TTCV4,96.0,PERTUSSIS,474.8
NOR,Norway,2019.0,TTCV5,94.0,PERTUSSIS,474.8
MOZ,Mozambique,2004.0,BCG,90.0,MEASLES,473.6
PRY,Paraguay,1993.0,DTPCV1,90.0,MEASLES,473.6
PRY,Paraguay,1993.0,MCV1,96.0,MEASLES,473.6
VEN,Venezuela (Bolivarian Republic of),1999.0,BCG,98.0,RUBELLA,473.3
VEN,Venezuela (Bolivarian Republic of),1999.0,DTPCV1,99.67,RUBELLA,473.3
AUS,Australia,2019.0,DIPHCV4,93.31,PERTUSSIS,471.7
AUS,Australia,2019.0,DIPHCV5,94.9,PERTUSSIS,471.7
AUS,Australia,2019.0,DTPCV1,98.0,PERTUSSIS,471.7
AUS,Australia,2019.0,DTPCV3,94.95,PERTUSSIS,471.7
AUS,Australia,2019.0,HEPB3,94.94,PERTUSSIS,471.7
AUS,Australia,2019.0,HIB3,94.84,PERTUSSIS,471.7
AUS,Australia,2019.0,IPV1,98.0,PERTUSSIS,471.7
AUS,Australia,2019.0,MCV1,94.0,PERTUSSIS,471.7
AUS,Australia,2019.0,MCV2,93.73,PERTUSSIS,471.7
AUS,Australia,2019.0,PCV3,96.11,PERTUSSIS,471.7
AUS,Australia,2019.0,PERCV4,93.31,PERTUSSIS,471.7
AUS,Australia,2019.0,POL3,94.93,PERTUSSIS,471.7
AUS,Australia,2019.0,RCV1,94.0,PERTUSSIS,471.7
AUS,Australia,2019.0,ROTAC,92.0,PERTUSSIS,471.7
AUS,Australia,2019.0,TTCV4,93.31,PERTUSSIS,471.7
AUS,Australia,2019.0,TTCV5,94.9,PERTUSSIS,471.7
GNB,Guinea-Bissau,1995.0,BCG,92.0,MEASLES,471.4
EST,Estonia,2009.0,BCG,97.13,PERTUSSIS,471.3
EST,Estonia,2009.0,DTPCV1,97.07,PERTUSSIS,471.3
EST,Estonia,2009.0,DTPCV3,95.2,PERTUSSIS,471.3
EST,Estonia,2009.0,HEPB3,95.2,PERTUSSIS,471.3
EST,Estonia,2009.0,HIB3,95.1,PERTUSSIS,471.3
EST,Estonia,2009.0,MCV1,95.07,PERTUSSIS,471.3
EST,Estonia,2009.0,MCV2,95.83,PERTUSSIS,471.3
EST,Estonia,2009.0,POL3,95.2,PERTUSSIS,471.3
EST,Estonia,2009.0,RCV1,95.07,PERTUSSIS,471.3
LSO,Lesotho,1999.0,DTPCV1,90.0,MEASLES,471.2
ISR,Israel,1986.0,DTPCV1,97.0,MEASLES,468.0
ISR,Israel,1986.0,DTPCV3,92.0,MEASLES,468.0
ISR,Israel,1986.0,POL3,93.0,MEASLES,468.0
SYR,Syrian Arab Republic,2000.0,BCG,97.0,MUMPS,467.6
SYR,Syrian Arab Republic,2000.0,DTPCV1,95.33,MUMPS,467.6
SYR,Syrian Arab Republic,2000.0,DTPCV3,92.67,MUMPS,467.6
SYR,Syrian Arab Republic,2000.0,HEPB_BD,100.0,MUMPS,467.6
SYR,Syrian Arab Republic,2000.0,MCV1,91.33,MUMPS,467.6
SYR,Syrian Arab Republic,2000.0,PAB,90.0,MUMPS,467.6
SYR,Syrian Arab Republic,2000.0,POL3,93.33,MUMPS,467.6
SYR,Syrian Arab Republic,2000.0,VAD1,94.0,MUMPS,467.6
UKR,Ukraine,2005.0,BCG,96.1,RUBELLA,467.5
UKR,Ukraine,2005.0,DTPCV1,96.47,RUBELLA,467.5
UKR,Ukraine,2005.0,DTPCV3,95.83,RUBELLA,467.5
UKR,Ukraine,2005.0,HEPB3,95.7,RUBELLA,467.5
UKR,Ukraine,2005.0,HEPB_BD,96.13,RUBELLA,467.5
UKR,Ukraine,2005.0,MCV1,95.93,RUBELLA,467.5
UKR,Ukraine,2005.0,MCV2,95.87,RUBELLA,467.5
UKR,Ukraine,2005.0,POL3,95.17,RUBELLA,467.5
UKR,Ukraine,2005.0,RCV1,95.8,RUBELLA,467.5
ERI,Eritrea,2016.0,DTPCV1,92.33,MUMPS,466.6
ERI,Eritrea,2016.0,DTPCV3,90.33,MUMPS,466.6
ERI,Eritrea,2016.0,HEPB3,90.33,MUMPS,466.6
ERI,Eritrea,2016.0,HIB3,90.33,MUMPS,466.6
ERI,Eritrea,2016.0,PAB,94.4,MUMPS,466.6
ERI,Eritrea,2016.0,PCV1,90.0,MUMPS,466.6
ERI,Eritrea,2016.0,PCV3,90.33,MUMPS,466.6
ERI,Eritrea,2016.0,POL3,90.33,MUMPS,466.6
ERI,Eritrea,2016.0,ROTA1,90.0,MUMPS,466.6
ERI,Eritrea,2016.0,ROTAC,91.33,MUMPS,466.6
NOR,Norway,2018.0,DIPHCV4,95.0,PERTUSSIS,466.1
NOR,Norway,2018.0,DIPHCV5,93.0,PERTUSSIS,466.1
NOR,Norway,2018.0,DTPCV1,99.67,PERTUSSIS,466.1
NOR,Norway,2018.0,DTPCV3,96.0,PERTUSSIS,466.1
NOR,Norway,2018.0,HIB3,96.0,PERTUSSIS,466.1
NOR,Norway,2018.0,IPV1,99.67,PERTUSSIS,466.1
NOR,Norway,2018.0,MCV1,96.0,PERTUSSIS,466.1
NOR,Norway,2018.0,MCV2,93.0,PERTUSSIS,466.1
NOR,Norway,2018.0,PCV1,100.0,PERTUSSIS,466.1
NOR,Norway,2018.0,PCV2,100.0,PERTUSSIS,466.1
NOR,Norway,2018.0,PCV3,94.0,PERTUSSIS,466.1
NOR,Norway,2018.0,POL3,96.0,PERTUSSIS,466.1
NOR,Norway,2018.0,PRHPV1_F,94.0,PERTUSSIS,466.1
NOR,Norway,2018.0,PRHPV1_M,90.0,PERTUSSIS,466.1
NOR,Norway,2018.0,RCV1,96.0,PERTUSSIS,466.1
NOR,Norway,2018.0,ROTA1,95.0,PERTUSSIS,466.1
NOR,Norway,2018.0,ROTAC,93.0,PERTUSSIS,466.1
ITA,Italy,1983.0,POL3,90.0,MEASLES,464.6
NPL,Nepal,2004.0,DTPCV1,90.17,MEASLES,464.1
NPL,Nepal,2004.0,PAB,90.0,MEASLES,464.1
NPL,Nepal,2004.0,VAD1,95.0,MEASLES,464.1
CHE,Switzerland,2018.0,DTPCV1,97.77,PERTUSSIS,463.8
CHE,Switzerland,2018.0,DTPCV3,95.93,PERTUSSIS,463.8
CHE,Switzerland,2018.0,HIB3,95.07,PERTUSSIS,463.8
CHE,Switzerland,2018.0,IPV1,96.87,PERTUSSIS,463.8
CHE,Switzerland,2018.0,MCV1,95.17,PERTUSSIS,463.8
CHE,Switzerland,2018.0,POL3,95.73,PERTUSSIS,463.8
CHE,Switzerland,2018.0,RCV1,95.27,PERTUSSIS,463.8
CRI,Costa Rica,2007.0,BCG,93.67,PERTUSSIS,462.1
CRI,Costa Rica,2007.0,DTPCV1,90.14,PERTUSSIS,462.1
CRI,Costa Rica,2007.0,MCV1,90.0,PERTUSSIS,462.1
CRI,Costa Rica,2007.0,RCV1,90.0,PERTUSSIS,462.1
BLR,Belarus,2004.0,BCG,99.13,RUBELLA,461.4
BLR,Belarus,2004.0,DTPCV1,99.0,RUBELLA,461.4
BLR,Belarus,2004.0,DTPCV3,99.0,RUBELLA,461.4
BLR,Belarus,2004.0,HEPB3,99.13,RUBELLA,461.4
BLR,Belarus,2004.0,MCV1,99.0,RUBELLA,461.4
BLR,Belarus,2004.0,MCV2,98.33,RUBELLA,461.4
BLR,Belarus,2004.0,POL3,99.07,RUBELLA,461.4
BLR,Belarus,2004.0,RCV1,98.87,RUBELLA,461.4
ROU,Romania,2017.0,BCG,97.27,MEASLES,461.0
ROU,Romania,2017.0,DTPCV1,94.0,MEASLES,461.0
ROU,Romania,2017.0,HEPB3,92.0,MEASLES,461.0
ROU,Romania,2017.0,IPV1,94.0,MEASLES,461.0
TUR,Türkiye,2001.0,DTPCV1,93.33,MEASLES,460.5
TUR,Türkiye,2001.0,MCV2,91.0,MEASLES,460.5
NOR,Norway,2017.0,DTPCV1,99.67,PERTUSSIS,459.4
NOR,Norway,2017.0,DTPCV3,96.0,PERTUSSIS,459.4
NOR,Norway,2017.0,HIB3,96.0,PERTUSSIS,459.4
NOR,Norway,2017.0,IPV1,99.67,PERTUSSIS,459.4
NOR,Norway,2017.0,MCV1,96.0,PERTUSSIS,459.4
NOR,Norway,2017.0,MCV2,91.0,PERTUSSIS,459.4
NOR,Norway,2017.0,PCV1,99.0,PERTUSSIS,459.4
NOR,Norway,2017.0,PCV2,98.0,PERTUSSIS,459.4
NOR,Norway,2017.0,PCV3,94.0,PERTUSSIS,459.4
NOR,Norway,2017.0,POL3,96.0,PERTUSSIS,459.4
NOR,Norway,2017.0,PRHPV1_F,91.0,PERTUSSIS,459.4
NOR,Norway,2017.0,RCV1,96.0,PERTUSSIS,459.4
CYM,Cayman Islands,1983.0,DTPCV3,100.0,MEASLES,459.2
CYM,Cayman Islands,1983.0,MCV1,99.0,MEASLES,459.2
CYM,Cayman Islands,1983.0,POL3,100.0,MEASLES,459.2
KGZ,Kyrgyzstan,2001.0,BCG,98.87,RUBELLA,459.0
KGZ,Kyrgyzstan,2001.0,DTPCV1,99.2,RUBELLA,459.0
KGZ,Kyrgyzstan,2001.0,DTPCV3,98.8,RUBELLA,459.0
KGZ,Kyrgyzstan,2001.0,HEPB_BD,93.0,RUBELLA,459.0
KGZ,Kyrgyzstan,2001.0,MCV1,98.93,RUBELLA,459.0
KGZ,Kyrgyzstan,2001.0,MCV2,98.33,RUBELLA,459.0
KGZ,Kyrgyzstan,2001.0,POL3,98.87,RUBELLA,459.0
KGZ,Kyrgyzstan,2001.0,RCV1,99.0,RUBELLA,459.0
POL,Poland,2000.0,BCG,95.83,MUMPS,458.7
POL,Poland,2000.0,DTPCV1,99.0,MUMPS,458.7
POL,Poland,2000.0,DTPCV3,98.07,MUMPS,458.7
POL,Poland,2000.0,HEPB3,99.1,MUMPS,458.7
POL,Poland,2000.0,HEPB_BD,96.13,MUMPS,458.7
POL,Poland,2000.0,MCV1,97.13,MUMPS,458.7
POL,Poland,2000.0,MCV2,96.13,MUMPS,458.7
POL,Poland,2000.0,POL3,98.07,MUMPS,458.7
POL,Poland,2000.0,RCV1,97.0,MUMPS,458.7
MDA,Republic of Moldova,2000.0,BCG,99.0,MUMPS,458.6
MDA,Republic of Moldova,2000.0,DTPCV1,96.0,MUMPS,458.6
MDA,Republic of Moldova,2000.0,DTPCV3,95.0,MUMPS,458.6
MDA,Republic of Moldova,2000.0,HEPB3,92.0,MUMPS,458.6
MDA,Republic of Moldova,2000.0,HEPB_BD,93.0,MUMPS,458.6
MDA,Republic of Moldova,2000.0,POL3,97.0,MUMPS,458.6
GEO,Georgia,2005.0,BCG,95.0,RUBELLA,457.3
GEO,Georgia,2005.0,DTPCV1,91.0,RUBELLA,457.3
GEO,Georgia,2005.0,HEPB_BD,93.0,RUBELLA,457.3
GEO,Georgia,2005.0,MCV1,90.0,RUBELLA,457.3
GEO,Georgia,2005.0,RCV1,91.07,RUBELLA,457.3
BFA,Burkina Faso,2013.0,BCG,96.1,MUMPS,457.2
BFA,Burkina Faso,2013.0,DTPCV1,94.0,MUMPS,457.2
BFA,Burkina Faso,2013.0,YFV,93.93,MUMPS,457.2
NAM,Namibia,2013.0,BCG,94.0,MEASLES,456.4
NAM,Namibia,2013.0,DTPCV1,94.0,MEASLES,456.4
MDA,Republic of Moldova,2007.0,BCG,98.0,MUMPS,456.2
MDA,Republic of Moldova,2007.0,DTPCV1,95.0,MUMPS,456.2
MDA,Republic of Moldova,2007.0,DTPCV3,92.0,MUMPS,456.2
MDA,Republic of Moldova,2007.0,HEPB3,95.0,MUMPS,456.2
MDA,Republic of Moldova,2007.0,HEPB_BD,99.1,MUMPS,456.2
MDA,Republic of Moldova,2007.0,MCV1,96.0,MUMPS,456.2
MDA,Republic of Moldova,2007.0,MCV2,95.27,MUMPS,456.2
MDA,Republic of Moldova,2007.0,POL3,93.33,MUMPS,456.2
MDA,Republic of Moldova,2007.0,RCV1,95.73,MUMPS,456.2
CRI,Costa Rica,2008.0,BCG,90.2,PERTUSSIS,455.9
CRI,Costa Rica,2008.0,DTPCV1,90.59,PERTUSSIS,455.9
NZL,New Zealand,2011.0,DTPCV1,95.24,PERTUSSIS,454.5
NZL,New Zealand,2011.0,DTPCV3,94.69,PERTUSSIS,454.5
NZL,New Zealand,2011.0,HEPB3,94.7,PERTUSSIS,454.5
NZL,New Zealand,2011.0,HIB3,94.05,PERTUSSIS,454.5
NZL,New Zealand,2011.0,MCV1,93.17,PERTUSSIS,454.5
NZL,New Zealand,2011.0,PCV1,93.67,PERTUSSIS,454.5
NZL,New Zealand,2011.0,PCV3,92.27,PERTUSSIS,454.5
NZL,New Zealand,2011.0,POL3,94.69,PERTUSSIS,454.5
NZL,New Zealand,2011.0,RCV1,93.17,PERTUSSIS,454.5
JOR,Jordan,2003.0,DTPCV1,98.0,MUMPS,454.4
JOR,Jordan,2003.0,DTPCV3,96.67,MUMPS,454.4
JOR,Jordan,2003.0,HEPB3,96.67,MUMPS,454.4
JOR,Jordan,2003.0,HIB3,96.67,MUMPS,454.4
JOR,Jordan,2003.0,MCV1,96.67,MUMPS,454.4
JOR,Jordan,2003.0,MCV2,90.0,MUMPS,454.4
JOR,Jordan,2003.0,POL3,96.67,MUMPS,454.4
JOR,Jordan,2003.0,RCV1,91.0,MUMPS,454.4
ITA,Italy,1983.0,POL3,90.0,PERTUSSIS,453.8
FJI,Fiji,1983.0,BCG,99.0,MEASLES,453.7
FJI,Fiji,1983.0,DTPCV1,93.0,MEASLES,453.7
PNG,Papua New Guinea,1994.0,DTPCV1,91.0,PERTUSSIS,453.3
VUT,Vanuatu,1990.0,BCG,96.0,MEASLES,452.5
VUT,Vanuatu,1990.0,DTPCV1,91.0,MEASLES,452.5
GHA,Ghana,2020.0,BCG,92.98,MUMPS,451.2
GHA,Ghana,2020.0,DTPCV1,94.63,MUMPS,451.2
GHA,Ghana,2020.0,DTPCV3,95.13,MUMPS,451.2
GHA,Ghana,2020.0,HEPB3,95.13,MUMPS,451.2
GHA,Ghana,2020.0,HIB3,95.13,MUMPS,451.2
GHA,Ghana,2020.0,IPV1,93.81,MUMPS,451.2
GHA,Ghana,2020.0,PAB,90.0,MUMPS,451.2
GHA,Ghana,2020.0,PCV1,94.65,MUMPS,451.2
GHA,Ghana,2020.0,PCV2,92.64,MUMPS,451.2
GHA,Ghana,2020.0,PCV3,95.52,MUMPS,451.2
GHA,Ghana,2020.0,POL3,93.03,MUMPS,451.2
GHA,Ghana,2020.0,ROTA1,92.53,MUMPS,451.2
PHL,Philippines,1991.0,BCG,97.0,MEASLES,451.0
PHL,Philippines,1991.0,DTPCV1,96.0,MEASLES,451.0
PHL,Philippines,1991.0,DTPCV3,90.0,MEASLES,451.0
PHL,Philippines,1991.0,POL3,90.0,MEASLES,451.0
NER,Niger,2019.0,DTPCV1,92.0,MEASLES,449.8
NER,Niger,2019.0,PCV1,92.0,MEASLES,449.8
NER,Niger,2019.0,PCV2,93.0,MEASLES,449.8
NER,Niger,2019.0,ROTA1,95.5,MEASLES,449.8
ALB,Albania,2001.0,DTPCV1,96.9,MUMPS,449.2
ALB,Albania,2001.0,DTPCV3,97.27,MUMPS,449.2
ALB,Albania,2001.0,HEPB3,96.53,MUMPS,449.2
ALB,Albania,2001.0,HEPB_BD,98.3,MUMPS,449.2
ALB,Albania,2001.0,MCV1,95.0,MUMPS,449.2
ALB,Albania,2001.0,POL3,97.33,MUMPS,449.2
ALB,Albania,2001.0,RCV1,95.0,MUMPS,449.2
FIN,Finland,1980.0,BCG,90.0,MEASLES,449.2
FIN,Finland,1980.0,DTPCV1,97.0,MEASLES,449.2
FIN,Finland,1980.0,DTPCV3,92.0,MEASLES,449.2
FIN,Finland,1980.0,POL3,90.0,MEASLES,449.2
SOM,Somalia,2000.0,VAD1,95.29,MEASLES,448.6
OMN,Oman,2006.0,BCG,99.0,MUMPS,448.1
OMN,Oman,2006.0,DTPCV1,98.0,MUMPS,448.1
OMN,Oman,2006.0,DTPCV3,98.0,MUMPS,448.1
OMN,Oman,2006.0,HEPB3,99.0,MUMPS,448.1
OMN,Oman,2006.0,HEPB_BD,99.5,MUMPS,448.1
OMN,Oman,2006.0,HIB3,98.0,MUMPS,448.1
OMN,Oman,2006.0,MCV1,96.0,MUMPS,448.1
OMN,Oman,2006.0,MCV2,97.0,MUMPS,448.1
OMN,Oman,2006.0,PAB,96.5,MUMPS,448.1
OMN,Oman,2006.0,POL3,98.0,MUMPS,448.1
OMN,Oman,2006.0,RCV1,96.5,MUMPS,448.1
OMN,Oman,2006.0,VAD1,98.0,MUMPS,448.1
UKR,Ukraine,1993.0,DTPCV1,97.0,MEASLES,448.0
UKR,Ukraine,1993.0,DTPCV3,93.0,MEASLES,448.0
UKR,Ukraine,1993.0,MCV1,94.0,MEASLES,448.0
UKR,Ukraine,1993.0,POL3,91.0,MEASLES,448.0
UKR,Ukraine,1993.0,TT2PLUS,93.0,MEASLES,448.0
TJK,Tajikistan,2002.0,BCG,97.83,MUMPS,446.3
TJK,Tajikistan,2002.0,DTPCV1,96.67,MUMPS,446.3
TJK,Tajikistan,2002.0,DTPCV3,93.4,MUMPS,446.3
TJK,Tajikistan,2002.0,MCV1,93.73,MUMPS,446.3
TJK,Tajikistan,2002.0,POL3,92.67,MUMPS,446.3
GAB,Gabon,1992.0,BCG,97.0,DIPHTHERIA,445.9
GAB,Gabon,1992.0,DTPCV1,92.0,DIPHTHERIA,445.9
NZL,New Zealand,2017.0,DTPCV1,95.33,PERTUSSIS,445.3
NZL,New Zealand,2017.0,DTPCV3,93.78,PERTUSSIS,445.3
NZL,New Zealand,2017.0,HEPB3,93.76,PERTUSSIS,445.3
NZL,New Zealand,2017.0,HIB3,93.21,PERTUSSIS,445.3
NZL,New Zealand,2017.0,IPV1,95.73,PERTUSSIS,445.3
NZL,New Zealand,2017.0,MCV1,93.22,PERTUSSIS,445.3
NZL,New Zealand,2017.0,MCV2,90.1,PERTUSSIS,445.3
NZL,New Zealand,2017.0,PCV1,95.77,PERTUSSIS,445.3
NZL,New Zealand,2017.0,PCV2,95.23,PERTUSSIS,445.3
NZL,New Zealand,2017.0,PCV3,94.18,PERTUSSIS,445.3
NZL,New Zealand,2017.0,POL3,93.85,PERTUSSIS,445.3
NZL,New Zealand,2017.0,RCV1,93.22,PERTUSSIS,445.3
NZL,New Zealand,2017.0,ROTA1,90.67,PERTUSSIS,445.3
SYR,Syrian Arab Republic,1997.0,BCG,97.0,MEASLES,444.3
SYR,Syrian Arab Republic,1997.0,DTPCV1,97.5,MEASLES,444.3
SYR,Syrian Arab Republic,1997.0,DTPCV3,92.33,MEASLES,444.3
SYR,Syrian Arab Republic,1997.0,MCV1,90.0,MEASLES,444.3
SYR,Syrian Arab Republic,1997.0,POL3,92.33,MEASLES,444.3
CAF,Central African Republic,1990.0,BCG,94.0,MEASLES,444.0
CAF,Central African Republic,1990.0,DTPCV1,95.0,MEASLES,444.0
MDG,Madagascar,2003.0,DTPCV1,92.33,PERTUSSIS,443.8
NLD,Netherlands (Kingdom of the),2007.0,DTPCV1,99.0,PERTUSSIS,443.1
NLD,Netherlands (Kingdom of the),2007.0,DTPCV3,96.8,PERTUSSIS,443.1
NLD,Netherlands (Kingdom of the),2007.0,HIB3,96.84,PERTUSSIS,443.1
NLD,Netherlands (Kingdom of the),2007.0,MCV1,96.0,PERTUSSIS,443.1
NLD,Netherlands (Kingdom of the),2007.0,MCV2,92.33,PERTUSSIS,443.1
NLD,Netherlands (Kingdom of the),2007.0,POL3,96.8,PERTUSSIS,443.1
NLD,Netherlands (Kingdom of the),2007.0,RCV1,96.0,PERTUSSIS,443.1
MEX,Mexico,1980.0,POL3,91.0,MEASLES,441.8
FSM,Micronesia (Federated States of),1999.0,DTPCV1,92.0,PERTUSSIS,438.8
NZL,New Zealand,2019.0,DIPHCV4,90.28,MEASLES,438.7
NZL,New Zealand,2019.0,DTPCV1,93.91,MEASLES,438.7
NZL,New Zealand,2019.0,DTPCV3,91.73,MEASLES,438.7
NZL,New Zealand,2019.0,HEPB3,91.77,MEASLES,438.7
NZL,New Zealand,2019.0,HIB3,91.26,MEASLES,438.7
NZL,New Zealand,2019.0,IPV1,94.0,MEASLES,438.7
NZL,New Zealand,2019.0,MCV1,91.84,MEASLES,438.7
NZL,New Zealand,2019.0,PCV1,94.5,MEASLES,438.7
NZL,New Zealand,2019.0,PCV2,93.18,MEASLES,438.7
NZL,New Zealand,2019.0,PCV3,91.11,MEASLES,438.7
NZL,New Zealand,2019.0,PERCV4,90.28,MEASLES,438.7
NZL,New Zealand,2019.0,POL3,91.79,MEASLES,438.7
NZL,New Zealand,2019.0,RCV1,91.84,MEASLES,438.7
NZL,New Zealand,2019.0,TTCV4,90.28,MEASLES,438.7
PHL,Philippines,2019.0,PAB,90.0,MEASLES,437.9
POL,Poland,2001.0,BCG,94.97,MUMPS,437.3
POL,Poland,2001.0,DTPCV1,99.0,MUMPS,437.3
POL,Poland,2001.0,DTPCV3,98.1,MUMPS,437.3
POL,Poland,2001.0,HEPB3,96.53,MUMPS,437.3
POL,Poland,2001.0,HEPB_BD,96.5,MUMPS,437.3
POL,Poland,2001.0,MCV1,97.07,MUMPS,437.3
POL,Poland,2001.0,MCV2,96.15,MUMPS,437.3
POL,Poland,2001.0,POL3,97.9,MUMPS,437.3
POL,Poland,2001.0,RCV1,97.0,MUMPS,437.3
BWA,Botswana,1998.0,DTPCV1,98.0,MEASLES,435.6
SEN,Senegal,2021.0,BCG,91.8,MUMPS,434.2
SEN,Senegal,2021.0,DTPCV1,92.09,MUMPS,434.2
SEN,Senegal,2021.0,HEPB3,90.0,MUMPS,434.2
SEN,Senegal,2021.0,PAB,96.0,MUMPS,434.2
SEN,Senegal,2021.0,PCV1,92.55,MUMPS,434.2
SEN,Senegal,2021.0,ROTA1,91.98,MUMPS,434.2
AUS,Australia,2004.0,DTPCV1,97.0,PERTUSSIS,432.8
AUS,Australia,2004.0,DTPCV3,92.0,PERTUSSIS,432.8
AUS,Australia,2004.0,HEPB3,95.0,PERTUSSIS,432.8
AUS,Australia,2004.0,HIB3,94.87,PERTUSSIS,432.8
AUS,Australia,2004.0,MCV1,93.67,PERTUSSIS,432.8
AUS,Australia,2004.0,POL3,92.0,PERTUSSIS,432.8
AUS,Australia,2004.0,RCV1,93.73,PERTUSSIS,432.8
CHE,Switzerland,1993.0,DTPCV1,93.0,MEASLES,432.4
CHE,Switzerland,1993.0,POL3,95.0,MEASLES,432.4
LCA,Saint Lucia,2008.0,BCG,99.67,MUMPS,432.4
LCA,Saint Lucia,2008.0,DTPCV1,99.0,MUMPS,432.4
LCA,Saint Lucia,2008.0,DTPCV3,96.0,MUMPS,432.4
LCA,Saint Lucia,2008.0,HEPB3,96.0,MUMPS,432.4
LCA,Saint Lucia,2008.0,HIB3,96.0,MUMPS,432.4
LCA,Saint Lucia,2008.0,MCV1,99.67,MUMPS,432.4
LCA,Saint Lucia,2008.0,POL3,96.0,MUMPS,432.4
LCA,Saint Lucia,2008.0,RCV1,99.47,MUMPS,432.4
TJK,Tajikistan,1992.0,TT2PLUS,92.0,MEASLES,431.7
ARM,Armenia,2002.0,BCG,96.93,RUBELLA,431.3
ARM,Armenia,2002.0,DTPCV1,98.0,RUBELLA,431.3
ARM,Armenia,2002.0,DTPCV3,93.93,RUBELLA,431.3
ARM,Armenia,2002.0,HEPB3,91.13,RUBELLA,431.3
ARM,Armenia,2002.0,HEPB_BD,95.0,RUBELLA,431.3
ARM,Armenia,2002.0,POL3,95.87,RUBELLA,431.3
ARM,Armenia,2002.0,RCV1,91.0,RUBELLA,431.3
IRQ,Iraq,2018.0,BCG,95.1,MUMPS,430.5
IRQ,Iraq,2018.0,DTPCV1,93.68,MUMPS,430.5
IRQ,Iraq,2018.0,FLU_HAJ,99.0,MUMPS,430.5
IRQ,Iraq,2018.0,IPV1,93.35,MUMPS,430.5
UKR,Ukraine,2002.0,BCG,98.27,MUMPS,430.1
UKR,Ukraine,2002.0,DTPCV1,97.53,MUMPS,430.1
UKR,Ukraine,2002.0,DTPCV3,99.2,MUMPS,430.1
UKR,Ukraine,2002.0,MCV1,98.93,MUMPS,430.1
UKR,Ukraine,2002.0,MCV2,98.0,MUMPS,430.1
UKR,Ukraine,2002.0,POL3,99.0,MUMPS,430.1
UKR,Ukraine,2002.0,RCV1,99.0,MUMPS,430.1
COD,Democratic Republic of the Congo,2014.0,VAD1,91.1,MEASLES,430.0
BFA,Burkina Faso,2012.0,BCG,96.25,MEASLES,428.7
BFA,Burkina Faso,2012.0,DTPCV1,94.2,MEASLES,428.7
BFA,Burkina Faso,2012.0,POL3,90.1,MEASLES,428.7
IRL,Ireland,2015.0,15HPV1_F,90.0,MUMPS,428.7
IRL,Ireland,2015.0,DTPCV1,98.0,MUMPS,428.7
IRL,Ireland,2015.0,DTPCV3,95.11,MUMPS,428.7
IRL,Ireland,2015.0,HEPB3,95.05,MUMPS,428.7
IRL,Ireland,2015.0,HIB3,95.09,MUMPS,428.7
IRL,Ireland,2015.0,IPV1,98.0,MUMPS,428.7
IRL,Ireland,2015.0,MCV1,92.88,MUMPS,428.7
IRL,Ireland,2015.0,PCV3,91.81,MUMPS,428.7
IRL,Ireland,2015.0,POL3,95.1,MUMPS,428.7
IRL,Ireland,2015.0,RCV1,92.88,MUMPS,428.7
NOR,Norway,1984.0,DTPCV1,96.0,MEASLES,428.7
NOR,Norway,1984.0,DTPCV3,90.0,MEASLES,428.7
NOR,Norway,1984.0,POL3,90.0,MEASLES,428.7
ROU,Romania,1998.0,BCG,99.67,MEASLES,428.4
ROU,Romania,1998.0,DTPCV1,99.0,MEASLES,428.4
ROU,Romania,1998.0,DTPCV3,97.0,MEASLES,428.4
ROU,Romania,1998.0,HEPB3,99.33,MEASLES,428.4
ROU,Romania,1998.0,MCV1,97.0,MEASLES,428.4
ROU,Romania,1998.0,POL3,98.0,MEASLES,428.4
GBR,United Kingdom of Great Britain and Northern Ireland,1985.0,POL3,95.0,PERTUSSIS,428.3
TZA,United Republic of Tanzania,2000.0,DTPCV1,92.0,MEASLES,427.6
SWE,Sweden,1981.0,DTPCV1,99.0,MEASLES,425.5
SWE,Sweden,1981.0,DTPCV3,99.0,MEASLES,425.5
SWE,Sweden,1981.0,POL3,98.33,MEASLES,425.5
TUR,Türkiye,1998.0,DTPCV1,93.0,MEASLES,425.5
MYS,Malaysia,1981.0,BCG,91.0,MEASLES,424.7
TUR,Türkiye,1992.0,DTPCV1,91.0,MEASLES,424.7
GHA,Ghana,2021.0,BCG,99.52,MUMPS,424.4
GHA,Ghana,2021.0,DTPCV1,99.0,MUMPS,424.4
GHA,Ghana,2021.0,DTPCV3,98.0,MUMPS,424.4
GHA,Ghana,2021.0,HEPB3,98.0,MUMPS,424.4
GHA,Ghana,2021.0,HIB3,98.0,MUMPS,424.4
GHA,Ghana,2021.0,IPV1,98.0,MUMPS,424.4
GHA,Ghana,2021.0,MCV1,94.84,MUMPS,424.4
GHA,Ghana,2021.0,PAB,90.0,MUMPS,424.4
GHA,Ghana,2021.0,PCV1,98.0,MUMPS,424.4
GHA,Ghana,2021.0,PCV2,98.0,MUMPS,424.4
GHA,Ghana,2021.0,PCV3,98.0,MUMPS,424.4
GHA,Ghana,2021.0,POL3,98.0,MUMPS,424.4
GHA,Ghana,2021.0,RCV1,94.84,MUMPS,424.4
GHA,Ghana,2021.0,ROTA1,99.0,MUMPS,424.4
GHA,Ghana,2021.0,ROTAC,96.87,MUMPS,424.4
GHA,Ghana,2021.0,VAD1,91.27,MUMPS,424.4
GHA,Ghana,2021.0,YFV,91.54,MUMPS,424.4
BLZ,Belize,1988.0,DTPCV1,90.0,MEASLES,422.4
NOR,Norway,2016.0,DTPCV1,99.67,PERTUSSIS,421.5
NOR,Norway,2016.0,DTPCV3,96.0,PERTUSSIS,421.5
NOR,Norway,2016.0,HIB3,96.0,PERTUSSIS,421.5
NOR,Norway,2016.0,IPV1,99.67,PERTUSSIS,421.5
NOR,Norway,2016.0,MCV1,96.0,PERTUSSIS,421.5
NOR,Norway,2016.0,MCV2,91.0,PERTUSSIS,421.5
NOR,Norway,2016.0,PCV1,99.0,PERTUSSIS,421.5
NOR,Norway,2016.0,PCV2,98.0,PERTUSSIS,421.5
NOR,Norway,2016.0,PCV3,94.0,PERTUSSIS,421.5
NOR,Norway,2016.0,POL3,96.0,PERTUSSIS,421.5
NOR,Norway,2016.0,PRHPV1_F,91.0,PERTUSSIS,421.5
NOR,Norway,2016.0,RCV1,96.0,PERTUSSIS,421.5
BWA,Botswana,1991.0,DTPCV1,99.0,MEASLES,421.1
VUT,Vanuatu,1993.0,BCG,96.0,MEASLES,420.2
VUT,Vanuatu,1993.0,DTPCV1,95.0,MEASLES,420.2
BIH,Bosnia and Herzegovina,2019.0,BCG,94.33,MEASLES,419.7
BIH,Bosnia and Herzegovina,2019.0,DIPHCV6,90.0,MEASLES,419.7
BIH,Bosnia and Herzegovina,2019.0,HEPB_BDALL,94.15,MEASLES,419.7
BIH,Bosnia and Herzegovina,2019.0,IPV1,90.4,MEASLES,419.7
IRQ,Iraq,1999.0,DTPCV1,93.5,MEASLES,419.7
IRQ,Iraq,1999.0,MCV1,92.67,MEASLES,419.7
BWA,Botswana,2010.0,BCG,98.0,MEASLES,419.6
BWA,Botswana,2010.0,DTPCV1,98.0,MEASLES,419.6
BWA,Botswana,2010.0,DTPCV3,95.0,MEASLES,419.6
BWA,Botswana,2010.0,MCV1,94.67,MEASLES,419.6
BWA,Botswana,2010.0,PAB,92.0,MEASLES,419.6
BWA,Botswana,2010.0,POL3,96.0,MEASLES,419.6
UKR,Ukraine,2003.0,BCG,98.08,RUBELLA,418.1
UKR,Ukraine,2003.0,DTPCV1,99.0,RUBELLA,418.1
UKR,Ukraine,2003.0,DTPCV3,97.2,RUBELLA,418.1
UKR,Ukraine,2003.0,MCV1,99.01,RUBELLA,418.1
UKR,Ukraine,2003.0,MCV2,99.0,RUBELLA,418.1
UKR,Ukraine,2003.0,POL3,99.08,RUBELLA,418.1
UKR,Ukraine,2003.0,RCV1,99.0,RUBELLA,418.1
JOR,Jordan,1989.0,DTPCV1,97.0,MEASLES,417.1
JOR,Jordan,1989.0,DTPCV3,94.0,MEASLES,417.1
JOR,Jordan,1989.0,POL3,94.0,MEASLES,417.1
NOR,Norway,1997.0,BCG,98.0,PERTUSSIS,416.6
NOR,Norway,1997.0,DTPCV1,99.0,PERTUSSIS,416.6
NOR,Norway,1997.0,DTPCV3,95.0,PERTUSSIS,416.6
NOR,Norway,1997.0,HIB3,96.0,PERTUSSIS,416.6
NOR,Norway,1997.0,MCV1,93.0,PERTUSSIS,416.6
NOR,Norway,1997.0,POL3,91.0,PERTUSSIS,416.6
NOR,Norway,1997.0,RCV1,93.0,PERTUSSIS,416.6
NOR,Norway,1997.0,TT2PLUS,95.0,PERTUSSIS,416.6
NRU,Nauru,1990.0,BCG,93.0,TTETANUS,415.7
NRU,Nauru,1990.0,DTPCV1,90.0,TTETANUS,415.7
MWI,Malawi,1995.0,BCG,97.67,MEASLES,415.6
MWI,Malawi,1995.0,DTPCV1,96.0,MEASLES,415.6
MWI,Malawi,1995.0,DTPCV3,91.67,MEASLES,415.6
MWI,Malawi,1995.0,MCV1,94.67,MEASLES,415.6
LUX,Luxembourg,1987.0,DTPCV1,98.0,MEASLES,412.6
LUX,Luxembourg,1987.0,DTPCV3,95.0,MEASLES,412.6
LUX,Luxembourg,1987.0,POL3,90.0,MEASLES,412.6
AND,Andorra,2018.0,DIPHCV4,98.27,MUMPS,412.4
AND,Andorra,2018.0,DIPHCV5,96.98,MUMPS,412.4
AND,Andorra,2018.0,DTPCV1,99.5,MUMPS,412.4
AND,Andorra,2018.0,DTPCV3,99.27,MUMPS,412.4
AND,Andorra,2018.0,HEPB3,97.99,MUMPS,412.4
AND,Andorra,2018.0,HIB3,99.19,MUMPS,412.4
AND,Andorra,2018.0,IPV1,99.5,MUMPS,412.4
AND,Andorra,2018.0,MCV1,99.11,MUMPS,412.4
AND,Andorra,2018.0,MCV2,95.01,MUMPS,412.4
AND,Andorra,2018.0,PCV1,98.6,MUMPS,412.4
AND,Andorra,2018.0,PCV2,97.36,MUMPS,412.4
AND,Andorra,2018.0,PCV3,94.05,MUMPS,412.4
AND,Andorra,2018.0,PERCV4,98.02,MUMPS,412.4
AND,Andorra,2018.0,POL3,99.27,MUMPS,412.4
AND,Andorra,2018.0,RCV1,99.11,MUMPS,412.4
AND,Andorra,2018.0,TTCV4,98.27,MUMPS,412.4
AND,Andorra,2018.0,TTCV5,96.98,MUMPS,412.4
LSO,Lesotho,1983.0,BCG,94.2,PERTUSSIS,411.9
ITA,Italy,1991.0,DTPCV1,98.0,MEASLES,411.0
ITA,Italy,1991.0,POL3,98.0,MEASLES,411.0
PYF,French Polynesia,1989.0,BCG,95.0,MEASLES,410.7
SMR,San Marino,2000.0,DTPCV1,98.0,MUMPS,410.5
SMR,San Marino,2000.0,DTPCV1,98.0,RUBELLA,410.5
SMR,San Marino,2000.0,DTPCV3,98.0,MUMPS,410.5
SMR,San Marino,2000.0,DTPCV3,98.0,RUBELLA,410.5
SMR,San Marino,2000.0,HEPB3,97.0,MUMPS,410.5
SMR,San Marino,2000.0,HEPB3,97.0,RUBELLA,410.5
SMR,San Marino,2000.0,HIB3,95.0,MUMPS,410.5
SMR,San Marino,2000.0,HIB3,95.0,RUBELLA,410.5
SMR,San Marino,2000.0,MCV1,99.0,MUMPS,410.5
SMR,San Marino,2000.0,MCV1,99.0,RUBELLA,410.5
SMR,San Marino,2000.0,POL3,96.0,MUMPS,410.5
SMR,San Marino,2000.0,POL3,96.0,RUBELLA,410.5
SMR,San Marino,2000.0,RCV1,99.0,MUMPS,410.5
SMR,San Marino,2000.0,RCV1,99.0,RUBELLA,410.5
BWA,Botswana,1992.0,DTPCV1,99.0,MEASLES,410.1
BEL,Belgium,2013.0,DTPCV1,99.3,MUMPS,409.8
BEL,Belgium,2013.0,DTPCV3,98.95,MUMPS,409.8
BEL,Belgium,2013.0,HEPB3,97.9,MUMPS,409.8
BEL,Belgium,2013.0,HIB3,98.0,MUMPS,409.8
BEL,Belgium,2013.0,IPV1,99.7,MUMPS,409.8
BEL,Belgium,2013.0,MCV1,96.0,MUMPS,409.8
BEL,Belgium,2013.0,PCV1,98.3,MUMPS,409.8
BEL,Belgium,2013.0,PCV2,97.2,MUMPS,409.8
BEL,Belgium,2013.0,PCV3,93.15,MUMPS,409.8
BEL,Belgium,2013.0,POL3,99.0,MUMPS,409.8
BEL,Belgium,2013.0,RCV1,96.0,MUMPS,409.8
DNK,Denmark,2020.0,DTPCV1,96.87,PERTUSSIS,409.8
DNK,Denmark,2020.0,DTPCV3,96.71,PERTUSSIS,409.8
DNK,Denmark,2020.0,HIB3,96.71,PERTUSSIS,409.8
DNK,Denmark,2020.0,IPV1,96.87,PERTUSSIS,409.8
DNK,Denmark,2020.0,MCV1,93.99,PERTUSSIS,409.8
DNK,Denmark,2020.0,PCV1,96.49,PERTUSSIS,409.8
DNK,Denmark,2020.0,PCV2,95.82,PERTUSSIS,409.8
DNK,Denmark,2020.0,PCV3,95.9,PERTUSSIS,409.8
DNK,Denmark,2020.0,POL3,96.71,PERTUSSIS,409.8
DNK,Denmark,2020.0,RCV1,93.99,PERTUSSIS,409.8
KEN,Kenya,1989.0,BCG,90.0,PERTUSSIS,408.5
KEN,Kenya,1989.0,DTPCV1,92.0,PERTUSSIS,408.5
CAN,Canada,1989.0,DTPCV1,95.0,MEASLES,407.3
CHE,Switzerland,1989.0,DTPCV1,96.0,MEASLES,406.2
CHE,Switzerland,1989.0,DTPCV3,90.0,MEASLES,406.2
CHE,Switzerland,1989.0,MCV1,90.0,MEASLES,406.2
CHE,Switzerland,1989.0,POL3,98.0,MEASLES,406.2
CHE,Switzerland,1989.0,RCV1,90.0,MEASLES,406.2
GBR,United Kingdom of Great Britain and Northern Ireland,1994.0,DTPCV1,97.0,MEASLES,405.6
GBR,United Kingdom of Great Britain and Northern Ireland,1994.0,DTPCV3,93.67,MEASLES,405.6
GBR,United Kingdom of Great Britain and Northern Ireland,1994.0,HIB3,93.0,MEASLES,405.6
GBR,United Kingdom of Great Britain and Northern Ireland,1994.0,MCV1,91.67,MEASLES,405.6
GBR,United Kingdom of Great Britain and Northern Ireland,1994.0,POL3,94.33,MEASLES,405.6
GBR,United Kingdom of Great Britain and Northern Ireland,1994.0,RCV1,91.0,MEASLES,405.6
GBR,United Kingdom of Great Britain and Northern Ireland,1994.0,TT2PLUS,94.0,MEASLES,405.6
MEX,Mexico,1997.0,BCG,99.0,RUBELLA,404.6
MEX,Mexico,1997.0,DTPCV1,98.5,RUBELLA,404.6
MEX,Mexico,1997.0,DTPCV3,95.0,RUBELLA,404.6
MEX,Mexico,1997.0,MCV1,90.67,RUBELLA,404.6
MEX,Mexico,1997.0,POL3,95.0,RUBELLA,404.6
GAB,Gabon,1987.0,BCG,93.33,PERTUSSIS,400.9
KIR,Kiribati,1990.0,BCG,93.0,MEASLES,400.8
KIR,Kiribati,1990.0,DTPCV1,98.0,MEASLES,400.8
KIR,Kiribati,1990.0,DTPCV3,97.0,MEASLES,400.8
KIR,Kiribati,1990.0,POL3,97.0,MEASLES,400.8
CUB,Cuba,1980.0,BCG,99.0,MEASLES,400.2
CUB,Cuba,1980.0,DTPCV1,92.5,MEASLES,400.2
CUB,Cuba,1980.0,POL3,99.0,MEASLES,400.2
IND,India,2023.0,DTPCV1,93.2,TYPHOID,399.2
IND,India,2023.0,DTPCV3,90.83,TYPHOID,399.2
IND,India,2023.0,HEPB3,90.83,TYPHOID,399.2
IND,India,2023.0,HIB3,90.83,TYPHOID,399.2
IND,India,2023.0,IPV1,90.0,TYPHOID,399.2
IND,India,2023.0,IPV1_FRAC,91.99,TYPHOID,399.2
IND,India,2023.0,MCV1,93.23,TYPHOID,399.2
IND,India,2023.0,PAB,93.0,TYPHOID,399.2
IND,India,2023.0,POL3,90.71,TYPHOID,399.2
IND,India,2023.0,RCV1,93.23,TYPHOID,399.2
IND,India,2023.0,ROTA1,92.44,TYPHOID,399.2
IND,India,2023.0,ROTAC,90.14,TYPHOID,399.2
NLD,Netherlands (Kingdom of the),2011.0,DTPCV1,99.0,PERTUSSIS,399.1
NLD,Netherlands (Kingdom of the),2011.0,DTPCV3,96.77,PERTUSSIS,399.1
NLD,Netherlands (Kingdom of the),2011.0,HEPB_BD,99.27,PERTUSSIS,399.1
NLD,Netherlands (Kingdom of the),2011.0,HIB3,96.76,PERTUSSIS,399.1
NLD,Netherlands (Kingdom of the),2011.0,MCV1,95.96,PERTUSSIS,399.1
NLD,Netherlands (Kingdom of the),2011.0,MCV2,92.73,PERTUSSIS,399.1
NLD,Netherlands (Kingdom of the),2011.0,PCV3,95.79,PERTUSSIS,399.1
NLD,Netherlands (Kingdom of the),2011.0,POL3,96.77,PERTUSSIS,399.1
NLD,Netherlands (Kingdom of the),2011.0,RCV1,95.96,PERTUSSIS,399.1
MNG,Mongolia,1981.0,DTPCV1,92.0,MEASLES,398.8
MNG,Mongolia,1981.0,DTPCV3,92.0,MEASLES,398.8
MNG,Mongolia,1981.0,POL3,94.67,MEASLES,398.8
ECU,Ecuador,1992.0,BCG,99.0,MEASLES,398.5
ECU,Ecuador,1992.0,DTPCV1,97.0,MEASLES,398.5
NIU,Niue,1989.0,BCG,99.67,MEASLES,397.9
NIU,Niue,1989.0,DTPCV1,99.0,MEASLES,397.9
NIU,Niue,1989.0,DTPCV3,99.67,MEASLES,397.9
NIU,Niue,1989.0,MCV1,99.67,MEASLES,397.9
NIU,Niue,1989.0,POL3,99.67,MEASLES,397.9
NIU,Niue,1989.0,RCV1,99.0,MEASLES,397.9
TUV,Tuvalu,2006.0,BCG,99.67,MUMPS,397.8
TUV,Tuvalu,2006.0,DTPCV1,99.0,MUMPS,397.8
TUV,Tuvalu,2006.0,DTPCV3,97.0,MUMPS,397.8
TUV,Tuvalu,2006.0,HEPB3,97.0,MUMPS,397.8
TUV,Tuvalu,2006.0,HEPB_BD,99.67,MUMPS,397.8
TUV,Tuvalu,2006.0,PAB,100.0,MUMPS,397.8
TUV,Tuvalu,2006.0,POL3,97.0,MUMPS,397.8
TUV,Tuvalu,2006.0,TT2PLUS,100.0,MUMPS,397.8
CHE,Switzerland,1991.0,DTPCV1,93.0,MEASLES,397.2
CHE,Switzerland,1991.0,DTPCV3,91.0,MEASLES,397.2
CHE,Switzerland,1991.0,POL3,95.0,MEASLES,397.2
CHE,Switzerland,1991.0,TT2PLUS,93.0,MEASLES,397.2
POL,Poland,2006.0,BCG,94.0,MUMPS,397.0
POL,Poland,2006.0,DTPCV1,99.0,MUMPS,397.0
POL,Poland,2006.0,DTPCV3,99.0,MUMPS,397.0
POL,Poland,2006.0,HEPB3,98.0,MUMPS,397.0
POL,Poland,2006.0,HEPB_BD,99.0,MUMPS,397.0
POL,Poland,2006.0,MCV1,99.0,MUMPS,397.0
POL,Poland,2006.0,MCV2,98.93,MUMPS,397.0
POL,Poland,2006.0,POL3,99.0,MUMPS,397.0
POL,Poland,2006.0,RCV1,98.4,MUMPS,397.0
POL,Poland,2006.0,ROTA1,98.0,MUMPS,397.0
NLD,Netherlands (Kingdom of the),2005.0,DTPCV1,98.0,PERTUSSIS,396.9
NLD,Netherlands (Kingdom of the),2005.0,DTPCV3,96.0,PERTUSSIS,396.9
NLD,Netherlands (Kingdom of the),2005.0,HIB3,95.8,PERTUSSIS,396.9
NLD,Netherlands (Kingdom of the),2005.0,MCV1,95.27,PERTUSSIS,396.9
NLD,Netherlands (Kingdom of the),2005.0,MCV2,92.93,PERTUSSIS,396.9
NLD,Netherlands (Kingdom of the),2005.0,POL3,96.67,PERTUSSIS,396.9
NLD,Netherlands (Kingdom of the),2005.0,RCV1,95.57,PERTUSSIS,396.9
COL,Colombia,1989.0,BCG,94.0,MEASLES,396.5
COL,Colombia,1989.0,DTPCV1,92.0,MEASLES,396.5
WSM,Samoa,1982.0,BCG,96.0,PERTUSSIS,396.4
WSM,Samoa,1982.0,DTPCV1,95.0,PERTUSSIS,396.4
LKA,Sri Lanka,1986.0,DTPCV1,91.0,MEASLES,396.3
TUR,Türkiye,1994.0,DTPCV1,95.0,MEASLES,395.3
CHN,China,1985.0,DTPCV1,92.0,MEASLES,394.6
COK,Cook Islands,2006.0,BCG,99.0,MEASLES,394.6
COK,Cook Islands,2006.0,DTPCV1,99.0,MEASLES,394.6
COK,Cook Islands,2006.0,DTPCV3,99.0,MEASLES,394.6
COK,Cook Islands,2006.0,HEPB3,99.0,MEASLES,394.6
COK,Cook Islands,2006.0,HEPB_BD,99.5,MEASLES,394.6
COK,Cook Islands,2006.0,MCV1,99.0,MEASLES,394.6
COK,Cook Islands,2006.0,MCV2,99.0,MEASLES,394.6
COK,Cook Islands,2006.0,PAB,100.0,MEASLES,394.6
COK,Cook Islands,2006.0,POL3,99.0,MEASLES,394.6
COK,Cook Islands,2006.0,RCV1,99.0,MEASLES,394.6
BLR,Belarus,2005.0,BCG,99.27,RUBELLA,394.3
BLR,Belarus,2005.0,DTPCV1,99.07,RUBELLA,394.3
BLR,Belarus,2005.0,DTPCV3,99.03,RUBELLA,394.3
BLR,Belarus,2005.0,HEPB3,98.87,RUBELLA,394.3
BLR,Belarus,2005.0,HEPB_BD,98.93,RUBELLA,394.3
BLR,Belarus,2005.0,MCV1,98.97,RUBELLA,394.3
BLR,Belarus,2005.0,MCV2,98.33,RUBELLA,394.3
BLR,Belarus,2005.0,POL3,98.07,RUBELLA,394.3
BLR,Belarus,2005.0,RCV1,98.9,RUBELLA,394.3
NIU,Niue,1988.0,BCG,99.67,MEASLES,393.9
NIU,Niue,1988.0,DTPCV1,99.0,MEASLES,393.9
NIU,Niue,1988.0,DTPCV3,99.67,MEASLES,393.9
NIU,Niue,1988.0,MCV1,94.0,MEASLES,393.9
NIU,Niue,1988.0,POL3,99.67,MEASLES,393.9
NIU,Niue,1988.0,RCV1,94.0,MEASLES,393.9
NLD,Netherlands (Kingdom of the),1999.0,DTPCV1,99.0,PERTUSSIS,393.9
NLD,Netherlands (Kingdom of the),1999.0,DTPCV3,97.13,PERTUSSIS,393.9
NLD,Netherlands (Kingdom of the),1999.0,HIB3,95.73,PERTUSSIS,393.9
NLD,Netherlands (Kingdom of the),1999.0,MCV1,95.73,PERTUSSIS,393.9
NLD,Netherlands (Kingdom of the),1999.0,MCV2,96.0,PERTUSSIS,393.9
NLD,Netherlands (Kingdom of the),1999.0,POL3,97.13,PERTUSSIS,393.9
NLD,Netherlands (Kingdom of the),1999.0,RCV1,96.0,PERTUSSIS,393.9
COK,Cook Islands,1995.0,BCG,96.0,MEASLES,393.7
COK,Cook Islands,1995.0,DTPCV1,97.0,MEASLES,393.7
COK,Cook Islands,1995.0,DTPCV3,93.0,MEASLES,393.7
COK,Cook Islands,1995.0,MCV1,96.0,MEASLES,393.7
COK,Cook Islands,1995.0,POL3,93.0,MEASLES,393.7
TUN,Tunisia,2019.0,DIPHCV4,95.5,MEASLES,393.2
TUN,Tunisia,2019.0,DTPCV1,96.0,MEASLES,393.2
TUN,Tunisia,2019.0,DTPCV3,96.0,MEASLES,393.2
TUN,Tunisia,2019.0,HEPB3,96.0,MEASLES,393.2
TUN,Tunisia,2019.0,HIB3,96.0,MEASLES,393.2
TUN,Tunisia,2019.0,IPV1,96.0,MEASLES,393.2
TUN,Tunisia,2019.0,MCV1,96.84,MEASLES,393.2
TUN,Tunisia,2019.0,MCV2,95.69,MEASLES,393.2
TUN,Tunisia,2019.0,PAB,96.5,MEASLES,393.2
TUN,Tunisia,2019.0,POL3,96.0,MEASLES,393.2
TUN,Tunisia,2019.0,RCV1,96.84,MEASLES,393.2
TUN,Tunisia,2019.0,TT2PLUS,96.0,MEASLES,393.2
COM,Comoros,1989.0,BCG,95.0,MEASLES,392.5
COM,Comoros,1989.0,DTPCV1,94.0,MEASLES,392.5
BTN,Bhutan,1989.0,BCG,93.0,PERTUSSIS,392.3
BTN,Bhutan,1989.0,DTPCV1,91.0,PERTUSSIS,392.3
CHL,Chile,1984.0,BCG,95.0,MEASLES,392.0
CHL,Chile,1984.0,DTPCV1,97.0,MEASLES,392.0
CHL,Chile,1984.0,DTPCV3,99.67,MEASLES,392.0
CHL,Chile,1984.0,MCV1,94.0,MEASLES,392.0
CHL,Chile,1984.0,POL3,99.67,MEASLES,392.0
FSM,Micronesia (Federated States of),1992.0,DTPCV1,97.0,MEASLES,391.2
FSM,Micronesia (Federated States of),1992.0,DTPCV3,91.0,MEASLES,391.2
GAB,Gabon,1992.0,BCG,97.0,PERTUSSIS,391.0
GAB,Gabon,1992.0,DTPCV1,92.0,PERTUSSIS,391.0
URY,Uruguay,1987.0,BCG,98.33,MEASLES,390.2
URY,Uruguay,1987.0,DTPCV1,95.0,MEASLES,390.2
URY,Uruguay,1987.0,MCV1,91.67,MEASLES,390.2
COL,Colombia,2018.0,DTPCV1,92.33,MUMPS,389.7
COL,Colombia,2018.0,DTPCV3,92.0,MUMPS,389.7
COL,Colombia,2018.0,HEPB3,92.0,MUMPS,389.7
COL,Colombia,2018.0,HIB3,92.0,MUMPS,389.7
COL,Colombia,2018.0,IPV1,93.0,MUMPS,389.7
COL,Colombia,2018.0,MCV1,95.0,MUMPS,389.7
COL,Colombia,2018.0,PAB,95.0,MUMPS,389.7
COL,Colombia,2018.0,PCV1,94.0,MUMPS,389.7
COL,Colombia,2018.0,PCV2,94.0,MUMPS,389.7
COL,Colombia,2018.0,PCV3,94.0,MUMPS,389.7
COL,Colombia,2018.0,POL3,92.0,MUMPS,389.7
COL,Colombia,2018.0,RCV1,95.0,MUMPS,389.7
COL,Colombia,2018.0,ROTAC,92.0,MUMPS,389.7
MAR,Morocco,1999.0,BCG,91.33,MEASLES,387.2
MAR,Morocco,1999.0,DTPCV1,93.0,MEASLES,387.2
MAR,Morocco,1999.0,DTPCV3,91.0,MEASLES,387.2
MAR,Morocco,1999.0,MCV1,90.0,MEASLES,387.2
MAR,Morocco,1999.0,POL3,91.0,MEASLES,387.2
CPV,Cabo Verde,2011.0,BCG,99.0,MUMPS,387.1
CPV,Cabo Verde,2011.0,DTPCV1,99.0,MUMPS,387.1
CPV,Cabo Verde,2011.0,DTPCV3,90.28,MUMPS,387.1
CPV,Cabo Verde,2011.0,HEPB3,90.28,MUMPS,387.1
CPV,Cabo Verde,2011.0,HEPB_BD,99.0,MUMPS,387.1
CPV,Cabo Verde,2011.0,HIB3,90.28,MUMPS,387.1
CPV,Cabo Verde,2011.0,MCV1,96.28,MUMPS,387.1
CPV,Cabo Verde,2011.0,MCV2,99.0,MUMPS,387.1
CPV,Cabo Verde,2011.0,PAB,92.0,MUMPS,387.1
CPV,Cabo Verde,2011.0,POL3,90.27,MUMPS,387.1
CPV,Cabo Verde,2011.0,RCV1,99.0,MUMPS,387.1
DJI,Djibouti,2023.0,PAB,99.0,MEASLES,386.8
DJI,Djibouti,2023.0,PCV1,95.34,MEASLES,386.8
DJI,Djibouti,2023.0,PCV2,90.95,MEASLES,386.8
DJI,Djibouti,2023.0,ROTA1,95.34,MEASLES,386.8
DJI,Djibouti,2023.0,VAD1,95.06,MEASLES,386.8
COL,Colombia,1990.0,BCG,95.0,MEASLES,385.9
COL,Colombia,1990.0,DTPCV1,95.5,MEASLES,385.9
COL,Colombia,1990.0,POL3,93.0,MEASLES,385.9
PSE,"occupied Palestinian territory, including east Jerusalem",2018.0,BCG,99.5,MUMPS,385.9
PSE,"occupied Palestinian territory, including east Jerusalem",2018.0,DIPHCV5,99.8,MUMPS,385.9
PSE,"occupied Palestinian territory, including east Jerusalem",2018.0,DIPHCV6,99.52,MUMPS,385.9
PSE,"occupied Palestinian territory, including east Jerusalem",2018.0,DTPCV1,99.5,MUMPS,385.9
PSE,"occupied Palestinian territory, including east Jerusalem",2018.0,DTPCV3,99.28,MUMPS,385.9
PSE,"occupied Palestinian territory, including east Jerusalem",2018.0,HEPB3,99.5,MUMPS,385.9
PSE,"occupied Palestinian territory, including east Jerusalem",2018.0,HEPB_BD,99.56,MUMPS,385.9
PSE,"occupied Palestinian territory, including east Jerusalem",2018.0,HIB3,99.5,MUMPS,385.9
PSE,"occupied Palestinian territory, including east Jerusalem",2018.0,IPV1,99.5,MUMPS,385.9
PSE,"occupied Palestinian territory, including east Jerusalem",2018.0,MCV1,99.5,MUMPS,385.9
PSE,"occupied Palestinian territory, including east Jerusalem",2018.0,MCV2,98.72,MUMPS,385.9
PSE,"occupied Palestinian territory, including east Jerusalem",2018.0,MEN_A_CONJ,100.0,MUMPS,385.9
PSE,"occupied Palestinian territory, including east Jerusalem",2018.0,PCV1,98.43,MUMPS,385.9
PSE,"occupied Palestinian territory, including east Jerusalem",2018.0,PCV2,97.85,MUMPS,385.9
PSE,"occupied Palestinian territory, including east Jerusalem",2018.0,PCV3,96.16,MUMPS,385.9
PSE,"occupied Palestinian territory, including east Jerusalem",2018.0,POL3,99.5,MUMPS,385.9
PSE,"occupied Palestinian territory, including east Jerusalem",2018.0,RCV1,99.0,MUMPS,385.9
PSE,"occupied Palestinian territory, including east Jerusalem",2018.0,ROTA1,100.0,MUMPS,385.9
PSE,"occupied Palestinian territory, including east Jerusalem",2018.0,ROTAC,99.5,MUMPS,385.9
PSE,"occupied Palestinian territory, including east Jerusalem",2018.0,TT2PLUS,100.0,MUMPS,385.9
PSE,"occupied Palestinian territory, including east Jerusalem",2018.0,TTCV5,99.8,MUMPS,385.9
PSE,"occupied Palestinian territory, including east Jerusalem",2018.0,TTCV6,99.52,MUMPS,385.9
NER,Niger,2015.0,BCG,97.33,MEASLES,385.8
NER,Niger,2015.0,DTPCV1,95.0,MEASLES,385.8
SWZ,Eswatini,1987.0,BCG,90.67,PERTUSSIS,384.9
SWZ,Eswatini,1987.0,DTPCV1,95.0,PERTUSSIS,384.9
PYF,French Polynesia,1999.0,BCG,98.0,MUMPS,384.6
PYF,French Polynesia,1999.0,DTPCV3,98.0,MUMPS,384.6
PYF,French Polynesia,1999.0,HEPB3,94.7,MUMPS,384.6
PYF,French Polynesia,1999.0,MCV1,98.0,MUMPS,384.6
PYF,French Polynesia,1999.0,POL3,98.0,MUMPS,384.6
NLD,Netherlands (Kingdom of the),2015.0,DTPCV1,98.0,PERTUSSIS,383.8
NLD,Netherlands (Kingdom of the),2015.0,DTPCV3,95.16,PERTUSSIS,383.8
NLD,Netherlands (Kingdom of the),2015.0,HEPB3,93.87,PERTUSSIS,383.8
NLD,Netherlands (Kingdom of the),2015.0,HEPB_BD,99.14,PERTUSSIS,383.8
NLD,Netherlands (Kingdom of the),2015.0,HIB3,95.67,PERTUSSIS,383.8
NLD,Netherlands (Kingdom of the),2015.0,IPV1,98.0,PERTUSSIS,383.8
NLD,Netherlands (Kingdom of the),2015.0,MCV1,94.87,PERTUSSIS,383.8
NLD,Netherlands (Kingdom of the),2015.0,MCV2,92.0,PERTUSSIS,383.8
NLD,Netherlands (Kingdom of the),2015.0,PCV3,94.33,PERTUSSIS,383.8
NLD,Netherlands (Kingdom of the),2015.0,POL3,95.16,PERTUSSIS,383.8
NLD,Netherlands (Kingdom of the),2015.0,RCV1,94.86,PERTUSSIS,383.8
NPL,Nepal,2000.0,BCG,92.73,MEASLES,382.8
MOZ,Mozambique,2001.0,BCG,91.5,MEASLES,382.2
MOZ,Mozambique,2001.0,DTPCV1,90.5,MEASLES,382.2
RWA,Rwanda,2019.0,BCG,97.91,MUMPS,381.4
RWA,Rwanda,2019.0,DTPCV1,99.28,MUMPS,381.4
RWA,Rwanda,2019.0,DTPCV3,97.83,MUMPS,381.4
RWA,Rwanda,2019.0,HEPB3,97.83,MUMPS,381.4
RWA,Rwanda,2019.0,HIB3,97.83,MUMPS,381.4
RWA,Rwanda,2019.0,HPV_FEM,96.86,MUMPS,381.4
RWA,Rwanda,2019.0,IPV1,97.8,MUMPS,381.4
RWA,Rwanda,2019.0,MCV1,95.89,MUMPS,381.4
RWA,Rwanda,2019.0,MCV2,92.2,MUMPS,381.4
RWA,Rwanda,2019.0,PAB,95.0,MUMPS,381.4
RWA,Rwanda,2019.0,PCV1,99.26,MUMPS,381.4
RWA,Rwanda,2019.0,PCV2,98.69,MUMPS,381.4
RWA,Rwanda,2019.0,PCV3,97.93,MUMPS,381.4
RWA,Rwanda,2019.0,POL3,97.83,MUMPS,381.4
RWA,Rwanda,2019.0,PRHPV1_F,93.0,MUMPS,381.4
RWA,Rwanda,2019.0,PRHPVC_F,90.0,MUMPS,381.4
RWA,Rwanda,2019.0,RCV1,95.89,MUMPS,381.4
RWA,Rwanda,2019.0,ROTA1,99.4,MUMPS,381.4
RWA,Rwanda,2019.0,ROTAC,98.3,MUMPS,381.4
RWA,Rwanda,2019.0,TT2PLUS,91.25,MUMPS,381.4
MDA,Republic of Moldova,2002.0,BCG,99.0,MUMPS,381.1
MDA,Republic of Moldova,2002.0,DTPCV1,95.67,MUMPS,381.1
MDA,Republic of Moldova,2002.0,DTPCV3,97.07,MUMPS,381.1
MDA,Republic of Moldova,2002.0,HEPB3,98.9,MUMPS,381.1
MDA,Republic of Moldova,2002.0,HEPB_BD,99.0,MUMPS,381.1
MDA,Republic of Moldova,2002.0,MCV1,94.0,MUMPS,381.1
MDA,Republic of Moldova,2002.0,POL3,98.2,MUMPS,381.1
MDA,Republic of Moldova,2002.0,RCV1,94.0,MUMPS,381.1
UZB,Uzbekistan,2002.0,BCG,99.0,MUMPS,381.0
UZB,Uzbekistan,2002.0,DTPCV1,96.67,MUMPS,381.0
UZB,Uzbekistan,2002.0,DTPCV3,99.0,MUMPS,381.0
UZB,Uzbekistan,2002.0,HEPB_BD,98.87,MUMPS,381.0
UZB,Uzbekistan,2002.0,MCV1,96.93,MUMPS,381.0
UZB,Uzbekistan,2002.0,MCV2,97.27,MUMPS,381.0
UZB,Uzbekistan,2002.0,POL3,99.27,MUMPS,381.0
ERI,Eritrea,2017.0,PAB,98.95,MEASLES,380.6
ERI,Eritrea,2017.0,VAD1,95.0,MEASLES,380.6
SMR,San Marino,2016.0,DTPCV1,91.53,PERTUSSIS,380.5
SMR,San Marino,2016.0,IPV1,92.0,PERTUSSIS,380.5
BEL,Belgium,1997.0,DTPCV1,95.0,MEASLES,380.0
BEL,Belgium,1997.0,POL3,94.0,MEASLES,380.0
OMN,Oman,2008.0,BCG,99.0,MUMPS,378.8
OMN,Oman,2008.0,DTPCV1,97.67,MUMPS,378.8
OMN,Oman,2008.0,DTPCV3,99.0,MUMPS,378.8
OMN,Oman,2008.0,HEPB3,99.0,MUMPS,378.8
OMN,Oman,2008.0,HEPB_BD,99.0,MUMPS,378.8
OMN,Oman,2008.0,HIB3,99.0,MUMPS,378.8
OMN,Oman,2008.0,MCV1,98.0,MUMPS,378.8
OMN,Oman,2008.0,MCV2,97.81,MUMPS,378.8
OMN,Oman,2008.0,PAB,95.0,MUMPS,378.8
OMN,Oman,2008.0,POL3,97.0,MUMPS,378.8
OMN,Oman,2008.0,RCV1,98.0,MUMPS,378.8
ISR,Israel,2007.0,DTPCV1,95.0,PERTUSSIS,378.5
ISR,Israel,2007.0,DTPCV3,95.0,PERTUSSIS,378.5
ISR,Israel,2007.0,HEPB3,99.0,PERTUSSIS,378.5
ISR,Israel,2007.0,HEPB_BD,99.0,PERTUSSIS,378.5
ISR,Israel,2007.0,HIB3,95.0,PERTUSSIS,378.5
ISR,Israel,2007.0,MCV1,97.0,PERTUSSIS,378.5
ISR,Israel,2007.0,MCV2,90.0,PERTUSSIS,378.5
ISR,Israel,2007.0,POL3,95.0,PERTUSSIS,378.5
ISR,Israel,2007.0,RCV1,97.0,PERTUSSIS,378.5
ARE,United Arab Emirates,1999.0,BCG,98.0,MUMPS,378.4
ARE,United Arab Emirates,1999.0,DTPCV1,96.0,MUMPS,378.4
ARE,United Arab Emirates,1999.0,DTPCV3,94.0,MUMPS,378.4
ARE,United Arab Emirates,1999.0,HEPB3,92.0,MUMPS,378.4
ARE,United Arab Emirates,1999.0,HIB3,94.0,MUMPS,378.4
ARE,United Arab Emirates,1999.0,MCV1,96.0,MUMPS,378.4
ARE,United Arab Emirates,1999.0,MCV2,96.0,MUMPS,378.4
ARE,United Arab Emirates,1999.0,POL3,94.0,MUMPS,378.4
ARE,United Arab Emirates,1999.0,RCV1,96.0,MUMPS,378.4
NER,Niger,2021.0,BCG,95.0,MEASLES,378.4
NER,Niger,2021.0,DTPCV1,94.0,MEASLES,378.4
NER,Niger,2021.0,MEN_A_CONJ,90.37,MEASLES,378.4
NER,Niger,2021.0,PCV1,94.0,MEASLES,378.4
NER,Niger,2021.0,PCV2,93.63,MEASLES,378.4
NER,Niger,2021.0,ROTA1,94.0,MEASLES,378.4
BLR,Belarus,1993.0,BCG,93.1,MEASLES,378.3
BLR,Belarus,1993.0,DTPCV1,97.0,MEASLES,378.3
BLR,Belarus,1993.0,DTPCV3,90.83,MEASLES,378.3
BLR,Belarus,1993.0,MCV1,95.87,MEASLES,378.3
BLR,Belarus,1993.0,POL3,90.87,MEASLES,378.3
BLR,Belarus,1993.0,TT2PLUS,90.5,MEASLES,378.3
SRB,Serbia,1986.0,DTPCV3,90.0,PERTUSSIS,377.7
SRB,Serbia,1986.0,MCV1,92.0,PERTUSSIS,377.7
MOZ,Mozambique,2002.0,DTPCV1,92.5,MEASLES,377.4
MNG,Mongolia,2000.0,BCG,97.0,MEASLES,376.8
MNG,Mongolia,2000.0,DTPCV1,95.27,MEASLES,376.8
MNG,Mongolia,2000.0,DTPCV3,94.33,MEASLES,376.8
MNG,Mongolia,2000.0,HEPB3,93.0,MEASLES,376.8
MNG,Mongolia,2000.0,HEPB_BD,96.15,MEASLES,376.8
MNG,Mongolia,2000.0,MCV1,92.0,MEASLES,376.8
MNG,Mongolia,2000.0,POL3,94.0,MEASLES,376.8
LVA,Latvia,2019.0,BCG,96.02,PERTUSSIS,376.1
LVA,Latvia,2019.0,DIPHCV4,100.0,PERTUSSIS,376.1
LVA,Latvia,2019.0,DIPHCV5,100.0,PERTUSSIS,376.1
LVA,Latvia,2019.0,DIPHCV6,93.88,PERTUSSIS,376.1
LVA,Latvia,2019.0,DTPCV1,98.94,PERTUSSIS,376.1
LVA,Latvia,2019.0,DTPCV3,99.66,PERTUSSIS,376.1
LVA,Latvia,2019.0,HEPB3,99.67,PERTUSSIS,376.1
LVA,Latvia,2019.0,HIB3,99.67,PERTUSSIS,376.1
LVA,Latvia,2019.0,IPV1,98.94,PERTUSSIS,376.1
LVA,Latvia,2019.0,MCV1,99.0,PERTUSSIS,376.1
LVA,Latvia,2019.0,MCV2,96.0,PERTUSSIS,376.1
LVA,Latvia,2019.0,PCV1,96.0,PERTUSSIS,376.1
LVA,Latvia,2019.0,PERCV4,100.0,PERTUSSIS,376.1
LVA,Latvia,2019.0,POL3,99.67,PERTUSSIS,376.1
LVA,Latvia,2019.0,RCV1,99.0,PERTUSSIS,376.1
LVA,Latvia,2019.0,ROTA1,93.0,PERTUSSIS,376.1
LVA,Latvia,2019.0,TTCV4,100.0,PERTUSSIS,376.1
LVA,Latvia,2019.0,TTCV5,100.0,PERTUSSIS,376.1
LVA,Latvia,2019.0,TTCV6,93.88,PERTUSSIS,376.1
ITA,Italy,1986.0,POL3,95.0,MEASLES,374.6
ISR,Israel,2018.0,DIPHCV4,95.3,MEASLES,373.3
ISR,Israel,2018.0,DIPHCV5,95.2,MEASLES,373.3
ISR,Israel,2018.0,DIPHCV6,94.5,MEASLES,373.3
ISR,Israel,2018.0,DTPCV1,98.93,MEASLES,373.3
ISR,Israel,2018.0,DTPCV3,97.73,MEASLES,373.3
ISR,Israel,2018.0,HEPB3,96.27,MEASLES,373.3
ISR,Israel,2018.0,HEPB_BD,95.0,MEASLES,373.3
ISR,Israel,2018.0,HEPB_BDALL,98.4,MEASLES,373.3
ISR,Israel,2018.0,HIB3,97.67,MEASLES,373.3
ISR,Israel,2018.0,IPV1,99.0,MEASLES,373.3
ISR,Israel,2018.0,MCV1,98.27,MEASLES,373.3
ISR,Israel,2018.0,MCV2,96.0,MEASLES,373.3
ISR,Israel,2018.0,PCV1,97.8,MEASLES,373.3
ISR,Israel,2018.0,PCV2,96.9,MEASLES,373.3
ISR,Israel,2018.0,PCV3,94.73,MEASLES,373.3
ISR,Israel,2018.0,PERCV4,95.3,MEASLES,373.3
ISR,Israel,2018.0,POL3,97.8,MEASLES,373.3
ISR,Israel,2018.0,RCV1,98.27,MEASLES,373.3
ISR,Israel,2018.0,ROTA1,92.2,MEASLES,373.3
ISR,Israel,2018.0,TTCV4,95.3,MEASLES,373.3
ISR,Israel,2018.0,TTCV5,95.2,MEASLES,373.3
ISR,Israel,2018.0,TTCV6,94.5,MEASLES,373.3
LBY,Libya,1991.0,BCG,95.0,MEASLES,373.0
LBY,Libya,1991.0,DTPCV1,95.0,MEASLES,373.0
KOR,Republic of Korea,2018.0,BCG,98.17,MUMPS,372.5
KOR,Republic of Korea,2018.0,DIPHCV4,96.59,MUMPS,372.5
KOR,Republic of Korea,2018.0,DTPCV1,98.09,MUMPS,372.5
KOR,Republic of Korea,2018.0,DTPCV3,97.76,MUMPS,372.5
KOR,Republic of Korea,2018.0,HEPB3,97.78,MUMPS,372.5
KOR,Republic of Korea,2018.0,HEPB_BD,91.87,MUMPS,372.5
KOR,Republic of Korea,2018.0,HEPB_BDALL,98.16,MUMPS,372.5
KOR,Republic of Korea,2018.0,HIB3,97.7,MUMPS,372.5
KOR,Republic of Korea,2018.0,IPV1,98.08,MUMPS,372.5
KOR,Republic of Korea,2018.0,JAPENC,95.03,MUMPS,372.5
KOR,Republic of Korea,2018.0,MCV1,97.8,MUMPS,372.5
KOR,Republic of Korea,2018.0,MCV2,96.9,MUMPS,372.5
KOR,Republic of Korea,2018.0,PCV1,98.06,MUMPS,372.5
KOR,Republic of Korea,2018.0,PCV2,97.77,MUMPS,372.5
KOR,Republic of Korea,2018.0,PCV3,96.42,MUMPS,372.5
KOR,Republic of Korea,2018.0,PERCV4,96.7,MUMPS,372.5
KOR,Republic of Korea,2018.0,POL3,97.74,MUMPS,372.5
KOR,Republic of Korea,2018.0,RCV1,97.8,MUMPS,372.5
KOR,Republic of Korea,2018.0,TTCV4,96.7,MUMPS,372.5
LTU,Lithuania,2000.0,BCG,99.0,RUBELLA,372.5
LTU,Lithuania,2000.0,DTPCV1,98.73,RUBELLA,372.5
LTU,Lithuania,2000.0,DTPCV3,93.67,RUBELLA,372.5
LTU,Lithuania,2000.0,HEPB3,98.33,RUBELLA,372.5
LTU,Lithuania,2000.0,HEPB_BD,99.0,RUBELLA,372.5
LTU,Lithuania,2000.0,MCV1,97.0,RUBELLA,372.5
LTU,Lithuania,2000.0,MCV2,97.03,RUBELLA,372.5
LTU,Lithuania,2000.0,POL3,91.17,RUBELLA,372.5
LTU,Lithuania,2000.0,RCV1,97.0,RUBELLA,372.5
ESP,Spain,1988.0,DTPCV1,97.0,PERTUSSIS,372.4
ESP,Spain,1988.0,DTPCV3,93.0,PERTUSSIS,372.4
ESP,Spain,1988.0,POL3,94.0,PERTUSSIS,372.4
SGP,Singapore,1997.0,BCG,97.83,MEASLES,372.2
SGP,Singapore,1997.0,DTPCV1,97.01,MEASLES,372.2
SGP,Singapore,1997.0,DTPCV3,97.15,MEASLES,372.2
SGP,Singapore,1997.0,HEPB3,95.99,MEASLES,372.2
SGP,Singapore,1997.0,MCV1,97.44,MEASLES,372.2
SGP,Singapore,1997.0,MCV2,98.0,MEASLES,372.2
SGP,Singapore,1997.0,POL3,96.96,MEASLES,372.2
SGP,Singapore,1997.0,RCV1,97.44,MEASLES,372.2
ISL,Iceland,1996.0,DTPCV1,99.0,PERTUSSIS,371.8
ISL,Iceland,1996.0,DTPCV3,99.6,PERTUSSIS,371.8
ISL,Iceland,1996.0,HIB3,99.0,PERTUSSIS,371.8
ISL,Iceland,1996.0,MCV1,99.6,PERTUSSIS,371.8
ISL,Iceland,1996.0,POL3,99.6,PERTUSSIS,371.8
ISL,Iceland,1996.0,RCV1,99.0,PERTUSSIS,371.8
ISL,Iceland,1996.0,TT2PLUS,99.9,PERTUSSIS,371.8
NLD,Netherlands (Kingdom of the),2009.0,DTPCV1,99.0,PERTUSSIS,371.7
NLD,Netherlands (Kingdom of the),2009.0,DTPCV3,96.87,PERTUSSIS,371.7
NLD,Netherlands (Kingdom of the),2009.0,HEPB_BD,93.0,PERTUSSIS,371.7
NLD,Netherlands (Kingdom of the),2009.0,HIB3,96.8,PERTUSSIS,371.7
NLD,Netherlands (Kingdom of the),2009.0,MCV1,96.13,PERTUSSIS,371.7
NLD,Netherlands (Kingdom of the),2009.0,MCV2,93.06,PERTUSSIS,371.7
NLD,Netherlands (Kingdom of the),2009.0,PCV3,95.87,PERTUSSIS,371.7
NLD,Netherlands (Kingdom of the),2009.0,POL3,96.93,PERTUSSIS,371.7
NLD,Netherlands (Kingdom of the),2009.0,RCV1,96.13,PERTUSSIS,371.7
CZE,Czechia,2012.0,DTPCV1,99.0,MUMPS,371.4
CZE,Czechia,2012.0,DTPCV3,97.96,MUMPS,371.4
CZE,Czechia,2012.0,HEPB3,99.17,MUMPS,371.4
CZE,Czechia,2012.0,HIB3,99.17,MUMPS,371.4
CZE,Czechia,2012.0,MCV1,98.0,MUMPS,371.4
CZE,Czechia,2012.0,MCV2,98.61,MUMPS,371.4
CZE,Czechia,2012.0,POL3,99.17,MUMPS,371.4
CZE,Czechia,2012.0,RCV1,98.17,MUMPS,371.4
ALB,Albania,1996.0,BCG,94.2,MEASLES,371.0
ALB,Albania,1996.0,DTPCV1,98.0,MEASLES,371.0
ALB,Albania,1996.0,DTPCV3,98.0,MEASLES,371.0
ALB,Albania,1996.0,HEPB3,96.07,MEASLES,371.0
ALB,Albania,1996.0,MCV1,92.0,MEASLES,371.0
ALB,Albania,1996.0,PAB,91.0,MEASLES,371.0
ALB,Albania,1996.0,POL3,99.67,MEASLES,371.0
ALB,Albania,1996.0,TT2PLUS,98.0,MEASLES,371.0
COL,Colombia,2017.0,15HPV1_F,95.0,MUMPS,370.6
COL,Colombia,2017.0,BCG,91.32,MUMPS,370.6
COL,Colombia,2017.0,DTPCV1,94.0,MUMPS,370.6
COL,Colombia,2017.0,DTPCV3,91.87,MUMPS,370.6
COL,Colombia,2017.0,HEPB3,91.73,MUMPS,370.6
COL,Colombia,2017.0,HIB3,92.0,MUMPS,370.6
COL,Colombia,2017.0,IPV1,91.73,MUMPS,370.6
COL,Colombia,2017.0,MCV1,93.07,MUMPS,370.6
COL,Colombia,2017.0,PCV1,94.0,MUMPS,370.6
COL,Colombia,2017.0,PCV2,93.0,MUMPS,370.6
COL,Colombia,2017.0,PCV3,91.0,MUMPS,370.6
COL,Colombia,2017.0,POL3,91.87,MUMPS,370.6
COL,Colombia,2017.0,RCV1,93.07,MUMPS,370.6
COL,Colombia,2017.0,ROTA1,90.0,MUMPS,370.6
MNG,Mongolia,2011.0,BCG,98.85,MUMPS,370.1
MNG,Mongolia,2011.0,DTPCV1,97.38,MUMPS,370.1
MNG,Mongolia,2011.0,DTPCV3,97.13,MUMPS,370.1
MNG,Mongolia,2011.0,HEPB3,97.13,MUMPS,370.1
MNG,Mongolia,2011.0,HEPB_BD,96.15,MUMPS,370.1
MNG,Mongolia,2011.0,HIB3,97.13,MUMPS,370.1
MNG,Mongolia,2011.0,MCV1,94.11,MUMPS,370.1
MNG,Mongolia,2011.0,MCV2,96.33,MUMPS,370.1
MNG,Mongolia,2011.0,POL3,97.13,MUMPS,370.1
MNG,Mongolia,2011.0,RCV1,94.11,MUMPS,370.1
MNG,Mongolia,2007.0,BCG,99.0,MUMPS,370.0
MNG,Mongolia,2007.0,DTPCV1,95.0,MUMPS,370.0
MNG,Mongolia,2007.0,DTPCV3,95.0,MUMPS,370.0
MNG,Mongolia,2007.0,HEPB3,98.0,MUMPS,370.0
MNG,Mongolia,2007.0,HEPB_BD,95.73,MUMPS,370.0
MNG,Mongolia,2007.0,HIB3,91.87,MUMPS,370.0
MNG,Mongolia,2007.0,MCV1,98.0,MUMPS,370.0
MNG,Mongolia,2007.0,MCV2,96.93,MUMPS,370.0
MNG,Mongolia,2007.0,POL3,99.0,MUMPS,370.0
DMA,Dominica,1981.0,DTPCV1,98.0,MEASLES,369.9
DMA,Dominica,1981.0,DTPCV3,95.67,MEASLES,369.9
DMA,Dominica,1981.0,POL3,97.0,MEASLES,369.9
SAU,Saudi Arabia,1998.0,BCG,91.67,MEASLES,369.9
SAU,Saudi Arabia,1998.0,DTPCV1,95.0,MEASLES,369.9
SAU,Saudi Arabia,1998.0,DTPCV3,94.0,MEASLES,369.9
SAU,Saudi Arabia,1998.0,HEPB3,95.0,MEASLES,369.9
SAU,Saudi Arabia,1998.0,MCV1,93.0,MEASLES,369.9
SAU,Saudi Arabia,1998.0,POL3,94.0,MEASLES,369.9
SAU,Saudi Arabia,1998.0,RCV1,93.0,MEASLES,369.9
ROU,Romania,2012.0,BCG,98.73,MEASLES,369.6
ROU,Romania,2012.0,DTPCV1,95.0,MEASLES,369.6
ROU,Romania,2012.0,DTPCV3,91.0,MEASLES,369.6
ROU,Romania,2012.0,HEPB3,96.0,MEASLES,369.6
ROU,Romania,2012.0,HEPB_BD,99.27,MEASLES,369.6
ROU,Romania,2012.0,HIB3,92.0,MEASLES,369.6
ROU,Romania,2012.0,MCV1,93.8,MEASLES,369.6
ROU,Romania,2012.0,MCV2,90.0,MEASLES,369.6
ROU,Romania,2012.0,POL3,92.05,MEASLES,369.6
ROU,Romania,2012.0,RCV1,93.8,MEASLES,369.6
BTN,Bhutan,2011.0,15HPV1_F,90.0,MUMPS,369.3
BTN,Bhutan,2011.0,15HPVC_F,90.0,MUMPS,369.3
BTN,Bhutan,2011.0,BCG,95.0,MUMPS,369.3
BTN,Bhutan,2011.0,DTPCV1,95.5,MUMPS,369.3
BTN,Bhutan,2011.0,DTPCV3,94.33,MUMPS,369.3
BTN,Bhutan,2011.0,HEPB3,94.33,MUMPS,369.3
BTN,Bhutan,2011.0,MCV1,94.33,MUMPS,369.3
BTN,Bhutan,2011.0,MCV2,92.67,MUMPS,369.3
BTN,Bhutan,2011.0,POL3,94.67,MUMPS,369.3
BTN,Bhutan,2011.0,RCV1,94.33,MUMPS,369.3
BOL,Bolivia (Plurinational State of),2009.0,DTPCV1,90.32,MUMPS,369.0
DNK,Denmark,1983.0,DTPCV1,96.0,PERTUSSIS,368.2
DNK,Denmark,1983.0,POL3,96.67,PERTUSSIS,368.2
DNK,Denmark,1985.0,DTPCV1,99.0,PERTUSSIS,368.0
DNK,Denmark,1985.0,DTPCV3,90.0,PERTUSSIS,368.0
DNK,Denmark,1985.0,POL3,99.0,PERTUSSIS,368.0
BEN,Benin,1999.0,BCG,92.53,MEASLES,367.4
IRQ,Iraq,1995.0,BCG,98.33,MEASLES,367.3
IRQ,Iraq,1995.0,MCV1,90.0,MEASLES,367.3
MAR,Morocco,2003.0,BCG,91.0,MEASLES,366.6
MAR,Morocco,2003.0,DTPCV1,93.0,MEASLES,366.6
MAR,Morocco,2003.0,DTPCV3,90.0,MEASLES,366.6
MAR,Morocco,2003.0,POL3,90.0,MEASLES,366.6
KGZ,Kyrgyzstan,2019.0,BCG,96.13,MEASLES,366.5
KGZ,Kyrgyzstan,2019.0,DIPHCV4,98.5,MEASLES,366.5
KGZ,Kyrgyzstan,2019.0,DIPHCV5,99.5,MEASLES,366.5
KGZ,Kyrgyzstan,2019.0,DIPHCV6,94.8,MEASLES,366.5
KGZ,Kyrgyzstan,2019.0,DTPCV1,99.13,MEASLES,366.5
KGZ,Kyrgyzstan,2019.0,DTPCV3,95.0,MEASLES,366.5
KGZ,Kyrgyzstan,2019.0,HEPB3,95.0,MEASLES,366.5
KGZ,Kyrgyzstan,2019.0,HEPB_BD,96.13,MEASLES,366.5
KGZ,Kyrgyzstan,2019.0,HIB3,94.2,MEASLES,366.5
KGZ,Kyrgyzstan,2019.0,IPV1,94.0,MEASLES,366.5
KGZ,Kyrgyzstan,2019.0,MCV1,96.07,MEASLES,366.5
KGZ,Kyrgyzstan,2019.0,MCV2,98.33,MEASLES,366.5
KGZ,Kyrgyzstan,2019.0,PCV1,97.9,MEASLES,366.5
KGZ,Kyrgyzstan,2019.0,PCV2,94.3,MEASLES,366.5
KGZ,Kyrgyzstan,2019.0,PCV3,96.2,MEASLES,366.5
KGZ,Kyrgyzstan,2019.0,PERCV4,98.0,MEASLES,366.5
KGZ,Kyrgyzstan,2019.0,POL3,96.33,MEASLES,366.5
KGZ,Kyrgyzstan,2019.0,RCV1,96.87,MEASLES,366.5
KGZ,Kyrgyzstan,2019.0,TTCV4,98.45,MEASLES,366.5
KGZ,Kyrgyzstan,2019.0,TTCV5,99.5,MEASLES,366.5
KGZ,Kyrgyzstan,2019.0,TTCV6,94.8,MEASLES,366.5
NOR,Norway,2015.0,DTPCV1,99.67,PERTUSSIS,366.5
NOR,Norway,2015.0,DTPCV3,95.0,PERTUSSIS,366.5
NOR,Norway,2015.0,HIB3,95.0,PERTUSSIS,366.5
NOR,Norway,2015.0,IPV1,99.67,PERTUSSIS,366.5
NOR,Norway,2015.0,MCV1,95.0,PERTUSSIS,366.5
NOR,Norway,2015.0,MCV2,91.0,PERTUSSIS,366.5
NOR,Norway,2015.0,PCV1,99.0,PERTUSSIS,366.5
NOR,Norway,2015.0,PCV2,98.0,PERTUSSIS,366.5
NOR,Norway,2015.0,PCV3,93.0,PERTUSSIS,366.5
NOR,Norway,2015.0,POL3,95.0,PERTUSSIS,366.5
NOR,Norway,2015.0,RCV1,95.0,PERTUSSIS,366.5
DNK,Denmark,2016.0,DTPCV1,96.0,PERTUSSIS,365.9
DNK,Denmark,2016.0,DTPCV3,93.0,PERTUSSIS,365.9
DNK,Denmark,2016.0,HIB3,93.0,PERTUSSIS,365.9
DNK,Denmark,2016.0,IPV1,96.0,PERTUSSIS,365.9
DNK,Denmark,2016.0,MCV1,93.0,PERTUSSIS,365.9
DNK,Denmark,2016.0,PCV1,95.5,PERTUSSIS,365.9
DNK,Denmark,2016.0,PCV2,94.5,PERTUSSIS,365.9
DNK,Denmark,2016.0,PCV3,93.0,PERTUSSIS,365.9
DNK,Denmark,2016.0,POL3,93.0,PERTUSSIS,365.9
DNK,Denmark,2016.0,RCV1,93.0,PERTUSSIS,365.9
BHR,Bahrain,1989.0,DTPCV1,98.0,MEASLES,363.9
BHR,Bahrain,1989.0,DTPCV3,96.33,MEASLES,363.9
BHR,Bahrain,1989.0,POL3,96.33,MEASLES,363.9
SLV,El Salvador,2019.0,BCG,93.0,MUMPS,363.9
SLV,El Salvador,2019.0,DIPHCV4,94.0,MUMPS,363.9
SLV,El Salvador,2019.0,DIPHCV5,94.0,MUMPS,363.9
SLV,El Salvador,2019.0,DTPCV1,96.0,MUMPS,363.9
SLV,El Salvador,2019.0,DTPCV3,96.0,MUMPS,363.9
SLV,El Salvador,2019.0,HEPB3,96.0,MUMPS,363.9
SLV,El Salvador,2019.0,HEPB_BD,90.0,MUMPS,363.9
SLV,El Salvador,2019.0,HIB3,96.0,MUMPS,363.9
SLV,El Salvador,2019.0,IPV1,96.0,MUMPS,363.9
SLV,El Salvador,2019.0,MCV1,96.0,MUMPS,363.9
SLV,El Salvador,2019.0,PAB,92.0,MUMPS,363.9
SLV,El Salvador,2019.0,PCV1,96.0,MUMPS,363.9
SLV,El Salvador,2019.0,PCV2,97.0,MUMPS,363.9
SLV,El Salvador,2019.0,PCV3,96.0,MUMPS,363.9
SLV,El Salvador,2019.0,PERCV4,94.0,MUMPS,363.9
SLV,El Salvador,2019.0,POL3,97.0,MUMPS,363.9
SLV,El Salvador,2019.0,ROTA1,97.0,MUMPS,363.9
SLV,El Salvador,2019.0,ROTAC,97.0,MUMPS,363.9
SLV,El Salvador,2019.0,TTCV4,94.0,MUMPS,363.9
SLV,El Salvador,2019.0,TTCV5,94.0,MUMPS,363.9
JPN,Japan,2014.0,BCG,92.93,MUMPS,363.5
JPN,Japan,2014.0,DTPCV1,98.0,MUMPS,363.5
JPN,Japan,2014.0,DTPCV3,96.0,MUMPS,363.5
JPN,Japan,2014.0,HIB3,99.0,MUMPS,363.5
JPN,Japan,2014.0,MCV1,97.67,MUMPS,363.5
JPN,Japan,2014.0,MCV2,93.8,MUMPS,363.5
JPN,Japan,2014.0,PCV3,98.0,MUMPS,363.5
JPN,Japan,2014.0,POL3,99.0,MUMPS,363.5
JPN,Japan,2014.0,RCV1,97.67,MUMPS,363.5
TZA,United Republic of Tanzania,1989.0,BCG,92.0,PERTUSSIS,363.1
TZA,United Republic of Tanzania,1989.0,DTPCV1,91.0,PERTUSSIS,363.1
RUS,Russian Federation,2023.0,BCG,95.87,PERTUSSIS,362.9
RUS,Russian Federation,2023.0,DIPHCV4,96.44,PERTUSSIS,362.9
RUS,Russian Federation,2023.0,DIPHCV5,96.82,PERTUSSIS,362.9
RUS,Russian Federation,2023.0,DIPHCV6,96.61,PERTUSSIS,362.9
RUS,Russian Federation,2023.0,DTPCV1,97.0,PERTUSSIS,362.9
RUS,Russian Federation,2023.0,DTPCV3,96.9,PERTUSSIS,362.9
RUS,Russian Federation,2023.0,FLU_HCW,99.42,PERTUSSIS,362.9
RUS,Russian Federation,2023.0,HEPB3,97.05,PERTUSSIS,362.9
RUS,Russian Federation,2023.0,HIB3,94.75,PERTUSSIS,362.9
RUS,Russian Federation,2023.0,IPV1,97.0,PERTUSSIS,362.9
RUS,Russian Federation,2023.0,IPV2,93.0,PERTUSSIS,362.9
RUS,Russian Federation,2023.0,MCV1,96.85,PERTUSSIS,362.9
RUS,Russian Federation,2023.0,PCV2,95.94,PERTUSSIS,362.9
RUS,Russian Federation,2023.0,PCV3,92.86,PERTUSSIS,362.9
RUS,Russian Federation,2023.0,PERCV4,96.27,PERTUSSIS,362.9
RUS,Russian Federation,2023.0,POL3,96.97,PERTUSSIS,362.9
RUS,Russian Federation,2023.0,RCV1,96.8,PERTUSSIS,362.9
RUS,Russian Federation,2023.0,TTCV4,96.44,PERTUSSIS,362.9
RUS,Russian Federation,2023.0,TTCV5,96.82,PERTUSSIS,362.9
RUS,Russian Federation,2023.0,TTCV6,96.61,PERTUSSIS,362.9
EST,Estonia,2008.0,BCG,98.0,PERTUSSIS,362.7
EST,Estonia,2008.0,DTPCV1,97.0,PERTUSSIS,362.7
EST,Estonia,2008.0,DTPCV3,95.0,PERTUSSIS,362.7
EST,Estonia,2008.0,HEPB3,94.0,PERTUSSIS,362.7
EST,Estonia,2008.0,HIB3,95.0,PERTUSSIS,362.7
EST,Estonia,2008.0,MCV1,95.0,PERTUSSIS,362.7
EST,Estonia,2008.0,MCV2,96.97,PERTUSSIS,362.7
EST,Estonia,2008.0,POL3,95.0,PERTUSSIS,362.7
EST,Estonia,2008.0,RCV1,95.0,PERTUSSIS,362.7
TUR,Türkiye,1997.0,DTPCV1,92.0,MEASLES,362.7
TTO,Trinidad and Tobago,1987.0,DTPCV1,92.0,MEASLES,362.3
HKG,"China, Hong Kong SAR",1982.0,BCG,99.0,MEASLES,361.7
HKG,"China, Hong Kong SAR",1982.0,POL3,90.0,MEASLES,361.7
NLD,Netherlands (Kingdom of the),2002.0,DTPCV1,99.0,PERTUSSIS,361.0
NLD,Netherlands (Kingdom of the),2002.0,DTPCV3,97.13,PERTUSSIS,361.0
NLD,Netherlands (Kingdom of the),2002.0,HIB3,95.87,PERTUSSIS,361.0
NLD,Netherlands (Kingdom of the),2002.0,MCV1,95.13,PERTUSSIS,361.0
NLD,Netherlands (Kingdom of the),2002.0,MCV2,96.0,PERTUSSIS,361.0
NLD,Netherlands (Kingdom of the),2002.0,POL3,97.4,PERTUSSIS,361.0
NLD,Netherlands (Kingdom of the),2002.0,RCV1,95.0,PERTUSSIS,361.0
URY,Uruguay,1986.0,BCG,92.0,PERTUSSIS,361.0
URY,Uruguay,1986.0,DTPCV1,90.0,PERTUSSIS,361.0
VEN,Venezuela (Bolivarian Republic of),2001.0,BCG,93.0,RUBELLA,360.8
VEN,Venezuela (Bolivarian Republic of),2001.0,MCV1,98.0,RUBELLA,360.8
VEN,Venezuela (Bolivarian Republic of),2001.0,RCV1,98.0,RUBELLA,360.8
AZE,Azerbaijan,1998.0,BCG,90.33,MEASLES,360.2
AZE,Azerbaijan,1998.0,DTPCV1,92.33,MEASLES,360.2
AZE,Azerbaijan,1998.0,POL3,90.0,MEASLES,360.2
EST,Estonia,2000.0,BCG,99.67,PERTUSSIS,360.1
EST,Estonia,2000.0,DTPCV1,96.0,PERTUSSIS,360.1
EST,Estonia,2000.0,DTPCV3,93.0,PERTUSSIS,360.1
EST,Estonia,2000.0,MCV1,93.0,PERTUSSIS,360.1
EST,Estonia,2000.0,POL3,93.0,PERTUSSIS,360.1
EST,Estonia,2000.0,RCV1,93.0,PERTUSSIS,360.1
EST,Estonia,2011.0,BCG,98.67,PERTUSSIS,360.1
EST,Estonia,2011.0,DTPCV1,95.67,PERTUSSIS,360.1
EST,Estonia,2011.0,DTPCV3,93.27,PERTUSSIS,360.1
EST,Estonia,2011.0,HEPB3,93.8,PERTUSSIS,360.1
EST,Estonia,2011.0,HIB3,93.27,PERTUSSIS,360.1
EST,Estonia,2011.0,MCV1,93.93,PERTUSSIS,360.1
EST,Estonia,2011.0,MCV2,94.9,PERTUSSIS,360.1
EST,Estonia,2011.0,POL3,93.27,PERTUSSIS,360.1
EST,Estonia,2011.0,RCV1,93.93,PERTUSSIS,360.1
ISR,Israel,2012.0,DTPCV1,94.0,PERTUSSIS,358.8
ISR,Israel,2012.0,DTPCV3,94.0,PERTUSSIS,358.8
ISR,Israel,2012.0,HEPB3,97.0,PERTUSSIS,358.8
ISR,Israel,2012.0,HEPB_BD,97.0,PERTUSSIS,358.8
ISR,Israel,2012.0,HIB3,94.0,PERTUSSIS,358.8
ISR,Israel,2012.0,MCV1,96.0,PERTUSSIS,358.8
ISR,Israel,2012.0,PCV3,93.0,PERTUSSIS,358.8
ISR,Israel,2012.0,POL3,94.0,PERTUSSIS,358.8
ISR,Israel,2012.0,RCV1,96.0,PERTUSSIS,358.8
LSO,Lesotho,2022.0,DTPCV1,93.45,MUMPS,356.9
LSO,Lesotho,2022.0,DTPCV3,90.49,MUMPS,356.9
LSO,Lesotho,2022.0,HEPB3,90.49,MUMPS,356.9
LSO,Lesotho,2022.0,HIB3,90.49,MUMPS,356.9
LSO,Lesotho,2022.0,PCV1,94.0,MUMPS,356.9
LSO,Lesotho,2022.0,PCV2,93.19,MUMPS,356.9
LSO,Lesotho,2022.0,PCV3,90.93,MUMPS,356.9
LSO,Lesotho,2022.0,ROTA1,92.76,MUMPS,356.9
EST,Estonia,2003.0,BCG,99.67,PERTUSSIS,356.7
EST,Estonia,2003.0,DTPCV1,99.0,PERTUSSIS,356.7
EST,Estonia,2003.0,DTPCV3,94.0,PERTUSSIS,356.7
EST,Estonia,2003.0,HEPB3,95.9,PERTUSSIS,356.7
EST,Estonia,2003.0,MCV1,95.0,PERTUSSIS,356.7
EST,Estonia,2003.0,MCV2,95.93,PERTUSSIS,356.7
EST,Estonia,2003.0,POL3,94.73,PERTUSSIS,356.7
EST,Estonia,2003.0,RCV1,95.0,PERTUSSIS,356.7
ECU,Ecuador,1989.0,BCG,91.0,MEASLES,356.3
MNG,Mongolia,2000.0,BCG,97.0,MUMPS,356.0
MNG,Mongolia,2000.0,DTPCV1,95.27,MUMPS,356.0
MNG,Mongolia,2000.0,DTPCV3,94.33,MUMPS,356.0
MNG,Mongolia,2000.0,HEPB3,93.0,MUMPS,356.0
MNG,Mongolia,2000.0,HEPB_BD,96.15,MUMPS,356.0
MNG,Mongolia,2000.0,MCV1,92.0,MUMPS,356.0
MNG,Mongolia,2000.0,POL3,94.0,MUMPS,356.0
TON,Tonga,1998.0,BCG,99.67,MEASLES,355.1
TON,Tonga,1998.0,DTPCV1,98.0,MEASLES,355.1
TON,Tonga,1998.0,DTPCV3,97.0,MEASLES,355.1
TON,Tonga,1998.0,HEPB3,96.0,MEASLES,355.1
TON,Tonga,1998.0,MCV1,96.0,MEASLES,355.1
TON,Tonga,1998.0,POL3,97.0,MEASLES,355.1
TON,Tonga,1998.0,TT2PLUS,93.0,MEASLES,355.1
BIH,Bosnia and Herzegovina,2002.0,BCG,91.13,MUMPS,354.6
GMB,Gambia,1981.0,BCG,97.0,MEASLES,354.5
FJI,Fiji,2002.0,BCG,97.97,MEASLES,354.3
FJI,Fiji,2002.0,DTPCV1,94.65,MEASLES,354.3
FJI,Fiji,2002.0,DTPCV3,92.09,MEASLES,354.3
FJI,Fiji,2002.0,HEPB_BD,96.78,MEASLES,354.3
FJI,Fiji,2002.0,HIB3,92.0,MEASLES,354.3
FJI,Fiji,2002.0,PAB,92.0,MEASLES,354.3
FJI,Fiji,2002.0,POL3,95.89,MEASLES,354.3
SAU,Saudi Arabia,1989.0,BCG,96.0,MEASLES,354.3
SAU,Saudi Arabia,1989.0,DTPCV1,98.0,MEASLES,354.3
SAU,Saudi Arabia,1989.0,DTPCV3,96.0,MEASLES,354.3
SAU,Saudi Arabia,1989.0,MCV1,90.0,MEASLES,354.3
SAU,Saudi Arabia,1989.0,POL3,96.0,MEASLES,354.3
ZMB,Zambia,1991.0,BCG,96.33,MEASLES,353.6
ZMB,Zambia,1991.0,DTPCV1,94.0,MEASLES,353.6
KWT,Kuwait,1982.0,DTPCV1,94.0,MEASLES,352.5
FJI,Fiji,2003.0,BCG,98.5,MEASLES,352.1
FJI,Fiji,2003.0,DTPCV1,97.5,MEASLES,352.1
FJI,Fiji,2003.0,DTPCV3,94.0,MEASLES,352.1
FJI,Fiji,2003.0,HEPB3,95.5,MEASLES,352.1
FJI,Fiji,2003.0,HEPB_BD,97.5,MEASLES,352.1
FJI,Fiji,2003.0,HIB3,93.5,MEASLES,352.1
FJI,Fiji,2003.0,PAB,92.0,MEASLES,352.1
FJI,Fiji,2003.0,POL3,97.5,MEASLES,352.1
FJI,Fiji,2003.0,TT2PLUS,98.0,MEASLES,352.1
COL,Colombia,2011.0,DTPCV1,95.0,MUMPS,351.9
MWI,Malawi,1993.0,BCG,93.0,MEASLES,351.4
MWI,Malawi,1993.0,DTPCV1,97.0,MEASLES,351.4
MWI,Malawi,1993.0,DTPCV3,91.0,MEASLES,351.4
MWI,Malawi,1993.0,POL3,91.0,MEASLES,351.4
TUR,Türkiye,1989.0,DTPCV1,92.0,MEASLES,350.6
SVN,Slovenia,2007.0,DTPCV1,99.0,PERTUSSIS,350.5
SVN,Slovenia,2007.0,DTPCV3,97.0,PERTUSSIS,350.5
SVN,Slovenia,2007.0,HIB3,97.0,PERTUSSIS,350.5
SVN,Slovenia,2007.0,MCV1,96.0,PERTUSSIS,350.5
SVN,Slovenia,2007.0,MCV2,98.22,PERTUSSIS,350.5
SVN,Slovenia,2007.0,POL3,97.0,PERTUSSIS,350.5
SVN,Slovenia,2007.0,RCV1,96.0,PERTUSSIS,350.5
CHN,China,2012.0,BCG,99.0,MUMPS,350.1
CHN,China,2012.0,DTPCV1,99.0,MUMPS,350.1
CHN,China,2012.0,DTPCV3,99.0,MUMPS,350.1
CHN,China,2012.0,HEPB3,99.0,MUMPS,350.1
CHN,China,2012.0,HEPB_BD,95.87,MUMPS,350.1
CHN,China,2012.0,JAPENC,99.0,MUMPS,350.1
CHN,China,2012.0,MCV1,99.0,MUMPS,350.1
CHN,China,2012.0,MCV2,99.0,MUMPS,350.1
CHN,China,2012.0,POL3,99.0,MUMPS,350.1
CHN,China,2012.0,RCV1,97.0,MUMPS,350.1
TKM,Turkmenistan,1991.0,BCG,96.0,MEASLES,349.1
TKM,Turkmenistan,1991.0,POL3,91.1,MEASLES,349.1
HKG,"China, Hong Kong SAR",2000.0,BCG,98.51,RUBELLA,349.0
HKG,"China, Hong Kong SAR",2000.0,HEPB_BD,98.85,RUBELLA,349.0
HKG,"China, Hong Kong SAR",2000.0,MCV2,98.83,RUBELLA,349.0
CAN,Canada,1994.0,DTPCV1,97.0,PERTUSSIS,348.3
CAN,Canada,1994.0,DTPCV3,93.0,PERTUSSIS,348.3
CAN,Canada,1994.0,MCV1,97.0,PERTUSSIS,348.3
CAN,Canada,1994.0,RCV1,97.0,PERTUSSIS,348.3
TKM,Turkmenistan,2002.0,BCG,99.13,MUMPS,348.3
TKM,Turkmenistan,2002.0,DTPCV1,98.87,MUMPS,348.3
TKM,Turkmenistan,2002.0,DTPCV3,97.8,MUMPS,348.3
TKM,Turkmenistan,2002.0,HEPB3,96.27,MUMPS,348.3
TKM,Turkmenistan,2002.0,HEPB_BD,98.27,MUMPS,348.3
TKM,Turkmenistan,2002.0,POL3,99.0,MUMPS,348.3
VNM,Viet Nam,1989.0,BCG,94.0,MEASLES,348.1
VNM,Viet Nam,1989.0,DTPCV1,96.0,MEASLES,348.1
OMN,Oman,2005.0,BCG,98.01,MUMPS,348.0
OMN,Oman,2005.0,DTPCV1,99.52,MUMPS,348.0
OMN,Oman,2005.0,DTPCV3,99.0,MUMPS,348.0
OMN,Oman,2005.0,HEPB3,99.0,MUMPS,348.0
OMN,Oman,2005.0,HEPB_BD,98.79,MUMPS,348.0
OMN,Oman,2005.0,HIB3,99.0,MUMPS,348.0
OMN,Oman,2005.0,MCV1,97.95,MUMPS,348.0
OMN,Oman,2005.0,MCV2,96.96,MUMPS,348.0
OMN,Oman,2005.0,PAB,94.0,MUMPS,348.0
OMN,Oman,2005.0,POL3,99.02,MUMPS,348.0
OMN,Oman,2005.0,RCV1,97.46,MUMPS,348.0
OMN,Oman,2005.0,VAD1,98.34,MUMPS,348.0
GRC,Greece,1982.0,DTPCV1,94.0,MEASLES,347.3
GRC,Greece,1982.0,POL3,96.0,MEASLES,347.3
CRI,Costa Rica,1999.0,BCG,91.0,RUBELLA,347.2
CRI,Costa Rica,1999.0,DTPCV1,90.5,RUBELLA,347.2
NLD,Netherlands (Kingdom of the),2019.0,DIPHCV4,92.59,PERTUSSIS,346.6
NLD,Netherlands (Kingdom of the),2019.0,DIPHCV5,92.24,PERTUSSIS,346.6
NLD,Netherlands (Kingdom of the),2019.0,DTPCV1,98.0,PERTUSSIS,346.6
NLD,Netherlands (Kingdom of the),2019.0,DTPCV3,93.78,PERTUSSIS,346.6
NLD,Netherlands (Kingdom of the),2019.0,HEPB3,92.18,PERTUSSIS,346.6
NLD,Netherlands (Kingdom of the),2019.0,HEPB_BD,99.25,PERTUSSIS,346.6
NLD,Netherlands (Kingdom of the),2019.0,HEPB_BDALL,99.25,PERTUSSIS,346.6
NLD,Netherlands (Kingdom of the),2019.0,HIB3,93.8,PERTUSSIS,346.6
NLD,Netherlands (Kingdom of the),2019.0,IPV1,98.0,PERTUSSIS,346.6
NLD,Netherlands (Kingdom of the),2019.0,MCV1,93.73,PERTUSSIS,346.6
NLD,Netherlands (Kingdom of the),2019.0,PCV3,92.99,PERTUSSIS,346.6
NLD,Netherlands (Kingdom of the),2019.0,PERCV4,92.59,PERTUSSIS,346.6
NLD,Netherlands (Kingdom of the),2019.0,POL3,93.78,PERTUSSIS,346.6
NLD,Netherlands (Kingdom of the),2019.0,RCV1,93.73,PERTUSSIS,346.6
NLD,Netherlands (Kingdom of the),2019.0,TTCV4,92.59,PERTUSSIS,346.6
NLD,Netherlands (Kingdom of the),2019.0,TTCV5,92.24,PERTUSSIS,346.6
SYR,Syrian Arab Republic,2003.0,BCG,95.0,MUMPS,346.5
SYR,Syrian Arab Republic,2003.0,DTPCV1,96.0,MUMPS,346.5
SYR,Syrian Arab Republic,2003.0,DTPCV3,91.0,MUMPS,346.5
SYR,Syrian Arab Republic,2003.0,HEPB3,92.57,MUMPS,346.5
SYR,Syrian Arab Republic,2003.0,HIB3,93.33,MUMPS,346.5
SYR,Syrian Arab Republic,2003.0,MCV1,90.5,MUMPS,346.5
SYR,Syrian Arab Republic,2003.0,PAB,92.0,MUMPS,346.5
SYR,Syrian Arab Republic,2003.0,POL3,92.0,MUMPS,346.5
SMR,San Marino,2019.0,FLU_RESIDENT,96.0,MEASLES,346.3
SMR,San Marino,2019.0,TTCV6,90.3,MEASLES,346.3
GNB,Guinea-Bissau,1994.0,BCG,95.0,MEASLES,346.1
GNB,Guinea-Bissau,1994.0,DTPCV1,90.0,MEASLES,346.1
UKR,Ukraine,2001.0,BCG,98.05,MEASLES,345.6
UKR,Ukraine,2001.0,DTPCV1,97.27,MEASLES,345.6
UKR,Ukraine,2001.0,DTPCV3,99.05,MEASLES,345.6
UKR,Ukraine,2001.0,MCV1,98.84,MEASLES,345.6
UKR,Ukraine,2001.0,MCV2,98.18,MEASLES,345.6
UKR,Ukraine,2001.0,POL3,99.03,MEASLES,345.6
UKR,Ukraine,2001.0,RCV1,99.0,MEASLES,345.6
TZA,United Republic of Tanzania,1996.0,DTPCV1,94.0,MEASLES,345.0
OMN,Oman,2004.0,BCG,99.0,MUMPS,344.7
OMN,Oman,2004.0,DTPCV1,99.0,MUMPS,344.7
OMN,Oman,2004.0,DTPCV3,99.0,MUMPS,344.7
OMN,Oman,2004.0,HEPB3,99.0,MUMPS,344.7
OMN,Oman,2004.0,HEPB_BD,99.0,MUMPS,344.7
OMN,Oman,2004.0,HIB3,99.0,MUMPS,344.7
OMN,Oman,2004.0,MCV1,98.0,MUMPS,344.7
OMN,Oman,2004.0,MCV2,98.0,MUMPS,344.7
OMN,Oman,2004.0,PAB,94.0,MUMPS,344.7
OMN,Oman,2004.0,POL3,99.0,MUMPS,344.7
OMN,Oman,2004.0,RCV1,98.0,MUMPS,344.7
OMN,Oman,2004.0,VAD1,99.0,MUMPS,344.7
ZWE,Zimbabwe,2022.0,BCG,96.26,MEASLES,344.3
ZWE,Zimbabwe,2022.0,DTPCV1,93.0,MEASLES,344.3
ZWE,Zimbabwe,2022.0,DTPCV3,92.41,MEASLES,344.3
ZWE,Zimbabwe,2022.0,HEPB3,92.41,MEASLES,344.3
ZWE,Zimbabwe,2022.0,HIB3,92.41,MEASLES,344.3
ZWE,Zimbabwe,2022.0,IPV1,92.63,MEASLES,344.3
ZWE,Zimbabwe,2022.0,MCV1,91.25,MEASLES,344.3
ZWE,Zimbabwe,2022.0,PCV1,93.0,MEASLES,344.3
ZWE,Zimbabwe,2022.0,PCV2,93.77,MEASLES,344.3
ZWE,Zimbabwe,2022.0,PCV3,92.34,MEASLES,344.3
ZWE,Zimbabwe,2022.0,POL3,91.1,MEASLES,344.3
ZWE,Zimbabwe,2022.0,RCV1,91.25,MEASLES,344.3
MKD,North Macedonia,2011.0,BCG,94.0,MEASLES,343.6
MKD,North Macedonia,2011.0,DTPCV1,97.01,MEASLES,343.6
MKD,North Macedonia,2011.0,DTPCV3,95.93,MEASLES,343.6
MKD,North Macedonia,2011.0,HEPB3,95.74,MEASLES,343.6
MKD,North Macedonia,2011.0,HEPB_BD,96.73,MEASLES,343.6
MKD,North Macedonia,2011.0,HIB3,96.07,MEASLES,343.6
MKD,North Macedonia,2011.0,MCV1,97.3,MEASLES,343.6
MKD,North Macedonia,2011.0,MCV2,98.03,MEASLES,343.6
MKD,North Macedonia,2011.0,POL3,96.99,MEASLES,343.6
MKD,North Macedonia,2011.0,RCV1,97.0,MEASLES,343.6
BTN,Bhutan,2017.0,15HPV1_F,98.0,MUMPS,343.3
BTN,Bhutan,2017.0,15HPVC_F,94.0,MUMPS,343.3
BTN,Bhutan,2017.0,BCG,99.0,MUMPS,343.3
BTN,Bhutan,2017.0,DTPCV1,99.0,MUMPS,343.3
BTN,Bhutan,2017.0,DTPCV3,97.67,MUMPS,343.3
BTN,Bhutan,2017.0,HEPB3,97.67,MUMPS,343.3
BTN,Bhutan,2017.0,HEPB_BD,90.33,MUMPS,343.3
BTN,Bhutan,2017.0,HIB3,97.67,MUMPS,343.3
BTN,Bhutan,2017.0,MCV1,96.33,MUMPS,343.3
BTN,Bhutan,2017.0,MCV2,99.0,MUMPS,343.3
BTN,Bhutan,2017.0,POL3,97.0,MUMPS,343.3
BTN,Bhutan,2017.0,PRHPV1_F,95.0,MUMPS,343.3
BTN,Bhutan,2017.0,PRHPVC_F,94.0,MUMPS,343.3
BTN,Bhutan,2017.0,RCV1,96.33,MUMPS,343.3
BTN,Bhutan,2017.0,VAD1,93.0,MUMPS,343.3
YEM,Yemen,2006.0,DTPCV1,90.0,MEASLES,343.2
SYR,Syrian Arab Republic,1998.0,BCG,97.0,MEASLES,341.3
SYR,Syrian Arab Republic,1998.0,DTPCV1,97.0,MEASLES,341.3
SYR,Syrian Arab Republic,1998.0,DTPCV3,93.67,MEASLES,341.3
SYR,Syrian Arab Republic,1998.0,MCV1,93.67,MEASLES,341.3
SYR,Syrian Arab Republic,1998.0,POL3,94.0,MEASLES,341.3
KOR,Republic of Korea,2013.0,BCG,97.64,MUMPS,340.0
KOR,Republic of Korea,2013.0,DTPCV1,98.98,MUMPS,340.0
KOR,Republic of Korea,2013.0,DTPCV3,98.57,MUMPS,340.0
KOR,Republic of Korea,2013.0,HEPB3,98.55,MUMPS,340.0
KOR,Republic of Korea,2013.0,JAPENC,97.51,MUMPS,340.0
KOR,Republic of Korea,2013.0,MCV1,98.43,MUMPS,340.0
KOR,Republic of Korea,2013.0,MCV2,94.98,MUMPS,340.0
KOR,Republic of Korea,2013.0,POL3,98.5,MUMPS,340.0
KOR,Republic of Korea,2013.0,RCV1,98.43,MUMPS,340.0
SGP,Singapore,2001.0,BCG,98.5,MUMPS,339.9
SGP,Singapore,2001.0,DTPCV1,96.23,MUMPS,339.9
SGP,Singapore,2001.0,DTPCV3,95.77,MUMPS,339.9
SGP,Singapore,2001.0,HEPB3,95.45,MUMPS,339.9
SGP,Singapore,2001.0,MCV1,94.7,MUMPS,339.9
SGP,Singapore,2001.0,MCV2,96.67,MUMPS,339.9
SGP,Singapore,2001.0,POL3,95.36,MUMPS,339.9
SGP,Singapore,2001.0,RCV1,94.7,MUMPS,339.9
ITA,Italy,1991.0,DTPCV1,98.0,PERTUSSIS,339.1
ITA,Italy,1991.0,POL3,98.0,PERTUSSIS,339.1
MDV,Maldives,2008.0,BCG,98.67,MUMPS,339.1
MDV,Maldives,2008.0,DTPCV1,99.0,MUMPS,339.1
MDV,Maldives,2008.0,DTPCV3,98.0,MUMPS,339.1
MDV,Maldives,2008.0,HEPB3,98.0,MUMPS,339.1
MDV,Maldives,2008.0,HEPB_BD,99.0,MUMPS,339.1
MDV,Maldives,2008.0,MCV1,97.0,MUMPS,339.1
MDV,Maldives,2008.0,PAB,95.0,MUMPS,339.1
MDV,Maldives,2008.0,POL3,98.0,MUMPS,339.1
MDV,Maldives,2008.0,TT2PLUS,97.0,MUMPS,339.1
MYS,Malaysia,1985.0,BCG,96.63,MEASLES,338.5
ZWE,Zimbabwe,2023.0,BCG,93.86,MEASLES,338.5
ZWE,Zimbabwe,2023.0,DTPCV1,93.0,MEASLES,338.5
ZWE,Zimbabwe,2023.0,DTPCV3,92.67,MEASLES,338.5
ZWE,Zimbabwe,2023.0,HEPB3,90.0,MEASLES,338.5
ZWE,Zimbabwe,2023.0,HIB3,90.0,MEASLES,338.5
ZWE,Zimbabwe,2023.0,IPV1,92.68,MEASLES,338.5
ZWE,Zimbabwe,2023.0,MCV1,91.29,MEASLES,338.5
ZWE,Zimbabwe,2023.0,PCV1,93.0,MEASLES,338.5
ZWE,Zimbabwe,2023.0,PCV2,94.48,MEASLES,338.5
ZWE,Zimbabwe,2023.0,PCV3,92.67,MEASLES,338.5
ZWE,Zimbabwe,2023.0,POL3,91.8,MEASLES,338.5
ZWE,Zimbabwe,2023.0,RCV1,91.29,MEASLES,338.5
GEO,Georgia,2005.0,BCG,95.0,MEASLES,336.8
GEO,Georgia,2005.0,DTPCV1,91.0,MEASLES,336.8
GEO,Georgia,2005.0,HEPB_BD,93.0,MEASLES,336.8
GEO,Georgia,2005.0,MCV1,90.0,MEASLES,336.8
GEO,Georgia,2005.0,RCV1,91.07,MEASLES,336.8
TZA,United Republic of Tanzania,2001.0,BCG,91.0,MEASLES,336.6
TZA,United Republic of Tanzania,2001.0,DTPCV1,95.0,MEASLES,336.6
HKG,"China, Hong Kong SAR",1980.0,BCG,100.0,MEASLES,336.3
ARE,United Arab Emirates,1993.0,BCG,98.0,MEASLES,335.3
ARE,United Arab Emirates,1993.0,DTPCV1,96.0,MEASLES,335.3
ARE,United Arab Emirates,1993.0,DTPCV3,90.0,MEASLES,335.3
ARE,United Arab Emirates,1993.0,HEPB3,90.0,MEASLES,335.3
ARE,United Arab Emirates,1993.0,MCV1,90.0,MEASLES,335.3
ARE,United Arab Emirates,1993.0,POL3,90.0,MEASLES,335.3
ARE,United Arab Emirates,1993.0,RCV1,90.0,MEASLES,335.3
KHM,Cambodia,2009.0,BCG,96.0,MEASLES,334.7
KHM,Cambodia,2009.0,DTPCV1,99.5,MEASLES,334.7
KHM,Cambodia,2009.0,DTPCV3,94.0,MEASLES,334.7
KHM,Cambodia,2009.0,HEPB3,92.0,MEASLES,334.7
KHM,Cambodia,2009.0,MCV1,92.0,MEASLES,334.7
KHM,Cambodia,2009.0,PAB,91.0,MEASLES,334.7
KHM,Cambodia,2009.0,POL3,95.0,MEASLES,334.7
KHM,Cambodia,2009.0,VAD1,98.0,MEASLES,334.7
CHL,Chile,1980.0,BCG,96.0,MEASLES,334.0
CHL,Chile,1980.0,DTPCV1,96.5,MEASLES,334.0
CHL,Chile,1980.0,DTPCV3,93.0,MEASLES,334.0
CHL,Chile,1980.0,MCV1,94.0,MEASLES,334.0
CHL,Chile,1980.0,POL3,93.0,MEASLES,334.0
CHN,China,2011.0,BCG,99.38,MUMPS,334.0
CHN,China,2011.0,DTPCV1,99.32,MUMPS,334.0
CHN,China,2011.0,DTPCV3,99.31,MUMPS,334.0
CHN,China,2011.0,HEPB3,99.31,MUMPS,334.0
CHN,China,2011.0,HEPB_BD,95.03,MUMPS,334.0
CHN,China,2011.0,JAPENC,99.47,MUMPS,334.0
CHN,China,2011.0,MCV1,99.28,MUMPS,334.0
CHN,China,2011.0,MCV2,99.24,MUMPS,334.0
CHN,China,2011.0,POL3,99.32,MUMPS,334.0
CHN,China,2011.0,RCV1,92.41,MUMPS,334.0
EST,Estonia,2004.0,BCG,99.0,PERTUSSIS,333.9
EST,Estonia,2004.0,DTPCV1,98.0,PERTUSSIS,333.9
EST,Estonia,2004.0,DTPCV3,94.0,PERTUSSIS,333.9
EST,Estonia,2004.0,HEPB3,90.27,PERTUSSIS,333.9
EST,Estonia,2004.0,HEPB_BD,98.0,PERTUSSIS,333.9
EST,Estonia,2004.0,MCV1,96.0,PERTUSSIS,333.9
EST,Estonia,2004.0,MCV2,97.13,PERTUSSIS,333.9
EST,Estonia,2004.0,POL3,95.07,PERTUSSIS,333.9
EST,Estonia,2004.0,RCV1,95.67,PERTUSSIS,333.9
KWT,Kuwait,1984.0,DTPCV1,96.0,MEASLES,333.9
MYS,Malaysia,1987.0,BCG,98.0,MEASLES,333.5
CAN,Canada,1995.0,DTPCV1,97.0,PERTUSSIS,333.3
CAN,Canada,1995.0,DTPCV3,91.67,PERTUSSIS,333.3
CAN,Canada,1995.0,MCV1,96.0,PERTUSSIS,333.3
CAN,Canada,1995.0,RCV1,96.0,PERTUSSIS,333.3
GRC,Greece,1992.0,DTPCV1,96.0,MEASLES,332.8
GRC,Greece,1992.0,POL3,95.0,MEASLES,332.8
MWI,Malawi,1998.0,BCG,99.67,MEASLES,332.7
MWI,Malawi,1998.0,DTPCV1,98.0,MEASLES,332.7
MWI,Malawi,1998.0,DTPCV3,96.0,MEASLES,332.7
MWI,Malawi,1998.0,MCV1,90.0,MEASLES,332.7
MWI,Malawi,1998.0,POL3,93.0,MEASLES,332.7
GAB,Gabon,1989.0,BCG,96.0,PERTUSSIS,332.2
GAB,Gabon,1989.0,DTPCV1,96.0,PERTUSSIS,332.2
BTN,Bhutan,2019.0,15HPV1_F,95.0,MUMPS,332.1
BTN,Bhutan,2019.0,15HPVC_F,94.0,MUMPS,332.1
BTN,Bhutan,2019.0,BCG,92.0,MUMPS,332.1
BTN,Bhutan,2019.0,DIPHCV4,91.0,MUMPS,332.1
BTN,Bhutan,2019.0,DTPCV1,95.67,MUMPS,332.1
BTN,Bhutan,2019.0,DTPCV3,97.0,MUMPS,332.1
BTN,Bhutan,2019.0,HEPB3,97.0,MUMPS,332.1
BTN,Bhutan,2019.0,HIB3,97.0,MUMPS,332.1
BTN,Bhutan,2019.0,HPV_FEM,97.5,MUMPS,332.1
BTN,Bhutan,2019.0,IPV1,96.0,MUMPS,332.1
BTN,Bhutan,2019.0,MCV1,97.0,MUMPS,332.1
BTN,Bhutan,2019.0,MCV2,92.0,MUMPS,332.1
BTN,Bhutan,2019.0,POL3,97.0,MUMPS,332.1
BTN,Bhutan,2019.0,PRHPV1_F,90.0,MUMPS,332.1
BTN,Bhutan,2019.0,RCV1,97.0,MUMPS,332.1
BTN,Bhutan,2019.0,VAD1,94.0,MUMPS,332.1
NOR,Norway,1984.0,DTPCV1,96.0,PERTUSSIS,332.1
NOR,Norway,1984.0,DTPCV3,90.0,PERTUSSIS,332.1
NOR,Norway,1984.0,POL3,90.0,PERTUSSIS,332.1
DZA,Algeria,1992.0,BCG,93.67,MEASLES,331.3
DZA,Algeria,1992.0,DTPCV1,96.0,MEASLES,331.3
BHS,Bahamas,1986.0,DTPCV1,95.0,MEASLES,330.0
IRQ,Iraq,2004.0,BCG,91.27,MEASLES,329.3
IRQ,Iraq,2004.0,HEPB_BD,91.97,MEASLES,329.3
CUB,Cuba,1984.0,BCG,97.0,MEASLES,329.1
CUB,Cuba,1984.0,DTPCV1,95.0,MEASLES,329.1
CUB,Cuba,1984.0,POL3,96.33,MEASLES,329.1
MAR,Morocco,1993.0,BCG,93.67,MEASLES,329.1
MAR,Morocco,1993.0,DTPCV1,90.0,MEASLES,329.1
CUB,Cuba,1983.0,BCG,96.0,MEASLES,329.0
CUB,Cuba,1983.0,DTPCV1,97.5,MEASLES,329.0
CUB,Cuba,1983.0,DTPCV3,99.0,MEASLES,329.0
CUB,Cuba,1983.0,MCV1,94.0,MEASLES,329.0
CUB,Cuba,1983.0,POL3,94.33,MEASLES,329.0
CHL,Chile,2012.0,BCG,92.03,PERTUSSIS,328.9
CHL,Chile,2012.0,DTPCV1,90.21,PERTUSSIS,328.9
CHL,Chile,2012.0,PCV1,90.14,PERTUSSIS,328.9
TJK,Tajikistan,1994.0,BCG,96.1,DIPHTHERIA,328.2
TJK,Tajikistan,1994.0,DTPCV1,93.0,DIPHTHERIA,328.2
TJK,Tajikistan,1994.0,DTPCV3,90.33,DIPHTHERIA,328.2
TJK,Tajikistan,1994.0,TT2PLUS,95.0,DIPHTHERIA,328.2
SWZ,Eswatini,2003.0,DTPCV1,94.67,MEASLES,328.1
RUS,Russian Federation,1994.0,BCG,93.2,PERTUSSIS,328.0
RUS,Russian Federation,1994.0,DTPCV1,96.0,PERTUSSIS,328.0
PAN,Panama,1980.0,BCG,99.67,PERTUSSIS,327.5
SSD,South Sudan,2022.0,DTPCV1,90.39,MEASLES,327.4
CHL,Chile,2017.0,BCG,96.0,MUMPS,327.0
CHL,Chile,2017.0,DTPCV1,98.0,MUMPS,327.0
CHL,Chile,2017.0,DTPCV3,93.0,MUMPS,327.0
CHL,Chile,2017.0,HEPB3,93.0,MUMPS,327.0
CHL,Chile,2017.0,HIB3,93.0,MUMPS,327.0
CHL,Chile,2017.0,IPV1,98.0,MUMPS,327.0
CHL,Chile,2017.0,MCV1,93.0,MUMPS,327.0
CHL,Chile,2017.0,MCV2,90.21,MUMPS,327.0
CHL,Chile,2017.0,MEN_A_CONJ,94.0,MUMPS,327.0
CHL,Chile,2017.0,PCV1,98.0,MUMPS,327.0
CHL,Chile,2017.0,PCV2,96.0,MUMPS,327.0
CHL,Chile,2017.0,PCV3,93.0,MUMPS,327.0
CHL,Chile,2017.0,POL3,93.0,MUMPS,327.0
CHL,Chile,2017.0,RCV1,93.32,MUMPS,327.0
ROU,Romania,2018.0,BCG,96.63,MEASLES,326.9
ROU,Romania,2018.0,DTPCV1,94.2,MEASLES,326.9
ROU,Romania,2018.0,HEPB3,92.97,MEASLES,326.9
ROU,Romania,2018.0,HEPB_BDALL,94.3,MEASLES,326.9
ROU,Romania,2018.0,IPV1,94.0,MEASLES,326.9
RWA,Rwanda,2002.0,DTPCV1,95.0,MEASLES,325.9
ECU,Ecuador,1993.0,BCG,99.0,MEASLES,325.2
ECU,Ecuador,1993.0,DTPCV1,97.0,MEASLES,325.2
MNE,Montenegro,2018.0,BCG,92.85,MEASLES,324.8
MNE,Montenegro,2018.0,DIPHCV6,90.9,MEASLES,324.8
MNE,Montenegro,2018.0,DTPCV1,94.28,MEASLES,324.8
MNE,Montenegro,2018.0,IPV1,94.29,MEASLES,324.8
MNE,Montenegro,2018.0,TTCV6,90.9,MEASLES,324.8
NPL,Nepal,2017.0,BCG,93.77,PERTUSSIS,324.6
NPL,Nepal,2017.0,DTPCV1,93.91,PERTUSSIS,324.6
KEN,Kenya,1990.0,DTPCV1,92.0,PERTUSSIS,323.4
CUB,Cuba,1986.0,BCG,98.33,MEASLES,323.3
CUB,Cuba,1986.0,DTPCV1,98.5,MEASLES,323.3
CUB,Cuba,1986.0,DTPCV3,99.0,MEASLES,323.3
CUB,Cuba,1986.0,POL3,99.33,MEASLES,323.3
PRT,Portugal,1994.0,DTPCV1,98.0,MEASLES,323.0
PRT,Portugal,1994.0,DTPCV3,97.0,MEASLES,323.0
PRT,Portugal,1994.0,MCV1,91.0,MEASLES,323.0
PRT,Portugal,1994.0,POL3,96.0,MEASLES,323.0
PRT,Portugal,1994.0,RCV1,91.0,MEASLES,323.0
PRT,Portugal,1994.0,TT2PLUS,97.0,MEASLES,323.0
ECU,Ecuador,1994.0,BCG,99.0,MEASLES,322.5
ECU,Ecuador,1994.0,DTPCV1,96.5,MEASLES,322.5
MRT,Mauritania,2002.0,BCG,98.33,MEASLES,322.4
MRT,Mauritania,2002.0,DTPCV1,98.0,MEASLES,322.4
TJK,Tajikistan,2003.0,BCG,98.67,MEASLES,322.0
TJK,Tajikistan,2003.0,DTPCV1,96.0,MEASLES,322.0
TJK,Tajikistan,2003.0,DTPCV3,92.33,MEASLES,322.0
TJK,Tajikistan,2003.0,MCV1,95.33,MEASLES,322.0
TJK,Tajikistan,2003.0,MCV2,94.0,MEASLES,322.0
DOM,Dominican Republic,2000.0,BCG,90.03,MUMPS,321.5
DOM,Dominican Republic,2000.0,DTPCV1,93.0,MUMPS,321.5
JPN,Japan,2013.0,BCG,92.93,MUMPS,321.0
JPN,Japan,2013.0,DTPCV1,98.0,MUMPS,321.0
JPN,Japan,2013.0,DTPCV3,96.0,MUMPS,321.0
JPN,Japan,2013.0,HIB3,99.0,MUMPS,321.0
JPN,Japan,2013.0,MCV1,95.2,MUMPS,321.0
JPN,Japan,2013.0,MCV2,92.87,MUMPS,321.0
JPN,Japan,2013.0,PCV3,98.0,MUMPS,321.0
JPN,Japan,2013.0,POL3,98.8,MUMPS,321.0
JPN,Japan,2013.0,RCV1,95.2,MUMPS,321.0
KEN,Kenya,1998.0,DTPCV1,93.0,MEASLES,320.6
ROU,Romania,2005.0,BCG,98.17,RUBELLA,320.6
ROU,Romania,2005.0,DTPCV1,97.0,RUBELLA,320.6
ROU,Romania,2005.0,DTPCV3,97.0,RUBELLA,320.6
ROU,Romania,2005.0,HEPB3,98.0,RUBELLA,320.6
ROU,Romania,2005.0,HEPB_BD,99.47,RUBELLA,320.6
ROU,Romania,2005.0,MCV1,97.0,RUBELLA,320.6
ROU,Romania,2005.0,MCV2,96.0,RUBELLA,320.6
ROU,Romania,2005.0,POL3,97.0,RUBELLA,320.6
ROU,Romania,2005.0,RCV1,95.67,RUBELLA,320.6
TJK,Tajikistan,1999.0,BCG,98.0,MUMPS,320.5
TJK,Tajikistan,1999.0,DTPCV1,93.5,MUMPS,320.5
TJK,Tajikistan,1999.0,DTPCV3,91.33,MUMPS,320.5
TJK,Tajikistan,1999.0,POL3,92.0,MUMPS,320.5
ARM,Armenia,2001.0,BCG,96.27,MUMPS,320.0
ARM,Armenia,2001.0,DTPCV1,98.0,MUMPS,320.0
ARM,Armenia,2001.0,DTPCV3,93.8,MUMPS,320.0
ARM,Armenia,2001.0,HEPB_BD,96.27,MUMPS,320.0
ARM,Armenia,2001.0,MCV1,94.67,MUMPS,320.0
ARM,Armenia,2001.0,MCV2,96.2,MUMPS,320.0
ARM,Armenia,2001.0,POL3,96.87,MUMPS,320.0
UKR,Ukraine,2006.0,BCG,97.0,RUBELLA,319.5
UKR,Ukraine,2006.0,DTPCV1,98.33,RUBELLA,319.5
UKR,Ukraine,2006.0,DTPCV3,97.0,RUBELLA,319.5
UKR,Ukraine,2006.0,HEPB3,95.0,RUBELLA,319.5
UKR,Ukraine,2006.0,MCV1,98.0,RUBELLA,319.5
UKR,Ukraine,2006.0,MCV2,98.3,RUBELLA,319.5
UKR,Ukraine,2006.0,POL3,96.67,RUBELLA,319.5
UKR,Ukraine,2006.0,RCV1,98.3,RUBELLA,319.5
GRC,Greece,1980.0,BCG,95.0,PERTUSSIS,319.4
GRC,Greece,1980.0,POL3,90.0,PERTUSSIS,319.4
ROU,Romania,1999.0,BCG,99.45,RUBELLA,319.2
ROU,Romania,1999.0,DTPCV1,99.0,RUBELLA,319.2
ROU,Romania,1999.0,DTPCV3,97.2,RUBELLA,319.2
ROU,Romania,1999.0,HEPB3,99.23,RUBELLA,319.2
ROU,Romania,1999.0,MCV1,98.1,RUBELLA,319.2
ROU,Romania,1999.0,MCV2,96.0,RUBELLA,319.2
ROU,Romania,1999.0,POL3,97.8,RUBELLA,319.2
BWA,Botswana,1995.0,DTPCV1,98.0,MEASLES,318.9
PAN,Panama,1999.0,BCG,99.0,RUBELLA,318.8
PAN,Panama,1999.0,DTPCV1,96.0,RUBELLA,318.8
PAN,Panama,1999.0,DTPCV3,92.0,RUBELLA,318.8
PAN,Panama,1999.0,MCV1,90.0,RUBELLA,318.8
PAN,Panama,1999.0,POL3,94.0,RUBELLA,318.8
PAN,Panama,1999.0,RCV1,90.0,RUBELLA,318.8
STP,Sao Tome and Principe,1981.0,BCG,95.0,PERTUSSIS,318.0
GMB,Gambia,1992.0,BCG,94.0,MEASLES,317.7
GMB,Gambia,1992.0,DTPCV1,97.0,MEASLES,317.7
OMN,Oman,1997.0,BCG,96.0,PERTUSSIS,316.8
OMN,Oman,1997.0,DTPCV1,99.0,PERTUSSIS,316.8
OMN,Oman,1997.0,DTPCV3,99.0,PERTUSSIS,316.8
OMN,Oman,1997.0,HEPB3,99.67,PERTUSSIS,316.8
OMN,Oman,1997.0,MCV1,98.0,PERTUSSIS,316.8
OMN,Oman,1997.0,PAB,94.0,PERTUSSIS,316.8
OMN,Oman,1997.0,POL3,99.0,PERTUSSIS,316.8
OMN,Oman,1997.0,RCV1,98.0,PERTUSSIS,316.8
OMN,Oman,1997.0,TT2PLUS,98.0,PERTUSSIS,316.8
NOR,Norway,1985.0,DTPCV1,95.0,MEASLES,316.0
NOR,Norway,1985.0,MCV1,90.0,MEASLES,316.0
NOR,Norway,1985.0,POL3,90.0,MEASLES,316.0
NOR,Norway,1985.0,RCV1,90.0,MEASLES,316.0
WLF,Wallis and Futuna,1984.0,DTPCV3,94.0,MEASLES,315.8
WLF,Wallis and Futuna,1984.0,POL3,94.0,MEASLES,315.8
ALB,Albania,1999.0,DTPCV1,98.0,MUMPS,315.5
ALB,Albania,1999.0,DTPCV3,97.0,MUMPS,315.5
ALB,Albania,1999.0,HEPB3,94.97,MUMPS,315.5
ALB,Albania,1999.0,POL3,97.13,MUMPS,315.5
TTO,Trinidad and Tobago,1988.0,DTPCV1,94.0,MEASLES,315.4
SVK,Slovakia,2015.0,DTPCV1,99.0,MUMPS,314.9
SVK,Slovakia,2015.0,DTPCV3,96.0,MUMPS,314.9
SVK,Slovakia,2015.0,HEPB3,96.0,MUMPS,314.9
SVK,Slovakia,2015.0,HIB3,96.0,MUMPS,314.9
SVK,Slovakia,2015.0,IPV1,99.0,MUMPS,314.9
SVK,Slovakia,2015.0,MCV1,95.13,MUMPS,314.9
SVK,Slovakia,2015.0,MCV2,97.73,MUMPS,314.9
SVK,Slovakia,2015.0,PCV3,95.8,MUMPS,314.9
SVK,Slovakia,2015.0,POL3,96.0,MUMPS,314.9
SVK,Slovakia,2015.0,RCV1,95.13,MUMPS,314.9
AUS,Australia,1994.0,DTPCV1,96.0,PERTUSSIS,314.7
BWA,Botswana,2005.0,BCG,99.0,RUBELLA,314.7
BWA,Botswana,2005.0,DTPCV1,98.0,RUBELLA,314.7
BWA,Botswana,2005.0,DTPCV3,96.0,RUBELLA,314.7
BWA,Botswana,2005.0,HEPB3,92.0,RUBELLA,314.7
BWA,Botswana,2005.0,MCV1,93.0,RUBELLA,314.7
BWA,Botswana,2005.0,POL3,96.0,RUBELLA,314.7
COL,Colombia,1991.0,BCG,95.0,MEASLES,313.9
COL,Colombia,1991.0,DTPCV1,94.5,MEASLES,313.9
COL,Colombia,1991.0,POL3,91.0,MEASLES,313.9
ISR,Israel,2011.0,DTPCV1,94.0,PERTUSSIS,313.9
ISR,Israel,2011.0,DTPCV3,94.0,PERTUSSIS,313.9
ISR,Israel,2011.0,HEPB3,98.0,PERTUSSIS,313.9
ISR,Israel,2011.0,HEPB_BD,98.0,PERTUSSIS,313.9
ISR,Israel,2011.0,HIB3,94.0,PERTUSSIS,313.9
ISR,Israel,2011.0,MCV1,97.0,PERTUSSIS,313.9
ISR,Israel,2011.0,MCV2,90.33,PERTUSSIS,313.9
ISR,Israel,2011.0,PCV3,92.0,PERTUSSIS,313.9
ISR,Israel,2011.0,POL3,94.0,PERTUSSIS,313.9
ISR,Israel,2011.0,RCV1,97.0,PERTUSSIS,313.9
BRA,Brazil,1997.0,BCG,99.67,MEASLES,313.7
BRA,Brazil,1997.0,DTPCV1,99.0,MEASLES,313.7
BRA,Brazil,1997.0,MCV1,99.67,MEASLES,313.7
MHL,Marshall Islands,1990.0,DTPCV1,97.0,MEASLES,313.7
MHL,Marshall Islands,1990.0,DTPCV3,92.0,MEASLES,313.7
FIN,Finland,2004.0,BCG,98.0,PERTUSSIS,312.0
FIN,Finland,2004.0,DTPCV1,98.0,PERTUSSIS,312.0
FIN,Finland,2004.0,DTPCV3,98.0,PERTUSSIS,312.0
FIN,Finland,2004.0,HIB3,96.0,PERTUSSIS,312.0
FIN,Finland,2004.0,MCV1,97.0,PERTUSSIS,312.0
FIN,Finland,2004.0,POL3,96.0,PERTUSSIS,312.0
FIN,Finland,2004.0,RCV1,97.0,PERTUSSIS,312.0
THA,Thailand,1993.0,BCG,94.33,MEASLES,310.9
THA,Thailand,1993.0,DTPCV1,96.0,MEASLES,310.9
BTN,Bhutan,2010.0,BCG,95.67,MUMPS,310.7
BTN,Bhutan,2010.0,DTPCV1,94.0,MUMPS,310.7
BTN,Bhutan,2010.0,DTPCV3,92.33,MUMPS,310.7
BTN,Bhutan,2010.0,HEPB3,92.33,MUMPS,310.7
BTN,Bhutan,2010.0,MCV1,95.0,MUMPS,310.7
BTN,Bhutan,2010.0,POL3,93.0,MUMPS,310.7
BTN,Bhutan,2010.0,PRHPV1_F,91.0,MUMPS,310.7
BTN,Bhutan,2010.0,PRHPVC_F,95.0,MUMPS,310.7
BTN,Bhutan,2010.0,RCV1,95.0,MUMPS,310.7
KAZ,Kazakhstan,2001.0,BCG,96.1,MUMPS,310.3
KAZ,Kazakhstan,2001.0,DTPCV1,96.2,MUMPS,310.3
KAZ,Kazakhstan,2001.0,DTPCV3,95.27,MUMPS,310.3
KAZ,Kazakhstan,2001.0,HEPB3,95.5,MUMPS,310.3
KAZ,Kazakhstan,2001.0,HEPB_BD,95.8,MUMPS,310.3
KAZ,Kazakhstan,2001.0,MCV1,95.0,MUMPS,310.3
KAZ,Kazakhstan,2001.0,MCV2,96.6,MUMPS,310.3
KAZ,Kazakhstan,2001.0,POL3,95.57,MUMPS,310.3
IRL,Ireland,2008.0,DTPCV1,97.0,MUMPS,309.4
IRL,Ireland,2008.0,DTPCV3,93.0,MUMPS,309.4
IRL,Ireland,2008.0,HIB3,93.0,MUMPS,309.4
IRL,Ireland,2008.0,POL3,93.0,MUMPS,309.4
TZA,United Republic of Tanzania,1998.0,DTPCV1,96.0,MEASLES,309.2
PRT,Portugal,1999.0,DTPCV1,98.0,MUMPS,308.7
PRT,Portugal,1999.0,DTPCV3,97.0,MUMPS,308.7
PRT,Portugal,1999.0,HIB3,91.0,MUMPS,308.7
PRT,Portugal,1999.0,MCV1,92.0,MUMPS,308.7
PRT,Portugal,1999.0,POL3,96.0,MUMPS,308.7
PRT,Portugal,1999.0,RCV1,92.0,MUMPS,308.7
KOR,Republic of Korea,2019.0,BCG,98.18,MUMPS,308.3
KOR,Republic of Korea,2019.0,DIPHCV4,96.24,MUMPS,308.3
KOR,Republic of Korea,2019.0,DIPHCV5,94.74,MUMPS,308.3
KOR,Republic of Korea,2019.0,DTPCV1,98.1,MUMPS,308.3
KOR,Republic of Korea,2019.0,DTPCV3,97.76,MUMPS,308.3
KOR,Republic of Korea,2019.0,HEPB3,97.78,MUMPS,308.3
KOR,Republic of Korea,2019.0,HEPB_BD,92.6,MUMPS,308.3
KOR,Republic of Korea,2019.0,HEPB_BDALL,98.22,MUMPS,308.3
KOR,Republic of Korea,2019.0,HIB3,97.7,MUMPS,308.3
KOR,Republic of Korea,2019.0,IPV1,98.05,MUMPS,308.3
KOR,Republic of Korea,2019.0,JAPENC,95.29,MUMPS,308.3
KOR,Republic of Korea,2019.0,MCV1,97.77,MUMPS,308.3
KOR,Republic of Korea,2019.0,MCV2,96.34,MUMPS,308.3
KOR,Republic of Korea,2019.0,PCV1,98.07,MUMPS,308.3
KOR,Republic of Korea,2019.0,PCV2,97.78,MUMPS,308.3
KOR,Republic of Korea,2019.0,PCV3,97.05,MUMPS,308.3
KOR,Republic of Korea,2019.0,PERCV4,96.24,MUMPS,308.3
KOR,Republic of Korea,2019.0,POL3,97.71,MUMPS,308.3
KOR,Republic of Korea,2019.0,RCV1,97.77,MUMPS,308.3
KOR,Republic of Korea,2019.0,TTCV4,96.24,MUMPS,308.3
KOR,Republic of Korea,2019.0,TTCV5,94.74,MUMPS,308.3
CZE,Czechia,2002.0,BCG,97.0,RUBELLA,308.2
CZE,Czechia,2002.0,DTPCV1,99.0,RUBELLA,308.2
CZE,Czechia,2002.0,DTPCV3,97.8,RUBELLA,308.2
CZE,Czechia,2002.0,HIB3,95.13,RUBELLA,308.2
CZE,Czechia,2002.0,MCV1,98.0,RUBELLA,308.2
CZE,Czechia,2002.0,MCV2,98.0,RUBELLA,308.2
CZE,Czechia,2002.0,POL3,97.07,RUBELLA,308.2
CZE,Czechia,2002.0,RCV1,98.0,RUBELLA,308.2
POL,Poland,1983.0,BCG,95.0,MEASLES,308.2
POL,Poland,1983.0,DTPCV1,98.0,MEASLES,308.2
POL,Poland,1983.0,DTPCV3,95.0,MEASLES,308.2
POL,Poland,1983.0,MCV1,94.0,MEASLES,308.2
POL,Poland,1983.0,POL3,95.0,MEASLES,308.2
LBN,Lebanon,2013.0,DTPCV1,98.33,MEASLES,306.6
LBN,Lebanon,2013.0,DTPCV3,93.27,MEASLES,306.6
LBN,Lebanon,2013.0,HEPB3,92.13,MEASLES,306.6
LBN,Lebanon,2013.0,HEPB_BD,93.33,MEASLES,306.6
LBN,Lebanon,2013.0,HIB3,93.8,MEASLES,306.6
LBN,Lebanon,2013.0,MCV1,93.34,MEASLES,306.6
LBN,Lebanon,2013.0,POL3,93.57,MEASLES,306.6
LBN,Lebanon,2013.0,RCV1,93.34,MEASLES,306.6
CYM,Cayman Islands,1983.0,DTPCV3,100.0,PERTUSSIS,306.2
CYM,Cayman Islands,1983.0,MCV1,99.0,PERTUSSIS,306.2
CYM,Cayman Islands,1983.0,POL3,100.0,PERTUSSIS,306.2
ISR,Israel,2008.0,DTPCV1,94.0,PERTUSSIS,306.2
ISR,Israel,2008.0,DTPCV3,94.0,PERTUSSIS,306.2
ISR,Israel,2008.0,HEPB3,99.0,PERTUSSIS,306.2
ISR,Israel,2008.0,HEPB_BD,99.0,PERTUSSIS,306.2
ISR,Israel,2008.0,HIB3,94.0,PERTUSSIS,306.2
ISR,Israel,2008.0,MCV1,98.0,PERTUSSIS,306.2
ISR,Israel,2008.0,MCV2,91.0,PERTUSSIS,306.2
ISR,Israel,2008.0,POL3,94.0,PERTUSSIS,306.2
ISR,Israel,2008.0,RCV1,98.0,PERTUSSIS,306.2
AUT,Austria,2023.0,DTPCV1,91.0,PERTUSSIS,305.6
AUT,Austria,2023.0,IPV1,92.0,PERTUSSIS,305.6
AUT,Austria,2023.0,MCV1,95.0,PERTUSSIS,305.6
AUT,Austria,2023.0,MCV2,94.0,PERTUSSIS,305.6
AUT,Austria,2023.0,RCV1,95.0,PERTUSSIS,305.6
EST,Estonia,2007.0,BCG,98.0,PERTUSSIS,305.1
EST,Estonia,2007.0,DTPCV1,98.0,PERTUSSIS,305.1
EST,Estonia,2007.0,DTPCV3,95.0,PERTUSSIS,305.1
EST,Estonia,2007.0,HEPB3,95.0,PERTUSSIS,305.1
EST,Estonia,2007.0,HIB3,95.0,PERTUSSIS,305.1
EST,Estonia,2007.0,MCV1,96.0,PERTUSSIS,305.1
EST,Estonia,2007.0,MCV2,96.33,PERTUSSIS,305.1
EST,Estonia,2007.0,POL3,95.0,PERTUSSIS,305.1
EST,Estonia,2007.0,RCV1,96.0,PERTUSSIS,305.1
SWE,Sweden,2000.0,DTPCV1,99.0,PERTUSSIS,304.9
SWE,Sweden,2000.0,DTPCV3,99.0,PERTUSSIS,304.9
SWE,Sweden,2000.0,HIB3,98.05,PERTUSSIS,304.9
SWE,Sweden,2000.0,MCV1,91.0,PERTUSSIS,304.9
SWE,Sweden,2000.0,MCV2,94.1,PERTUSSIS,304.9
SWE,Sweden,2000.0,POL3,99.0,PERTUSSIS,304.9
SWE,Sweden,2000.0,RCV1,91.0,PERTUSSIS,304.9
AND,Andorra,2015.0,DTPCV1,99.0,PERTUSSIS,304.8
AND,Andorra,2015.0,DTPCV3,96.96,PERTUSSIS,304.8
AND,Andorra,2015.0,HEPB3,94.21,PERTUSSIS,304.8
AND,Andorra,2015.0,HEPB_BD,93.75,PERTUSSIS,304.8
AND,Andorra,2015.0,HIB3,96.96,PERTUSSIS,304.8
AND,Andorra,2015.0,IPV1,99.0,PERTUSSIS,304.8
AND,Andorra,2015.0,MCV1,95.97,PERTUSSIS,304.8
AND,Andorra,2015.0,PCV3,92.02,PERTUSSIS,304.8
AND,Andorra,2015.0,POL3,96.96,PERTUSSIS,304.8
AND,Andorra,2015.0,RCV1,95.97,PERTUSSIS,304.8
ARG,Argentina,1985.0,BCG,90.0,MEASLES,304.6
SGP,Singapore,1981.0,DTPCV1,95.0,MEASLES,304.5
KGZ,Kyrgyzstan,1999.0,BCG,98.93,MUMPS,303.5
KGZ,Kyrgyzstan,1999.0,DTPCV1,99.0,MUMPS,303.5
KGZ,Kyrgyzstan,1999.0,DTPCV3,99.13,MUMPS,303.5
KGZ,Kyrgyzstan,1999.0,MCV1,98.6,MUMPS,303.5
KGZ,Kyrgyzstan,1999.0,MCV2,99.0,MUMPS,303.5
KGZ,Kyrgyzstan,1999.0,POL3,99.17,MUMPS,303.5
COL,Colombia,2019.0,DTPCV1,95.0,MUMPS,303.1
COL,Colombia,2019.0,DTPCV3,94.0,MUMPS,303.1
COL,Colombia,2019.0,HEPB3,92.0,MUMPS,303.1
COL,Colombia,2019.0,HIB3,92.0,MUMPS,303.1
COL,Colombia,2019.0,IPV1,95.0,MUMPS,303.1
COL,Colombia,2019.0,MCV1,95.0,MUMPS,303.1
COL,Colombia,2019.0,PAB,95.0,MUMPS,303.1
COL,Colombia,2019.0,PCV1,96.0,MUMPS,303.1
COL,Colombia,2019.0,PCV2,95.0,MUMPS,303.1
COL,Colombia,2019.0,PCV3,93.0,MUMPS,303.1
COL,Colombia,2019.0,POL3,94.0,MUMPS,303.1
COL,Colombia,2019.0,RCV1,95.0,MUMPS,303.1
COL,Colombia,2019.0,ROTA1,92.0,MUMPS,303.1
COL,Colombia,2019.0,ROTAC,95.0,MUMPS,303.1
COL,Colombia,2019.0,YFV,90.0,MUMPS,303.1
AUS,Australia,2000.0,DTPCV1,96.0,PERTUSSIS,302.9
AUS,Australia,2000.0,DTPCV3,90.0,PERTUSSIS,302.9
AUS,Australia,2000.0,HIB3,90.0,PERTUSSIS,302.9
AUS,Australia,2000.0,MCV1,91.0,PERTUSSIS,302.9
AUS,Australia,2000.0,POL3,90.0,PERTUSSIS,302.9
AUS,Australia,2000.0,RCV1,91.0,PERTUSSIS,302.9
BTN,Bhutan,1997.0,BCG,92.0,MEASLES,302.5
BTN,Bhutan,1997.0,DTPCV1,95.0,MEASLES,302.5
ESP,Spain,1993.0,DTPCV1,95.0,MEASLES,302.3
ESP,Spain,1993.0,MCV1,90.0,MEASLES,302.3
ESP,Spain,1993.0,RCV1,90.0,MEASLES,302.3
CHL,Chile,1998.0,BCG,92.0,RUBELLA,302.2
CHL,Chile,1998.0,DTPCV1,94.5,RUBELLA,302.2
CHL,Chile,1998.0,DTPCV3,90.0,RUBELLA,302.2
CHL,Chile,1998.0,HIB3,90.0,RUBELLA,302.2
CHL,Chile,1998.0,MCV1,98.0,RUBELLA,302.2
CHL,Chile,1998.0,POL3,90.0,RUBELLA,302.2
CHL,Chile,1998.0,RCV1,98.0,RUBELLA,302.2
ARG,Argentina,2008.0,BCG,99.0,MUMPS,301.8
ARG,Argentina,2008.0,DTPCV1,97.13,MUMPS,301.8
ARG,Argentina,2008.0,DTPCV3,93.0,MUMPS,301.8
ARG,Argentina,2008.0,HIB3,93.0,MUMPS,301.8
ARG,Argentina,2008.0,MCV1,96.47,MUMPS,301.8
ARG,Argentina,2008.0,POL3,93.8,MUMPS,301.8
ARG,Argentina,2008.0,RCV1,96.81,MUMPS,301.8
ITA,Italy,1986.0,POL3,95.0,PERTUSSIS,301.6
COK,Cook Islands,1986.0,DTPCV1,95.0,MEASLES,301.2
NLD,Netherlands (Kingdom of the),2000.0,DTPCV1,99.0,PERTUSSIS,301.1
NLD,Netherlands (Kingdom of the),2000.0,DTPCV3,97.13,PERTUSSIS,301.1
NLD,Netherlands (Kingdom of the),2000.0,HIB3,95.73,PERTUSSIS,301.1
NLD,Netherlands (Kingdom of the),2000.0,MCV1,95.73,PERTUSSIS,301.1
NLD,Netherlands (Kingdom of the),2000.0,MCV2,96.0,PERTUSSIS,301.1
NLD,Netherlands (Kingdom of the),2000.0,POL3,97.13,PERTUSSIS,301.1
NLD,Netherlands (Kingdom of the),2000.0,RCV1,96.0,PERTUSSIS,301.1
PYF,French Polynesia,1997.0,BCG,98.0,PERTUSSIS,301.1
PYF,French Polynesia,1997.0,DTPCV3,98.0,PERTUSSIS,301.1
PYF,French Polynesia,1997.0,MCV1,98.0,PERTUSSIS,301.1
KIR,Kiribati,1982.0,BCG,91.0,PERTUSSIS,300.9
BGR,Bulgaria,2009.0,BCG,97.87,MEASLES,300.3
BGR,Bulgaria,2009.0,DTPCV1,95.87,MEASLES,300.3
BGR,Bulgaria,2009.0,DTPCV3,94.07,MEASLES,300.3
BGR,Bulgaria,2009.0,HEPB3,95.73,MEASLES,300.3
BGR,Bulgaria,2009.0,HEPB_BD,98.27,MEASLES,300.3
BGR,Bulgaria,2009.0,MCV1,96.03,MEASLES,300.3
BGR,Bulgaria,2009.0,MCV2,92.87,MEASLES,300.3
BGR,Bulgaria,2009.0,POL3,94.2,MEASLES,300.3
BGR,Bulgaria,2009.0,RCV1,96.07,MEASLES,300.3
TGO,Togo,1988.0,BCG,94.33,PERTUSSIS,300.3
KHM,Cambodia,2008.0,BCG,98.0,MEASLES,299.6
KHM,Cambodia,2008.0,BCG,98.0,RUBELLA,299.6
KHM,Cambodia,2008.0,DTPCV1,95.0,MEASLES,299.6
KHM,Cambodia,2008.0,DTPCV1,95.0,RUBELLA,299.6
KHM,Cambodia,2008.0,DTPCV3,91.0,MEASLES,299.6
KHM,Cambodia,2008.0,DTPCV3,91.0,RUBELLA,299.6
KHM,Cambodia,2008.0,HEPB3,91.0,MEASLES,299.6
KHM,Cambodia,2008.0,HEPB3,91.0,RUBELLA,299.6
KHM,Cambodia,2008.0,POL3,91.0,MEASLES,299.6
KHM,Cambodia,2008.0,POL3,91.0,RUBELLA,299.6
BIH,Bosnia and Herzegovina,1999.0,BCG,99.23,MUMPS,299.5
BIH,Bosnia and Herzegovina,1999.0,DTPCV1,90.0,MUMPS,299.5
BIH,Bosnia and Herzegovina,1999.0,DTPCV3,92.0,MUMPS,299.5
BIH,Bosnia and Herzegovina,1999.0,POL3,91.8,MUMPS,299.5
NPL,Nepal,2022.0,BCG,96.0,MUMPS,299.4
NPL,Nepal,2022.0,DTPCV1,96.33,MUMPS,299.4
NPL,Nepal,2022.0,DTPCV3,91.67,MUMPS,299.4
NPL,Nepal,2022.0,HEPB3,91.67,MUMPS,299.4
NPL,Nepal,2022.0,HIB3,91.67,MUMPS,299.4
NPL,Nepal,2022.0,IPV1_FRAC,94.0,MUMPS,299.4
NPL,Nepal,2022.0,JAPENC,91.5,MUMPS,299.4
NPL,Nepal,2022.0,MCV1,91.67,MUMPS,299.4
NPL,Nepal,2022.0,PAB,91.0,MUMPS,299.4
NPL,Nepal,2022.0,PCV1,95.5,MUMPS,299.4
NPL,Nepal,2022.0,PCV2,93.5,MUMPS,299.4
NPL,Nepal,2022.0,RCV1,91.67,MUMPS,299.4
NPL,Nepal,2022.0,ROTA1,90.5,MUMPS,299.4
THA,Thailand,2009.0,BCG,99.45,MUMPS,299.2
THA,Thailand,2009.0,DTPCV1,99.4,MUMPS,299.2
THA,Thailand,2009.0,DTPCV3,98.85,MUMPS,299.2
THA,Thailand,2009.0,HEPB3,98.15,MUMPS,299.2
THA,Thailand,2009.0,HEPB_BD,99.9,MUMPS,299.2
THA,Thailand,2009.0,JAPENC,94.6,MUMPS,299.2
THA,Thailand,2009.0,MCV1,98.05,MUMPS,299.2
THA,Thailand,2009.0,MCV2,91.1,MUMPS,299.2
THA,Thailand,2009.0,PAB,91.0,MUMPS,299.2
THA,Thailand,2009.0,POL3,98.85,MUMPS,299.2
THA,Thailand,2009.0,RCV1,98.0,MUMPS,299.2
THA,Thailand,2009.0,TT2PLUS,96.7,MUMPS,299.2
QAT,Qatar,2007.0,BCG,96.0,MEASLES,298.7
QAT,Qatar,2007.0,DTPCV1,96.0,MEASLES,298.7
QAT,Qatar,2007.0,DTPCV3,94.0,MEASLES,298.7
QAT,Qatar,2007.0,HEPB3,94.0,MEASLES,298.7
QAT,Qatar,2007.0,HEPB_BD,93.13,MEASLES,298.7
QAT,Qatar,2007.0,HIB3,94.0,MEASLES,298.7
QAT,Qatar,2007.0,MCV1,92.0,MEASLES,298.7
QAT,Qatar,2007.0,POL3,97.0,MEASLES,298.7
QAT,Qatar,2007.0,RCV1,92.12,MEASLES,298.7
LTU,Lithuania,2019.0,DIPHCV5,92.9,MEASLES,298.4
LTU,Lithuania,2019.0,DIPHCV6,95.4,MEASLES,298.4
LTU,Lithuania,2019.0,DTPCV1,95.67,MEASLES,298.4
LTU,Lithuania,2019.0,DTPCV3,92.07,MEASLES,298.4
LTU,Lithuania,2019.0,HEPB3,92.0,MEASLES,298.4
LTU,Lithuania,2019.0,HEPB_BD,96.0,MEASLES,298.4
LTU,Lithuania,2019.0,HIB3,92.07,MEASLES,298.4
LTU,Lithuania,2019.0,IPV1,95.67,MEASLES,298.4
LTU,Lithuania,2019.0,MCV1,92.8,MEASLES,298.4
LTU,Lithuania,2019.0,MCV2,93.13,MEASLES,298.4
LTU,Lithuania,2019.0,POL3,92.07,MEASLES,298.4
LTU,Lithuania,2019.0,RCV1,92.8,MEASLES,298.4
LTU,Lithuania,2019.0,TTCV5,92.9,MEASLES,298.4
LTU,Lithuania,2019.0,TTCV6,95.4,MEASLES,298.4
MHL,Marshall Islands,1989.0,DTPCV1,97.0,MEASLES,298.3
MHL,Marshall Islands,1989.0,DTPCV3,92.0,MEASLES,298.3
SVN,Slovenia,2010.0,DTPCV1,98.0,PERTUSSIS,298.3
SVN,Slovenia,2010.0,DTPCV3,96.0,PERTUSSIS,298.3
SVN,Slovenia,2010.0,HIB3,96.0,PERTUSSIS,298.3
SVN,Slovenia,2010.0,MCV1,95.0,PERTUSSIS,298.3
SVN,Slovenia,2010.0,MCV2,96.2,PERTUSSIS,298.3
SVN,Slovenia,2010.0,POL3,96.0,PERTUSSIS,298.3
SVN,Slovenia,2010.0,RCV1,95.0,PERTUSSIS,298.3
MYS,Malaysia,1986.0,BCG,96.13,MEASLES,298.2
ISR,Israel,1994.0,DTPCV1,98.0,MEASLES,298.1
ISR,Israel,1994.0,DTPCV3,95.0,MEASLES,298.1
ISR,Israel,1994.0,HEPB3,92.0,MEASLES,298.1
ISR,Israel,1994.0,HIB3,92.0,MEASLES,298.1
ISR,Israel,1994.0,MCV1,92.0,MEASLES,298.1
ISR,Israel,1994.0,POL3,97.0,MEASLES,298.1
ISR,Israel,1994.0,TT2PLUS,92.0,MEASLES,298.1
ITA,Italy,1990.0,DTPCV1,94.0,PERTUSSIS,297.9
ITA,Italy,1990.0,POL3,98.0,PERTUSSIS,297.9
MNG,Mongolia,1991.0,DTPCV1,93.0,MEASLES,297.8
ESP,Spain,2013.0,DTPCV1,98.0,MUMPS,297.7
ESP,Spain,2013.0,DTPCV3,95.73,MUMPS,297.7
ESP,Spain,2013.0,HEPB3,95.13,MUMPS,297.7
ESP,Spain,2013.0,HIB3,95.73,MUMPS,297.7
ESP,Spain,2013.0,MCV1,95.2,MUMPS,297.7
ESP,Spain,2013.0,MCV2,90.8,MUMPS,297.7
ESP,Spain,2013.0,POL3,95.73,MUMPS,297.7
ESP,Spain,2013.0,RCV1,95.15,MUMPS,297.7
LSO,Lesotho,1994.0,DTPCV1,94.0,MEASLES,297.2
ZAF,South Africa,1993.0,DTPCV1,93.0,MEASLES,297.2
KIR,Kiribati,1997.0,BCG,99.5,MEASLES,297.1
KIR,Kiribati,1997.0,DTPCV1,97.0,MEASLES,297.1
KIR,Kiribati,1997.0,DTPCV3,91.0,MEASLES,297.1
KIR,Kiribati,1997.0,HEPB3,97.0,MEASLES,297.1
KIR,Kiribati,1997.0,POL3,93.0,MEASLES,297.1
COL,Colombia,2013.0,DTPCV1,91.74,PERTUSSIS,296.5
COL,Colombia,2013.0,DTPCV3,90.88,PERTUSSIS,296.5
COL,Colombia,2013.0,HEPB3,90.88,PERTUSSIS,296.5
COL,Colombia,2013.0,HIB3,91.0,PERTUSSIS,296.5
COL,Colombia,2013.0,MCV1,92.27,PERTUSSIS,296.5
COL,Colombia,2013.0,PCV2,90.1,PERTUSSIS,296.5
COL,Colombia,2013.0,POL3,90.88,PERTUSSIS,296.5
COL,Colombia,2013.0,RCV1,92.27,PERTUSSIS,296.5
COL,Colombia,2013.0,YFV,91.67,PERTUSSIS,296.5
CHE,Switzerland,1990.0,DTPCV1,96.0,MEASLES,296.4
CHE,Switzerland,1990.0,DTPCV3,90.0,MEASLES,296.4
CHE,Switzerland,1990.0,MCV1,90.0,MEASLES,296.4
CHE,Switzerland,1990.0,POL3,98.0,MEASLES,296.4
CHE,Switzerland,1990.0,RCV1,90.0,MEASLES,296.4
GNQ,Equatorial Guinea,1993.0,DTPCV1,94.0,MEASLES,296.2
KIR,Kiribati,1992.0,DTPCV1,95.0,TTETANUS,296.2
KIR,Kiribati,1992.0,POL3,90.0,TTETANUS,296.2
ARG,Argentina,2004.0,BCG,99.0,MUMPS,295.8
ARG,Argentina,2004.0,DTPCV1,97.0,MUMPS,295.8
ARG,Argentina,2004.0,DTPCV3,98.0,MUMPS,295.8
ARG,Argentina,2004.0,HIB3,98.0,MUMPS,295.8
ARG,Argentina,2004.0,MCV1,99.07,MUMPS,295.8
ARG,Argentina,2004.0,MCV2,93.0,MUMPS,295.8
ARG,Argentina,2004.0,POL3,90.87,MUMPS,295.8
ARG,Argentina,2004.0,RCV1,99.0,MUMPS,295.8
ERI,Eritrea,1999.0,DTPCV1,97.0,MUMPS,295.6
NOR,Norway,1985.0,DTPCV1,95.0,PERTUSSIS,295.5
NOR,Norway,1985.0,MCV1,90.0,PERTUSSIS,295.5
NOR,Norway,1985.0,POL3,90.0,PERTUSSIS,295.5
NOR,Norway,1985.0,RCV1,90.0,PERTUSSIS,295.5
ITA,Italy,1993.0,DTPCV1,98.0,MEASLES,295.4
ITA,Italy,1993.0,HEPB3,95.0,MEASLES,295.4
ITA,Italy,1993.0,POL3,97.0,MEASLES,295.4
GBR,United Kingdom of Great Britain and Northern Ireland,1987.0,BCG,96.0,PERTUSSIS,295.2
GBR,United Kingdom of Great Britain and Northern Ireland,1987.0,DTPCV1,90.0,PERTUSSIS,295.2
BGR,Bulgaria,2000.0,BCG,98.0,MUMPS,294.6
BGR,Bulgaria,2000.0,DTPCV1,94.63,MUMPS,294.6
BGR,Bulgaria,2000.0,DTPCV3,92.77,MUMPS,294.6
BGR,Bulgaria,2000.0,HEPB3,94.0,MUMPS,294.6
BGR,Bulgaria,2000.0,HEPB_BD,97.75,MUMPS,294.6
BGR,Bulgaria,2000.0,HIB3,90.0,MUMPS,294.6
BGR,Bulgaria,2000.0,POL3,94.0,MUMPS,294.6
ARG,Argentina,1999.0,BCG,96.0,RUBELLA,294.4
ARG,Argentina,1999.0,DTPCV1,97.5,RUBELLA,294.4
ARG,Argentina,1999.0,MCV1,97.0,RUBELLA,294.4
ARG,Argentina,1999.0,POL3,91.0,RUBELLA,294.4
ARG,Argentina,1999.0,RCV1,97.0,RUBELLA,294.4
KNA,Saint Kitts and Nevis,1989.0,DTPCV1,99.0,MEASLES,294.4
KNA,Saint Kitts and Nevis,1989.0,DTPCV3,99.33,MEASLES,294.4
KNA,Saint Kitts and Nevis,1989.0,MCV1,90.0,MEASLES,294.4
KNA,Saint Kitts and Nevis,1989.0,POL3,99.67,MEASLES,294.4
KNA,Saint Kitts and Nevis,1989.0,RCV1,90.0,MEASLES,294.4
NAM,Namibia,2022.0,BCG,92.0,MUMPS,294.2
BTN,Bhutan,1990.0,BCG,91.0,MEASLES,293.6
BTN,Bhutan,1990.0,DTPCV1,98.0,MEASLES,293.6
FRA,France,2000.0,DTPCV1,99.0,MUMPS,292.5
FRA,France,2000.0,DTPCV3,97.0,MUMPS,292.5
FRA,France,2000.0,POL3,98.0,MUMPS,292.5
NOR,Norway,1986.0,DTPCV1,94.0,MEASLES,292.5
ESP,Spain,1992.0,DTPCV1,94.0,PERTUSSIS,292.2
KNA,Saint Kitts and Nevis,1988.0,DTPCV1,97.0,MEASLES,292.2
KNA,Saint Kitts and Nevis,1988.0,DTPCV3,94.0,MEASLES,292.2
KNA,Saint Kitts and Nevis,1988.0,POL3,93.0,MEASLES,292.2
SLE,Sierra Leone,2011.0,BCG,93.84,MEASLES,292.0
SLE,Sierra Leone,2011.0,TT2PLUS,90.0,MEASLES,292.0
EST,Estonia,1999.0,BCG,99.0,MUMPS,291.4
EST,Estonia,1999.0,DTPCV1,98.0,MUMPS,291.4
EST,Estonia,1999.0,DTPCV3,91.0,MUMPS,291.4
EST,Estonia,1999.0,MCV1,92.0,MUMPS,291.4
EST,Estonia,1999.0,POL3,91.0,MUMPS,291.4
EST,Estonia,1999.0,RCV1,92.0,MUMPS,291.4
SMR,San Marino,1992.0,DTPCV1,99.0,MEASLES,290.2
SMR,San Marino,1992.0,DTPCV3,99.67,MEASLES,290.2
SMR,San Marino,1992.0,HEPB3,99.67,MEASLES,290.2
SMR,San Marino,1992.0,MCV1,99.67,MEASLES,290.2
SMR,San Marino,1992.0,POL3,99.67,MEASLES,290.2
SMR,San Marino,1992.0,TT2PLUS,100.0,MEASLES,290.2
CAN,Canada,1998.0,DTPCV1,95.0,PERTUSSIS,290.0
CAN,Canada,1998.0,DTPCV3,92.33,PERTUSSIS,290.0
CAN,Canada,1998.0,HIB3,91.33,PERTUSSIS,290.0
CAN,Canada,1998.0,MCV1,96.0,PERTUSSIS,290.0
CAN,Canada,1998.0,RCV1,96.0,PERTUSSIS,290.0
GBR,United Kingdom of Great Britain and Northern Ireland,1990.0,DTPCV1,94.0,PERTUSSIS,289.4
GBR,United Kingdom of Great Britain and Northern Ireland,1990.0,POL3,90.67,PERTUSSIS,289.4
ARG,Argentina,2006.0,BCG,99.67,MUMPS,289.3
ARG,Argentina,2006.0,DTPCV1,93.0,MUMPS,289.3
ARG,Argentina,2006.0,DTPCV3,91.27,MUMPS,289.3
ARG,Argentina,2006.0,HIB3,91.27,MUMPS,289.3
ARG,Argentina,2006.0,MCV1,97.07,MUMPS,289.3
ARG,Argentina,2006.0,MCV2,91.11,MUMPS,289.3
ARG,Argentina,2006.0,POL3,91.87,MUMPS,289.3
ARG,Argentina,2006.0,RCV1,97.0,MUMPS,289.3
ARG,Argentina,2007.0,BCG,99.0,MUMPS,289.3
ARG,Argentina,2007.0,DTPCV1,94.0,MUMPS,289.3
ARG,Argentina,2007.0,DTPCV3,91.2,MUMPS,289.3
ARG,Argentina,2007.0,HIB3,91.2,MUMPS,289.3
ARG,Argentina,2007.0,MCV1,93.87,MUMPS,289.3
ARG,Argentina,2007.0,POL3,91.87,MUMPS,289.3
ARG,Argentina,2007.0,RCV1,94.0,MUMPS,289.3
KEN,Kenya,1999.0,BCG,91.95,MEASLES,289.3
ALB,Albania,2004.0,BCG,97.27,MUMPS,289.2
ALB,Albania,2004.0,DTPCV1,98.07,MUMPS,289.2
ALB,Albania,2004.0,DTPCV3,97.2,MUMPS,289.2
ALB,Albania,2004.0,HEPB3,98.87,MUMPS,289.2
ALB,Albania,2004.0,HEPB_BD,98.8,MUMPS,289.2
ALB,Albania,2004.0,MCV1,96.13,MUMPS,289.2
ALB,Albania,2004.0,MCV2,95.8,MUMPS,289.2
ALB,Albania,2004.0,POL3,97.87,MUMPS,289.2
ALB,Albania,2004.0,RCV1,96.13,MUMPS,289.2
CAN,Canada,1990.0,DTPCV1,96.0,PERTUSSIS,289.0
DZA,Algeria,1995.0,BCG,93.0,MEASLES,288.2
DZA,Algeria,1995.0,DTPCV1,96.0,MEASLES,288.2
WSM,Samoa,2022.0,BCG,96.02,TYPHOID,288.0
WSM,Samoa,2022.0,DTPCV1,96.89,TYPHOID,288.0
WSM,Samoa,2022.0,HEPB_BD,92.74,TYPHOID,288.0
WSM,Samoa,2022.0,ROTA1,90.94,TYPHOID,288.0
SVK,Slovakia,2014.0,DTPCV1,99.0,MUMPS,287.9
SVK,Slovakia,2014.0,DTPCV3,96.87,MUMPS,287.9
SVK,Slovakia,2014.0,HEPB3,96.87,MUMPS,287.9
SVK,Slovakia,2014.0,HIB3,96.87,MUMPS,287.9
SVK,Slovakia,2014.0,MCV1,96.73,MUMPS,287.9
SVK,Slovakia,2014.0,MCV2,98.07,MUMPS,287.9
SVK,Slovakia,2014.0,PCV3,96.33,MUMPS,287.9
SVK,Slovakia,2014.0,POL3,96.87,MUMPS,287.9
SVK,Slovakia,2014.0,RCV1,96.73,MUMPS,287.9
TUR,Türkiye,2005.0,DTPCV1,92.0,MUMPS,284.9
TUR,Türkiye,2005.0,DTPCV3,90.0,MUMPS,284.9
TUR,Türkiye,2005.0,HEPB_BD,94.0,MUMPS,284.9
TUR,Türkiye,2005.0,MCV1,91.0,MUMPS,284.9
TUR,Türkiye,2005.0,MCV2,98.0,MUMPS,284.9
TUR,Türkiye,2005.0,POL3,90.0,MUMPS,284.9
MAR,Morocco,1998.0,BCG,90.0,MEASLES,284.7
MAR,Morocco,1998.0,DTPCV1,99.0,MEASLES,284.7
MAR,Morocco,1998.0,DTPCV3,93.0,MEASLES,284.7
MAR,Morocco,1998.0,MCV1,91.0,MEASLES,284.7
MAR,Morocco,1998.0,POL3,93.0,MEASLES,284.7
SRB,Serbia,2000.0,BCG,94.5,RUBELLA,284.4
SRB,Serbia,2000.0,DTPCV1,97.3,RUBELLA,284.4
SRB,Serbia,2000.0,DTPCV3,95.67,RUBELLA,284.4
SRB,Serbia,2000.0,MCV1,90.13,RUBELLA,284.4
SRB,Serbia,2000.0,POL3,97.7,RUBELLA,284.4
AUS,Australia,2002.0,DTPCV1,97.0,PERTUSSIS,283.9
AUS,Australia,2002.0,DTPCV3,92.0,PERTUSSIS,283.9
AUS,Australia,2002.0,HEPB3,94.67,PERTUSSIS,283.9
AUS,Australia,2002.0,HIB3,95.0,PERTUSSIS,283.9
AUS,Australia,2002.0,MCV1,93.67,PERTUSSIS,283.9
AUS,Australia,2002.0,POL3,92.0,PERTUSSIS,283.9
AUS,Australia,2002.0,RCV1,94.0,PERTUSSIS,283.9
ZWE,Zimbabwe,1987.0,DTPCV1,94.0,PERTUSSIS,283.4
CUB,Cuba,1985.0,BCG,98.0,MEASLES,283.0
CUB,Cuba,1985.0,DTPCV1,97.5,MEASLES,283.0
CUB,Cuba,1985.0,DTPCV3,91.0,MEASLES,283.0
ISL,Iceland,2005.0,DTPCV1,95.0,MUMPS,283.0
ISL,Iceland,2005.0,DTPCV3,95.0,MUMPS,283.0
ISL,Iceland,2005.0,HIB3,95.0,MUMPS,283.0
ISL,Iceland,2005.0,MCV1,90.0,MUMPS,283.0
ISL,Iceland,2005.0,MCV2,90.0,MUMPS,283.0
ISL,Iceland,2005.0,POL3,95.0,MUMPS,283.0
ISL,Iceland,2005.0,RCV1,90.0,MUMPS,283.0
CHE,Switzerland,1996.0,DTPCV1,93.0,MEASLES,282.8
CHE,Switzerland,1996.0,POL3,95.0,MEASLES,282.8
IND,India,2022.0,BCG,91.12,TYPHOID,282.4
IND,India,2022.0,DTPCV1,95.17,TYPHOID,282.4
IND,India,2022.0,DTPCV3,93.12,TYPHOID,282.4
IND,India,2022.0,HEPB3,93.12,TYPHOID,282.4
IND,India,2022.0,HIB3,93.12,TYPHOID,282.4
IND,India,2022.0,IPV1,91.0,TYPHOID,282.4
IND,India,2022.0,IPV1_FRAC,93.79,TYPHOID,282.4
IND,India,2022.0,IPV2_FRAC,91.21,TYPHOID,282.4
IND,India,2022.0,JAPENC,91.08,TYPHOID,282.4
IND,India,2022.0,MCV1,95.16,TYPHOID,282.4
IND,India,2022.0,MCV2,90.16,TYPHOID,282.4
IND,India,2022.0,PAB,93.0,TYPHOID,282.4
IND,India,2022.0,POL3,93.0,TYPHOID,282.4
IND,India,2022.0,RCV1,95.16,TYPHOID,282.4
IND,India,2022.0,ROTA1,94.25,TYPHOID,282.4
IND,India,2022.0,ROTAC,92.04,TYPHOID,282.4
SWZ,Eswatini,2010.0,MCV2,90.67,MEASLES,281.6
SWZ,Eswatini,2010.0,VAD1,98.0,MEASLES,281.6
TUR,Türkiye,2006.0,DTPCV1,92.0,MUMPS,281.6
TUR,Türkiye,2006.0,DTPCV3,90.0,MUMPS,281.6
TUR,Türkiye,2006.0,MCV1,98.0,MUMPS,281.6
TUR,Türkiye,2006.0,POL3,90.0,MUMPS,281.6
TUR,Türkiye,2006.0,RCV1,98.0,MUMPS,281.6
SWE,Sweden,1997.0,DTPCV1,99.0,PERTUSSIS,281.5
SWE,Sweden,1997.0,DTPCV3,99.0,PERTUSSIS,281.5
SWE,Sweden,1997.0,HIB3,99.0,PERTUSSIS,281.5
SWE,Sweden,1997.0,MCV1,96.0,PERTUSSIS,281.5
SWE,Sweden,1997.0,POL3,99.0,PERTUSSIS,281.5
SWE,Sweden,1997.0,RCV1,96.0,PERTUSSIS,281.5
SWE,Sweden,1997.0,TT2PLUS,99.0,PERTUSSIS,281.5
CHE,Switzerland,1998.0,DTPCV1,93.0,MEASLES,281.3
CHE,Switzerland,1998.0,POL3,92.0,MEASLES,281.3
ARG,Argentina,1998.0,BCG,98.0,MEASLES,281.2
ARG,Argentina,1998.0,DTPCV1,97.5,MEASLES,281.2
ARG,Argentina,1998.0,MCV1,95.0,MEASLES,281.2
ARG,Argentina,1998.0,POL3,90.0,MEASLES,281.2
ARG,Argentina,1998.0,RCV1,95.0,MEASLES,281.2
BTN,Bhutan,2014.0,BCG,98.67,MUMPS,281.0
BTN,Bhutan,2014.0,DTPCV1,98.87,MUMPS,281.0
BTN,Bhutan,2014.0,DTPCV3,98.03,MUMPS,281.0
BTN,Bhutan,2014.0,HEPB3,97.87,MUMPS,281.0
BTN,Bhutan,2014.0,HIB3,97.87,MUMPS,281.0
BTN,Bhutan,2014.0,MCV1,96.73,MUMPS,281.0
BTN,Bhutan,2014.0,MCV2,92.0,MUMPS,281.0
BTN,Bhutan,2014.0,POL3,97.17,MUMPS,281.0
BTN,Bhutan,2014.0,PRHPV1_F,98.0,MUMPS,281.0
BTN,Bhutan,2014.0,PRHPVC_F,94.0,MUMPS,281.0
BTN,Bhutan,2014.0,RCV1,96.67,MUMPS,281.0
AZE,Azerbaijan,1990.0,POL3,90.0,MEASLES,280.2
RUS,Russian Federation,2000.0,BCG,96.15,MUMPS,279.3
RUS,Russian Federation,2000.0,DTPCV1,97.0,MUMPS,279.3
RUS,Russian Federation,2000.0,DTPCV3,95.9,MUMPS,279.3
RUS,Russian Federation,2000.0,MCV1,97.0,MUMPS,279.3
RUS,Russian Federation,2000.0,POL3,96.93,MUMPS,279.3
RUS,Russian Federation,2000.0,RCV1,97.0,MUMPS,279.3
WSM,Samoa,2008.0,BCG,98.67,PERTUSSIS,278.8
TJK,Tajikistan,2017.0,BCG,98.33,MUMPS,278.7
TJK,Tajikistan,2017.0,DTPCV1,98.0,MUMPS,278.7
TJK,Tajikistan,2017.0,DTPCV3,96.33,MUMPS,278.7
TJK,Tajikistan,2017.0,HEPB3,96.33,MUMPS,278.7
TJK,Tajikistan,2017.0,HEPB_BD,98.93,MUMPS,278.7
TJK,Tajikistan,2017.0,HEPB_BDALL,96.5,MUMPS,278.7
TJK,Tajikistan,2017.0,HIB3,96.33,MUMPS,278.7
TJK,Tajikistan,2017.0,MCV1,98.07,MUMPS,278.7
TJK,Tajikistan,2017.0,MCV2,97.77,MUMPS,278.7
TJK,Tajikistan,2017.0,POL3,96.87,MUMPS,278.7
TJK,Tajikistan,2017.0,RCV1,98.07,MUMPS,278.7
TJK,Tajikistan,2017.0,ROTA1,97.8,MUMPS,278.7
TJK,Tajikistan,2017.0,ROTAC,96.93,MUMPS,278.7
TJK,Tajikistan,2017.0,VAD1,90.2,MUMPS,278.7
BTN,Bhutan,2020.0,15HPV1_F,95.0,MUMPS,277.9
BTN,Bhutan,2020.0,15HPVC_F,94.0,MUMPS,277.9
BTN,Bhutan,2020.0,BCG,98.31,MUMPS,277.9
BTN,Bhutan,2020.0,DTPCV1,95.84,MUMPS,277.9
BTN,Bhutan,2020.0,DTPCV3,94.81,MUMPS,277.9
BTN,Bhutan,2020.0,HEPB3,95.84,MUMPS,277.9
BTN,Bhutan,2020.0,HIB3,95.84,MUMPS,277.9
BTN,Bhutan,2020.0,HPV_FEM,91.61,MUMPS,277.9
BTN,Bhutan,2020.0,IPV1,92.97,MUMPS,277.9
BTN,Bhutan,2020.0,MCV1,92.8,MUMPS,277.9
BTN,Bhutan,2020.0,MCV2,97.06,MUMPS,277.9
BTN,Bhutan,2020.0,PAB,93.96,MUMPS,277.9
BTN,Bhutan,2020.0,PCV3,90.05,MUMPS,277.9
BTN,Bhutan,2020.0,POL3,95.84,MUMPS,277.9
BTN,Bhutan,2020.0,RCV1,92.8,MUMPS,277.9
BTN,Bhutan,2020.0,TT2PLUS,97.92,MUMPS,277.9
MEX,Mexico,2000.0,BCG,99.67,MUMPS,277.8
MEX,Mexico,2000.0,DTPCV1,99.0,MUMPS,277.8
MEX,Mexico,2000.0,DTPCV3,97.0,MUMPS,277.8
MEX,Mexico,2000.0,HEPB3,97.0,MUMPS,277.8
MEX,Mexico,2000.0,HIB3,97.0,MUMPS,277.8
MEX,Mexico,2000.0,MCV1,95.93,MUMPS,277.8
MEX,Mexico,2000.0,MCV2,98.2,MUMPS,277.8
MEX,Mexico,2000.0,POL3,97.0,MUMPS,277.8
MEX,Mexico,2000.0,RCV1,96.0,MUMPS,277.8
NZL,New Zealand,2017.0,DTPCV1,95.33,MUMPS,277.8
NZL,New Zealand,2017.0,DTPCV3,93.78,MUMPS,277.8
NZL,New Zealand,2017.0,HEPB3,93.76,MUMPS,277.8
NZL,New Zealand,2017.0,HIB3,93.21,MUMPS,277.8
NZL,New Zealand,2017.0,IPV1,95.73,MUMPS,277.8
NZL,New Zealand,2017.0,MCV1,93.22,MUMPS,277.8
NZL,New Zealand,2017.0,MCV2,90.1,MUMPS,277.8
NZL,New Zealand,2017.0,PCV1,95.77,MUMPS,277.8
NZL,New Zealand,2017.0,PCV2,95.23,MUMPS,277.8
NZL,New Zealand,2017.0,PCV3,94.18,MUMPS,277.8
NZL,New Zealand,2017.0,POL3,93.85,MUMPS,277.8
NZL,New Zealand,2017.0,RCV1,93.22,MUMPS,277.8
NZL,New Zealand,2017.0,ROTA1,90.67,MUMPS,277.8
GUY,Guyana,2002.0,BCG,91.0,PERTUSSIS,277.6
GUY,Guyana,2002.0,DTPCV1,92.47,PERTUSSIS,277.6
GUY,Guyana,2002.0,DTPCV3,91.0,PERTUSSIS,277.6
GUY,Guyana,2002.0,HEPB3,91.0,PERTUSSIS,277.6
GUY,Guyana,2002.0,HIB3,91.0,PERTUSSIS,277.6
GUY,Guyana,2002.0,MCV1,93.67,PERTUSSIS,277.6
GUY,Guyana,2002.0,POL3,93.0,PERTUSSIS,277.6
GUY,Guyana,2002.0,RCV1,93.0,PERTUSSIS,277.6
GUY,Guyana,2002.0,YFV,90.0,PERTUSSIS,277.6
URY,Uruguay,2016.0,BCG,98.0,MUMPS,277.6
URY,Uruguay,2016.0,DTPCV1,97.24,MUMPS,277.6
URY,Uruguay,2016.0,DTPCV3,94.71,MUMPS,277.6
URY,Uruguay,2016.0,HEPB3,94.71,MUMPS,277.6
URY,Uruguay,2016.0,HIB3,94.71,MUMPS,277.6
URY,Uruguay,2016.0,IPV1,97.24,MUMPS,277.6
URY,Uruguay,2016.0,MCV1,95.05,MUMPS,277.6
URY,Uruguay,2016.0,MCV2,92.03,MUMPS,277.6
URY,Uruguay,2016.0,PCV1,96.6,MUMPS,277.6
URY,Uruguay,2016.0,PCV2,95.0,MUMPS,277.6
URY,Uruguay,2016.0,PCV3,93.71,MUMPS,277.6
URY,Uruguay,2016.0,POL3,94.71,MUMPS,277.6
URY,Uruguay,2016.0,RCV1,95.05,MUMPS,277.6
POL,Poland,2003.0,BCG,93.0,RUBELLA,277.1
POL,Poland,2003.0,DTPCV1,99.0,RUBELLA,277.1
POL,Poland,2003.0,DTPCV3,98.83,RUBELLA,277.1
POL,Poland,2003.0,HEPB3,97.0,RUBELLA,277.1
POL,Poland,2003.0,HEPB_BD,94.67,RUBELLA,277.1
POL,Poland,2003.0,MCV1,97.17,RUBELLA,277.1
POL,Poland,2003.0,MCV2,96.87,RUBELLA,277.1
POL,Poland,2003.0,POL3,97.97,RUBELLA,277.1
POL,Poland,2003.0,RCV1,97.0,RUBELLA,277.1
SAU,Saudi Arabia,1997.0,BCG,91.0,MEASLES,276.7
SAU,Saudi Arabia,1997.0,DTPCV1,94.0,MEASLES,276.7
SAU,Saudi Arabia,1997.0,DTPCV3,92.0,MEASLES,276.7
SAU,Saudi Arabia,1997.0,HEPB3,91.0,MEASLES,276.7
SAU,Saudi Arabia,1997.0,MCV1,92.0,MEASLES,276.7
SAU,Saudi Arabia,1997.0,POL3,92.0,MEASLES,276.7
SAU,Saudi Arabia,1997.0,RCV1,92.0,MEASLES,276.7
TZA,United Republic of Tanzania,1989.0,BCG,92.0,MEASLES,276.5
TZA,United Republic of Tanzania,1989.0,DTPCV1,91.0,MEASLES,276.5
AND,Andorra,2006.0,DTPCV1,96.0,RUBELLA,276.4
AND,Andorra,2006.0,DTPCV3,93.0,RUBELLA,276.4
AND,Andorra,2006.0,HEPB_BD,98.0,RUBELLA,276.4
AND,Andorra,2006.0,HIB3,93.0,RUBELLA,276.4
AND,Andorra,2006.0,MCV1,91.0,RUBELLA,276.4
AND,Andorra,2006.0,POL3,93.0,RUBELLA,276.4
AND,Andorra,2006.0,RCV1,91.13,RUBELLA,276.4
BTN,Bhutan,2012.0,15HPV1_F,90.0,MUMPS,276.0
BTN,Bhutan,2012.0,15HPVC_F,90.0,MUMPS,276.0
BTN,Bhutan,2012.0,BCG,94.67,MUMPS,276.0
BTN,Bhutan,2012.0,DTPCV1,97.67,MUMPS,276.0
BTN,Bhutan,2012.0,DTPCV3,97.0,MUMPS,276.0
BTN,Bhutan,2012.0,HEPB3,97.0,MUMPS,276.0
BTN,Bhutan,2012.0,HIB3,97.0,MUMPS,276.0
BTN,Bhutan,2012.0,MCV1,95.0,MUMPS,276.0
BTN,Bhutan,2012.0,MCV2,90.0,MUMPS,276.0
BTN,Bhutan,2012.0,POL3,97.0,MUMPS,276.0
BTN,Bhutan,2012.0,RCV1,95.0,MUMPS,276.0
THA,Thailand,1989.0,BCG,94.67,MEASLES,276.0
THA,Thailand,1989.0,DTPCV1,96.0,MEASLES,276.0
RWA,Rwanda,1986.0,DTPCV1,95.0,PERTUSSIS,275.9
ITA,Italy,1985.0,POL3,90.67,PERTUSSIS,275.8
UKR,Ukraine,2012.0,BCG,95.17,MEASLES,275.8
ARE,United Arab Emirates,1995.0,BCG,98.0,MEASLES,275.6
ARE,United Arab Emirates,1995.0,DTPCV1,96.0,MEASLES,275.6
ARE,United Arab Emirates,1995.0,DTPCV3,90.0,MEASLES,275.6
ARE,United Arab Emirates,1995.0,HEPB3,90.0,MEASLES,275.6
ARE,United Arab Emirates,1995.0,MCV1,90.0,MEASLES,275.6
ARE,United Arab Emirates,1995.0,POL3,90.0,MEASLES,275.6
ARE,United Arab Emirates,1995.0,RCV1,90.0,MEASLES,275.6
SVN,Slovenia,2006.0,DTPCV1,99.0,PERTUSSIS,275.1
SVN,Slovenia,2006.0,DTPCV3,97.0,PERTUSSIS,275.1
SVN,Slovenia,2006.0,HIB3,97.0,PERTUSSIS,275.1
SVN,Slovenia,2006.0,MCV1,96.0,PERTUSSIS,275.1
SVN,Slovenia,2006.0,MCV2,99.01,PERTUSSIS,275.1
SVN,Slovenia,2006.0,POL3,97.0,PERTUSSIS,275.1
SVN,Slovenia,2006.0,RCV1,96.05,PERTUSSIS,275.1
KGZ,Kyrgyzstan,2023.0,15HPV1_F,91.0,PERTUSSIS,275.0
KGZ,Kyrgyzstan,2023.0,BCG,95.09,PERTUSSIS,275.0
KGZ,Kyrgyzstan,2023.0,DIPHCV4,91.57,PERTUSSIS,275.0
KGZ,Kyrgyzstan,2023.0,DIPHCV5,91.94,PERTUSSIS,275.0
KGZ,Kyrgyzstan,2023.0,DTPCV1,91.21,PERTUSSIS,275.0
KGZ,Kyrgyzstan,2023.0,HEPB_BD,97.79,PERTUSSIS,275.0
KGZ,Kyrgyzstan,2023.0,HEPB_BDALL,98.89,PERTUSSIS,275.0
KGZ,Kyrgyzstan,2023.0,MCV1,96.15,PERTUSSIS,275.0
KGZ,Kyrgyzstan,2023.0,MCV2,92.77,PERTUSSIS,275.0
KGZ,Kyrgyzstan,2023.0,PCV1,91.05,PERTUSSIS,275.0
KGZ,Kyrgyzstan,2023.0,PCV3,91.08,PERTUSSIS,275.0
KGZ,Kyrgyzstan,2023.0,RCV1,96.15,PERTUSSIS,275.0
KGZ,Kyrgyzstan,2023.0,ROTA1,90.83,PERTUSSIS,275.0
SYC,Seychelles,1984.0,BCG,95.0,MEASLES,275.0
SYC,Seychelles,1984.0,DTPCV1,98.0,MEASLES,275.0
SYC,Seychelles,1984.0,DTPCV3,95.0,MEASLES,275.0
SYC,Seychelles,1984.0,POL3,95.0,MEASLES,275.0
CZE,Czechia,2011.0,DTPCV1,99.0,MUMPS,274.9
CZE,Czechia,2011.0,DTPCV3,99.0,MUMPS,274.9
CZE,Czechia,2011.0,HEPB3,99.07,MUMPS,274.9
CZE,Czechia,2011.0,HIB3,99.07,MUMPS,274.9
CZE,Czechia,2011.0,MCV1,98.0,MUMPS,274.9
CZE,Czechia,2011.0,MCV2,98.12,MUMPS,274.9
CZE,Czechia,2011.0,POL3,99.07,MUMPS,274.9
CZE,Czechia,2011.0,RCV1,98.01,MUMPS,274.9
GRC,Greece,1987.0,DTPCV1,94.0,PERTUSSIS,274.7
GRC,Greece,1987.0,POL3,97.0,PERTUSSIS,274.7
ROU,Romania,1994.0,BCG,99.67,MEASLES,273.7
ROU,Romania,1994.0,DTPCV1,98.0,MEASLES,273.7
ROU,Romania,1994.0,DTPCV3,98.0,MEASLES,273.7
ROU,Romania,1994.0,MCV1,91.0,MEASLES,273.7
ROU,Romania,1994.0,POL3,94.0,MEASLES,273.7
ROU,Romania,1994.0,TT2PLUS,98.0,MEASLES,273.7
IRQ,Iraq,2023.0,BCG,93.17,MEASLES,273.6
IRQ,Iraq,2023.0,DTPCV1,96.89,MEASLES,273.6
IRQ,Iraq,2023.0,DTPCV3,90.89,MEASLES,273.6
IRQ,Iraq,2023.0,FLU_OTHER,100.0,MEASLES,273.6
IRQ,Iraq,2023.0,HEPB3,91.05,MEASLES,273.6
IRQ,Iraq,2023.0,HIB3,91.05,MEASLES,273.6
IRQ,Iraq,2023.0,IPV1,93.96,MEASLES,273.6
IRQ,Iraq,2023.0,IPV2,90.83,MEASLES,273.6
IRQ,Iraq,2023.0,MCV1,97.0,MEASLES,273.6
IRQ,Iraq,2023.0,POL3,91.05,MEASLES,273.6
IRQ,Iraq,2023.0,RCV1,97.0,MEASLES,273.6
ARG,Argentina,2005.0,BCG,99.0,MUMPS,273.5
ARG,Argentina,2005.0,DTPCV1,95.0,MUMPS,273.5
ARG,Argentina,2005.0,DTPCV3,98.07,MUMPS,273.5
ARG,Argentina,2005.0,HIB3,98.07,MUMPS,273.5
ARG,Argentina,2005.0,MCV1,98.0,MUMPS,273.5
ARG,Argentina,2005.0,POL3,94.73,MUMPS,273.5
ARG,Argentina,2005.0,RCV1,98.0,MUMPS,273.5
AUS,Australia,1994.0,DTPCV1,96.0,MEASLES,273.5
VEN,Venezuela (Bolivarian Republic of),1999.0,BCG,98.0,MUMPS,273.3
VEN,Venezuela (Bolivarian Republic of),1999.0,DTPCV1,99.67,MUMPS,273.3
MDV,Maldives,2003.0,BCG,98.33,RUBELLA,273.2
MDV,Maldives,2003.0,DTPCV1,98.33,RUBELLA,273.2
MDV,Maldives,2003.0,DTPCV3,97.67,RUBELLA,273.2
MDV,Maldives,2003.0,HEPB3,97.67,RUBELLA,273.2
MDV,Maldives,2003.0,HEPB_BD,98.5,RUBELLA,273.2
MDV,Maldives,2003.0,MCV1,96.3,RUBELLA,273.2
MDV,Maldives,2003.0,PAB,94.0,RUBELLA,273.2
MDV,Maldives,2003.0,POL3,97.67,RUBELLA,273.2
MDV,Maldives,2003.0,TT2PLUS,96.5,RUBELLA,273.2
MNG,Mongolia,1985.0,DTPCV1,93.0,MEASLES,273.2
MNG,Mongolia,1985.0,POL3,95.33,MEASLES,273.2
NZL,New Zealand,1999.0,DTPCV1,91.0,PERTUSSIS,272.7
ALB,Albania,2007.0,BCG,98.0,MUMPS,272.6
ALB,Albania,2007.0,DTPCV1,98.0,MUMPS,272.6
ALB,Albania,2007.0,DTPCV3,98.0,MUMPS,272.6
ALB,Albania,2007.0,HEPB3,98.0,MUMPS,272.6
ALB,Albania,2007.0,HEPB_BD,98.0,MUMPS,272.6
ALB,Albania,2007.0,MCV1,97.0,MUMPS,272.6
ALB,Albania,2007.0,MCV2,95.27,MUMPS,272.6
ALB,Albania,2007.0,POL3,99.0,MUMPS,272.6
ALB,Albania,2007.0,RCV1,97.13,MUMPS,272.6
UKR,Ukraine,2003.0,BCG,98.08,MUMPS,272.3
UKR,Ukraine,2003.0,DTPCV1,99.0,MUMPS,272.3
UKR,Ukraine,2003.0,DTPCV3,97.2,MUMPS,272.3
UKR,Ukraine,2003.0,MCV1,99.01,MUMPS,272.3
UKR,Ukraine,2003.0,MCV2,99.0,MUMPS,272.3
UKR,Ukraine,2003.0,POL3,99.08,MUMPS,272.3
UKR,Ukraine,2003.0,RCV1,99.0,MUMPS,272.3
SWE,Sweden,1981.0,DTPCV1,99.0,PERTUSSIS,271.1
SWE,Sweden,1981.0,DTPCV3,99.0,PERTUSSIS,271.1
SWE,Sweden,1981.0,POL3,98.33,PERTUSSIS,271.1
WLF,Wallis and Futuna,2000.0,BCG,100.0,RUBELLA,270.6
WLF,Wallis and Futuna,2000.0,DTPCV1,100.0,RUBELLA,270.6
WLF,Wallis and Futuna,2000.0,DTPCV3,100.0,RUBELLA,270.6
WLF,Wallis and Futuna,2000.0,HEPB3,100.0,RUBELLA,270.6
WLF,Wallis and Futuna,2000.0,HEPB_BD,100.0,RUBELLA,270.6
WLF,Wallis and Futuna,2000.0,HIB3,100.0,RUBELLA,270.6
WLF,Wallis and Futuna,2000.0,MCV1,100.0,RUBELLA,270.6
WLF,Wallis and Futuna,2000.0,MCV2,100.0,RUBELLA,270.6
WLF,Wallis and Futuna,2000.0,POL3,100.0,RUBELLA,270.6
NLD,Netherlands (Kingdom of the),2018.0,DIPHCV4,92.36,PERTUSSIS,270.4
NLD,Netherlands (Kingdom of the),2018.0,DIPHCV5,92.48,PERTUSSIS,270.4
NLD,Netherlands (Kingdom of the),2018.0,DTPCV1,97.0,PERTUSSIS,270.4
NLD,Netherlands (Kingdom of the),2018.0,DTPCV3,93.33,PERTUSSIS,270.4
NLD,Netherlands (Kingdom of the),2018.0,HEPB3,92.0,PERTUSSIS,270.4
NLD,Netherlands (Kingdom of the),2018.0,HEPB_BD,98.16,PERTUSSIS,270.4
NLD,Netherlands (Kingdom of the),2018.0,HEPB_BDALL,98.62,PERTUSSIS,270.4
NLD,Netherlands (Kingdom of the),2018.0,HIB3,93.33,PERTUSSIS,270.4
NLD,Netherlands (Kingdom of the),2018.0,IPV1,97.0,PERTUSSIS,270.4
NLD,Netherlands (Kingdom of the),2018.0,MCV1,92.93,PERTUSSIS,270.4
NLD,Netherlands (Kingdom of the),2018.0,PCV3,92.74,PERTUSSIS,270.4
NLD,Netherlands (Kingdom of the),2018.0,PERCV4,92.36,PERTUSSIS,270.4
NLD,Netherlands (Kingdom of the),2018.0,POL3,93.33,PERTUSSIS,270.4
NLD,Netherlands (Kingdom of the),2018.0,RCV1,92.93,PERTUSSIS,270.4
NLD,Netherlands (Kingdom of the),2018.0,TTCV4,92.36,PERTUSSIS,270.4
NLD,Netherlands (Kingdom of the),2018.0,TTCV5,92.48,PERTUSSIS,270.4
NZL,New Zealand,2002.0,DTPCV1,90.0,PERTUSSIS,270.3
NZL,New Zealand,2002.0,DTPCV3,90.0,PERTUSSIS,270.3
BTN,Bhutan,1995.0,BCG,98.0,MEASLES,270.1
BTN,Bhutan,1995.0,DTPCV1,95.0,MEASLES,270.1
BRN,Brunei Darussalam,1987.0,DTPCV1,95.0,MEASLES,269.4
BRN,Brunei Darussalam,1987.0,MCV1,99.67,MEASLES,269.4
BRN,Brunei Darussalam,1987.0,RCV1,99.0,MEASLES,269.4
MYS,Malaysia,2000.0,BCG,99.3,MEASLES,269.4
MYS,Malaysia,2000.0,DTPCV1,97.33,MEASLES,269.4
MYS,Malaysia,2000.0,DTPCV3,96.13,MEASLES,269.4
MYS,Malaysia,2000.0,HEPB3,95.0,MEASLES,269.4
MYS,Malaysia,2000.0,HEPB_BD,92.13,MEASLES,269.4
MYS,Malaysia,2000.0,MCV1,90.67,MEASLES,269.4
MYS,Malaysia,2000.0,POL3,96.0,MEASLES,269.4
MYS,Malaysia,2000.0,RCV1,96.0,MEASLES,269.4
NZL,New Zealand,2006.0,DTPCV1,92.0,PERTUSSIS,268.3
SRB,Serbia,1992.0,DTPCV1,94.0,MEASLES,268.2
RUS,Russian Federation,1994.0,BCG,93.2,DIPHTHERIA,267.9
RUS,Russian Federation,1994.0,DTPCV1,96.0,DIPHTHERIA,267.9
LBY,Libya,1983.0,DTPCV1,92.0,MEASLES,267.8
BWA,Botswana,1999.0,DTPCV1,98.0,MEASLES,267.4
YEM,Yemen,2006.0,DTPCV1,90.0,MUMPS,267.4
NPL,Nepal,2002.0,VAD1,95.0,MEASLES,266.5
RUS,Russian Federation,1993.0,DTPCV1,92.0,PERTUSSIS,266.2
GNB,Guinea-Bissau,1990.0,BCG,90.0,MEASLES,266.0
MDA,Republic of Moldova,1995.0,BCG,95.0,MEASLES,266.0
MDA,Republic of Moldova,1995.0,DTPCV1,98.0,MEASLES,266.0
MDA,Republic of Moldova,1995.0,DTPCV3,96.0,MEASLES,266.0
MDA,Republic of Moldova,1995.0,MCV1,91.0,MEASLES,266.0
MDA,Republic of Moldova,1995.0,POL3,96.0,MEASLES,266.0
MDA,Republic of Moldova,1995.0,TT2PLUS,99.0,MEASLES,266.0
TCA,Turks and Caicos Islands,1995.0,BCG,99.0,MEASLES,265.7
TCA,Turks and Caicos Islands,1995.0,DTPCV3,99.0,MEASLES,265.7
TCA,Turks and Caicos Islands,1995.0,MCV1,99.0,MEASLES,265.7
TCA,Turks and Caicos Islands,1995.0,POL3,99.0,MEASLES,265.7
JPN,Japan,2002.0,BCG,95.7,MEASLES,265.2
JPN,Japan,2002.0,DTPCV1,98.0,MEASLES,265.2
JPN,Japan,2002.0,DTPCV3,96.33,MEASLES,265.2
JPN,Japan,2002.0,MCV1,98.0,MEASLES,265.2
JPN,Japan,2002.0,RCV1,98.0,MEASLES,265.2
EST,Estonia,2000.0,BCG,99.67,RUBELLA,264.9
EST,Estonia,2000.0,DTPCV1,96.0,RUBELLA,264.9
EST,Estonia,2000.0,DTPCV3,93.0,RUBELLA,264.9
EST,Estonia,2000.0,MCV1,93.0,RUBELLA,264.9
EST,Estonia,2000.0,POL3,93.0,RUBELLA,264.9
EST,Estonia,2000.0,RCV1,93.0,RUBELLA,264.9
CHE,Switzerland,2008.0,DTPCV1,95.0,MEASLES,264.6
CHE,Switzerland,2008.0,DTPCV3,95.0,MEASLES,264.6
CHE,Switzerland,2008.0,HIB3,95.0,MEASLES,264.6
CHE,Switzerland,2008.0,MCV1,92.0,MEASLES,264.6
CHE,Switzerland,2008.0,POL3,96.0,MEASLES,264.6
ROU,Romania,1992.0,BCG,99.07,MEASLES,264.5
ROU,Romania,1992.0,DTPCV1,98.0,MEASLES,264.5
ROU,Romania,1992.0,DTPCV3,98.0,MEASLES,264.5
ROU,Romania,1992.0,MCV1,91.0,MEASLES,264.5
ROU,Romania,1992.0,POL3,91.8,MEASLES,264.5
ROU,Romania,1992.0,TT2PLUS,98.0,MEASLES,264.5
COL,Colombia,1993.0,BCG,95.33,MEASLES,264.4
COL,Colombia,1993.0,DTPCV1,94.0,MEASLES,264.4
COL,Colombia,1993.0,MCV1,94.0,MEASLES,264.4
COL,Colombia,1993.0,POL3,92.0,MEASLES,264.4
VEN,Venezuela (Bolivarian Republic of),2009.0,BCG,91.0,MUMPS,264.0
NAM,Namibia,2015.0,BCG,94.0,RUBELLA,263.2
NAM,Namibia,2015.0,DTPCV1,98.0,RUBELLA,263.2
NAM,Namibia,2015.0,DTPCV3,92.0,RUBELLA,263.2
NAM,Namibia,2015.0,HEPB3,92.0,RUBELLA,263.2
NAM,Namibia,2015.0,HIB3,92.0,RUBELLA,263.2
NAM,Namibia,2015.0,POL3,92.0,RUBELLA,263.2
NAM,Namibia,2015.0,ROTA1,91.0,RUBELLA,263.2
SGP,Singapore,2002.0,BCG,98.36,MUMPS,262.8
SGP,Singapore,2002.0,DTPCV1,95.46,MUMPS,262.8
SGP,Singapore,2002.0,DTPCV3,94.5,MUMPS,262.8
SGP,Singapore,2002.0,HEPB3,95.45,MUMPS,262.8
SGP,Singapore,2002.0,MCV1,94.23,MUMPS,262.8
SGP,Singapore,2002.0,MCV2,96.0,MUMPS,262.8
SGP,Singapore,2002.0,POL3,94.44,MUMPS,262.8
SGP,Singapore,2002.0,RCV1,94.23,MUMPS,262.8
AND,Andorra,2019.0,DIPHCV4,94.89,MUMPS,261.5
AND,Andorra,2019.0,DIPHCV5,97.28,MUMPS,261.5
AND,Andorra,2019.0,DTPCV1,99.5,MUMPS,261.5
AND,Andorra,2019.0,DTPCV3,99.04,MUMPS,261.5
AND,Andorra,2019.0,HEPB3,97.76,MUMPS,261.5
AND,Andorra,2019.0,HIB3,98.23,MUMPS,261.5
AND,Andorra,2019.0,IPV1,99.5,MUMPS,261.5
AND,Andorra,2019.0,MCV1,99.04,MUMPS,261.5
AND,Andorra,2019.0,MCV2,95.45,MUMPS,261.5
AND,Andorra,2019.0,PCV1,97.99,MUMPS,261.5
AND,Andorra,2019.0,PCV2,97.06,MUMPS,261.5
AND,Andorra,2019.0,PCV3,95.76,MUMPS,261.5
AND,Andorra,2019.0,PERCV4,94.89,MUMPS,261.5
AND,Andorra,2019.0,POL3,99.04,MUMPS,261.5
AND,Andorra,2019.0,RCV1,99.04,MUMPS,261.5
AND,Andorra,2019.0,TTCV4,94.89,MUMPS,261.5
AND,Andorra,2019.0,TTCV5,97.28,MUMPS,261.5
BHS,Bahamas,1990.0,DTPCV1,91.0,MEASLES,260.9
BHS,Bahamas,1990.0,MCV1,90.33,MEASLES,260.9
NLD,Netherlands (Kingdom of the),2006.0,DTPCV1,98.0,PERTUSSIS,260.6
NLD,Netherlands (Kingdom of the),2006.0,DTPCV3,96.2,PERTUSSIS,260.6
NLD,Netherlands (Kingdom of the),2006.0,HIB3,96.07,PERTUSSIS,260.6
NLD,Netherlands (Kingdom of the),2006.0,MCV1,95.93,PERTUSSIS,260.6
NLD,Netherlands (Kingdom of the),2006.0,MCV2,92.33,PERTUSSIS,260.6
NLD,Netherlands (Kingdom of the),2006.0,POL3,96.2,PERTUSSIS,260.6
NLD,Netherlands (Kingdom of the),2006.0,RCV1,95.95,PERTUSSIS,260.6
SAU,Saudi Arabia,1993.0,BCG,93.0,MEASLES,260.5
SAU,Saudi Arabia,1993.0,DTPCV1,97.0,MEASLES,260.5
SAU,Saudi Arabia,1993.0,DTPCV3,94.0,MEASLES,260.5
SAU,Saudi Arabia,1993.0,HEPB3,93.0,MEASLES,260.5
SAU,Saudi Arabia,1993.0,MCV1,91.0,MEASLES,260.5
SAU,Saudi Arabia,1993.0,POL3,94.0,MEASLES,260.5
SAU,Saudi Arabia,1993.0,RCV1,91.0,MEASLES,260.5
NLD,Netherlands (Kingdom of the),2017.0,DTPCV1,98.0,PERTUSSIS,260.2
NLD,Netherlands (Kingdom of the),2017.0,DTPCV3,93.91,PERTUSSIS,260.2
NLD,Netherlands (Kingdom of the),2017.0,HEPB3,92.16,PERTUSSIS,260.2
NLD,Netherlands (Kingdom of the),2017.0,HEPB_BD,98.51,PERTUSSIS,260.2
NLD,Netherlands (Kingdom of the),2017.0,HEPB_BDALL,99.75,PERTUSSIS,260.2
NLD,Netherlands (Kingdom of the),2017.0,HIB3,93.9,PERTUSSIS,260.2
NLD,Netherlands (Kingdom of the),2017.0,IPV1,98.0,PERTUSSIS,260.2
NLD,Netherlands (Kingdom of the),2017.0,MCV1,92.94,PERTUSSIS,260.2
NLD,Netherlands (Kingdom of the),2017.0,MCV2,90.07,PERTUSSIS,260.2
NLD,Netherlands (Kingdom of the),2017.0,PCV3,92.88,PERTUSSIS,260.2
NLD,Netherlands (Kingdom of the),2017.0,POL3,93.91,PERTUSSIS,260.2
NLD,Netherlands (Kingdom of the),2017.0,RCV1,92.94,PERTUSSIS,260.2
KWT,Kuwait,1994.0,DTPCV1,99.0,MEASLES,259.6
KWT,Kuwait,1994.0,DTPCV3,99.67,MEASLES,259.6
KWT,Kuwait,1994.0,HEPB3,93.0,MEASLES,259.6
KWT,Kuwait,1994.0,MCV1,98.0,MEASLES,259.6
KWT,Kuwait,1994.0,POL3,99.67,MEASLES,259.6
JOR,Jordan,1992.0,DTPCV1,97.0,MEASLES,259.5
JOR,Jordan,1992.0,DTPCV3,94.67,MEASLES,259.5
JOR,Jordan,1992.0,MCV1,91.0,MEASLES,259.5
JOR,Jordan,1992.0,POL3,94.67,MEASLES,259.5
DNK,Denmark,1982.0,BCG,95.0,PERTUSSIS,259.3
DNK,Denmark,1982.0,DTPCV1,97.0,PERTUSSIS,259.3
DNK,Denmark,1982.0,POL3,98.33,PERTUSSIS,259.3
MAR,Morocco,2000.0,BCG,95.67,MEASLES,259.2
MAR,Morocco,2000.0,DTPCV1,97.0,MEASLES,259.2
MAR,Morocco,2000.0,DTPCV3,94.0,MEASLES,259.2
MAR,Morocco,2000.0,MCV1,92.0,MEASLES,259.2
MAR,Morocco,2000.0,PAB,90.5,MEASLES,259.2
MAR,Morocco,2000.0,POL3,94.0,MEASLES,259.2
MAR,Morocco,2000.0,TT2PLUS,90.0,MEASLES,259.2
CHL,Chile,1997.0,BCG,92.0,RUBELLA,258.4
CHL,Chile,1997.0,DTPCV1,94.0,RUBELLA,258.4
CHL,Chile,1997.0,DTPCV3,90.0,RUBELLA,258.4
CHL,Chile,1997.0,HIB3,90.0,RUBELLA,258.4
CHL,Chile,1997.0,MCV1,96.0,RUBELLA,258.4
CHL,Chile,1997.0,POL3,90.0,RUBELLA,258.4
CHL,Chile,1997.0,RCV1,96.0,RUBELLA,258.4
KAZ,Kazakhstan,2004.0,HEPB3,99.33,MUMPS,258.0
KAZ,Kazakhstan,2004.0,HEPB_BD,99.0,MUMPS,258.0
KAZ,Kazakhstan,2004.0,MCV1,98.93,MUMPS,258.0
KAZ,Kazakhstan,2004.0,MCV2,99.67,MUMPS,258.0
KAZ,Kazakhstan,2004.0,POL3,99.13,MUMPS,258.0
KAZ,Kazakhstan,2004.0,RCV1,99.0,MUMPS,258.0
NAM,Namibia,2000.0,DTPCV1,90.0,MEASLES,257.9
NIC,Nicaragua,1985.0,BCG,99.0,MEASLES,257.9
ESP,Spain,1990.0,DTPCV1,95.0,PERTUSSIS,257.8
ESP,Spain,1990.0,MCV1,99.0,PERTUSSIS,257.8
ESP,Spain,1990.0,POL3,94.0,PERTUSSIS,257.8
ESP,Spain,1990.0,RCV1,99.0,PERTUSSIS,257.8
AIA,Anguilla,1988.0,BCG,94.5,MEASLES,257.0
AIA,Anguilla,1988.0,DTPCV3,99.0,MEASLES,257.0
AIA,Anguilla,1988.0,MCV1,98.0,MEASLES,257.0
AIA,Anguilla,1988.0,POL3,99.0,MEASLES,257.0
AUS,Australia,2007.0,DTPCV1,97.0,PERTUSSIS,256.7
AUS,Australia,2007.0,DTPCV3,92.0,PERTUSSIS,256.7
AUS,Australia,2007.0,HEPB3,94.0,PERTUSSIS,256.7
AUS,Australia,2007.0,HIB3,94.0,PERTUSSIS,256.7
AUS,Australia,2007.0,MCV1,94.0,PERTUSSIS,256.7
AUS,Australia,2007.0,PCV3,91.0,PERTUSSIS,256.7
AUS,Australia,2007.0,POL3,92.0,PERTUSSIS,256.7
AUS,Australia,2007.0,RCV1,94.1,PERTUSSIS,256.7
CAN,Canada,1993.0,DTPCV1,96.0,PERTUSSIS,256.7
CAN,Canada,1993.0,DTPCV3,90.0,PERTUSSIS,256.7
CAN,Canada,1993.0,MCV1,96.0,PERTUSSIS,256.7
CAN,Canada,1993.0,RCV1,96.0,PERTUSSIS,256.7
QAT,Qatar,2009.0,BCG,98.08,MUMPS,256.6
QAT,Qatar,2009.0,DTPCV1,98.46,MUMPS,256.6
QAT,Qatar,2009.0,DTPCV3,99.03,MUMPS,256.6
QAT,Qatar,2009.0,HEPB3,99.03,MUMPS,256.6
QAT,Qatar,2009.0,HEPB_BD,94.09,MUMPS,256.6
QAT,Qatar,2009.0,HIB3,99.03,MUMPS,256.6
QAT,Qatar,2009.0,MCV1,99.5,MUMPS,256.6
QAT,Qatar,2009.0,MCV2,98.93,MUMPS,256.6
QAT,Qatar,2009.0,PCV1,100.0,MUMPS,256.6
QAT,Qatar,2009.0,PCV3,99.15,MUMPS,256.6
QAT,Qatar,2009.0,POL3,98.05,MUMPS,256.6
QAT,Qatar,2009.0,RCV1,99.5,MUMPS,256.6
ARG,Argentina,1987.0,BCG,94.0,MEASLES,256.4
ARG,Argentina,1987.0,DTPCV1,91.0,MEASLES,256.4
AUS,Australia,1993.0,DTPCV1,96.0,MEASLES,255.9
AUS,Australia,1993.0,DTPCV3,90.0,MEASLES,255.9
SVK,Slovakia,2010.0,BCG,97.73,PERTUSSIS,255.8
SVK,Slovakia,2010.0,DTPCV1,99.0,PERTUSSIS,255.8
SVK,Slovakia,2010.0,DTPCV3,99.06,PERTUSSIS,255.8
SVK,Slovakia,2010.0,HEPB3,99.06,PERTUSSIS,255.8
SVK,Slovakia,2010.0,HIB3,99.06,PERTUSSIS,255.8
SVK,Slovakia,2010.0,MCV1,98.33,PERTUSSIS,255.8
SVK,Slovakia,2010.0,MCV2,99.15,PERTUSSIS,255.8
SVK,Slovakia,2010.0,PCV3,99.06,PERTUSSIS,255.8
SVK,Slovakia,2010.0,POL3,99.06,PERTUSSIS,255.8
SVK,Slovakia,2010.0,RCV1,98.33,PERTUSSIS,255.8
BGR,Bulgaria,2005.0,BCG,97.97,RUBELLA,255.7
BGR,Bulgaria,2005.0,DTPCV1,96.93,RUBELLA,255.7
BGR,Bulgaria,2005.0,DTPCV3,95.87,RUBELLA,255.7
BGR,Bulgaria,2005.0,HEPB3,96.0,RUBELLA,255.7
BGR,Bulgaria,2005.0,HEPB_BD,98.73,RUBELLA,255.7
BGR,Bulgaria,2005.0,MCV1,96.07,RUBELLA,255.7
BGR,Bulgaria,2005.0,MCV2,92.27,RUBELLA,255.7
BGR,Bulgaria,2005.0,POL3,96.87,RUBELLA,255.7
BGR,Bulgaria,2005.0,RCV1,96.1,RUBELLA,255.7
CHL,Chile,2007.0,BCG,98.0,RUBELLA,254.0
CHL,Chile,2007.0,DTPCV1,98.0,RUBELLA,254.0
CHL,Chile,2007.0,DTPCV3,96.0,RUBELLA,254.0
CHL,Chile,2007.0,HEPB3,93.33,RUBELLA,254.0
CHL,Chile,2007.0,HIB3,96.0,RUBELLA,254.0
CHL,Chile,2007.0,MCV1,92.0,RUBELLA,254.0
CHL,Chile,2007.0,MCV2,95.28,RUBELLA,254.0
CHL,Chile,2007.0,POL3,95.0,RUBELLA,254.0
CHL,Chile,2007.0,RCV1,92.0,RUBELLA,254.0
UKR,Ukraine,1992.0,BCG,93.0,MEASLES,254.0
UKR,Ukraine,1992.0,DTPCV1,96.0,MEASLES,254.0
UKR,Ukraine,1992.0,MCV1,90.0,MEASLES,254.0
SLE,Sierra Leone,2017.0,DTPCV1,98.0,MEASLES,253.8
SLE,Sierra Leone,2017.0,DTPCV3,91.0,MEASLES,253.8
SLE,Sierra Leone,2017.0,HEPB3,91.0,MEASLES,253.8
SLE,Sierra Leone,2017.0,HIB3,91.0,MEASLES,253.8
SLE,Sierra Leone,2017.0,PCV1,98.0,MEASLES,253.8
SLE,Sierra Leone,2017.0,PCV2,93.0,MEASLES,253.8
SLE,Sierra Leone,2017.0,PCV3,90.67,MEASLES,253.8
SLE,Sierra Leone,2017.0,POL3,91.0,MEASLES,253.8
SLE,Sierra Leone,2017.0,ROTA1,98.0,MEASLES,253.8
SLE,Sierra Leone,2017.0,ROTAC,92.33,MEASLES,253.8
SLE,Sierra Leone,2017.0,TT2PLUS,98.0,MEASLES,253.8
SLE,Sierra Leone,2017.0,VAD1,99.0,MEASLES,253.8
FIN,Finland,1994.0,BCG,99.0,PERTUSSIS,253.7
FIN,Finland,1994.0,DTPCV1,99.0,PERTUSSIS,253.7
FIN,Finland,1994.0,DTPCV3,99.0,PERTUSSIS,253.7
FIN,Finland,1994.0,HIB3,93.0,PERTUSSIS,253.7
FIN,Finland,1994.0,MCV1,99.0,PERTUSSIS,253.7
FIN,Finland,1994.0,POL3,98.67,PERTUSSIS,253.7
FIN,Finland,1994.0,RCV1,99.0,PERTUSSIS,253.7
FIN,Finland,1994.0,TT2PLUS,99.0,PERTUSSIS,253.7
ROU,Romania,2007.0,BCG,99.0,MUMPS,253.5
ROU,Romania,2007.0,DTPCV1,97.0,MUMPS,253.5
ROU,Romania,2007.0,DTPCV3,96.0,MUMPS,253.5
ROU,Romania,2007.0,HEPB3,99.0,MUMPS,253.5
ROU,Romania,2007.0,MCV1,97.0,MUMPS,253.5
ROU,Romania,2007.0,MCV2,96.07,MUMPS,253.5
ROU,Romania,2007.0,POL3,96.0,MUMPS,253.5
NZL,New Zealand,2015.0,DTPCV1,92.81,PERTUSSIS,253.1
NZL,New Zealand,2015.0,DTPCV3,92.1,PERTUSSIS,253.1
NZL,New Zealand,2015.0,HEPB3,92.1,PERTUSSIS,253.1
NZL,New Zealand,2015.0,HIB3,92.1,PERTUSSIS,253.1
NZL,New Zealand,2015.0,IPV1,92.81,PERTUSSIS,253.1
NZL,New Zealand,2015.0,MCV1,92.87,PERTUSSIS,253.1
NZL,New Zealand,2015.0,PCV1,93.18,PERTUSSIS,253.1
NZL,New Zealand,2015.0,PCV2,92.88,PERTUSSIS,253.1
NZL,New Zealand,2015.0,PCV3,92.93,PERTUSSIS,253.1
NZL,New Zealand,2015.0,POL3,92.1,PERTUSSIS,253.1
NZL,New Zealand,2015.0,RCV1,92.87,PERTUSSIS,253.1
TUV,Tuvalu,1984.0,BCG,90.0,MEASLES,253.1
MDV,Maldives,2003.0,BCG,98.33,MEASLES,253.0
MDV,Maldives,2003.0,DTPCV1,98.33,MEASLES,253.0
MDV,Maldives,2003.0,DTPCV3,97.67,MEASLES,253.0
MDV,Maldives,2003.0,HEPB3,97.67,MEASLES,253.0
MDV,Maldives,2003.0,HEPB_BD,98.5,MEASLES,253.0
MDV,Maldives,2003.0,MCV1,96.3,MEASLES,253.0
MDV,Maldives,2003.0,PAB,94.0,MEASLES,253.0
MDV,Maldives,2003.0,POL3,97.67,MEASLES,253.0
MDV,Maldives,2003.0,TT2PLUS,96.5,MEASLES,253.0
PRY,Paraguay,2018.0,PAB,95.0,MUMPS,253.0
TUR,Türkiye,1999.0,DTPCV1,92.0,MEASLES,252.8
SGP,Singapore,1983.0,DTPCV1,94.0,MEASLES,252.0
STP,Sao Tome and Principe,1986.0,BCG,99.0,TTETANUS,251.9
CHL,Chile,2019.0,BCG,98.0,MUMPS,251.5
CHL,Chile,2019.0,DIPHCV4,91.0,MUMPS,251.5
CHL,Chile,2019.0,DIPHCV5,93.0,MUMPS,251.5
CHL,Chile,2019.0,DIPHCV6,90.0,MUMPS,251.5
CHL,Chile,2019.0,DTPCV1,99.0,MUMPS,251.5
CHL,Chile,2019.0,DTPCV3,96.0,MUMPS,251.5
CHL,Chile,2019.0,FLU_CHRONIC_ADULT,94.16,MUMPS,251.5
CHL,Chile,2019.0,FLU_CHRONIC_ALL,94.16,MUMPS,251.5
CHL,Chile,2019.0,FLU_HCW,97.18,MUMPS,251.5
CHL,Chile,2019.0,HEPB3,96.0,MUMPS,251.5
CHL,Chile,2019.0,HEPB_BDALL,95.0,MUMPS,251.5
CHL,Chile,2019.0,HIB3,96.0,MUMPS,251.5
CHL,Chile,2019.0,IPV1,99.0,MUMPS,251.5
CHL,Chile,2019.0,MCV1,95.0,MUMPS,251.5
CHL,Chile,2019.0,MCV2,91.0,MUMPS,251.5
CHL,Chile,2019.0,MEN_A_CONJ,96.0,MUMPS,251.5
CHL,Chile,2019.0,PCV1,98.0,MUMPS,251.5
CHL,Chile,2019.0,PCV2,98.0,MUMPS,251.5
CHL,Chile,2019.0,PCV3,95.0,MUMPS,251.5
CHL,Chile,2019.0,PERCV4,91.0,MUMPS,251.5
CHL,Chile,2019.0,POL3,96.0,MUMPS,251.5
CHL,Chile,2019.0,PRHPV1_F,94.0,MUMPS,251.5
CHL,Chile,2019.0,PRHPV1_M,93.0,MUMPS,251.5
CHL,Chile,2019.0,RCV1,95.0,MUMPS,251.5
CHL,Chile,2019.0,TTCV4,91.0,MUMPS,251.5
CHL,Chile,2019.0,TTCV5,93.0,MUMPS,251.5
CHL,Chile,2019.0,TTCV6,90.0,MUMPS,251.5
TON,Tonga,1989.0,BCG,97.0,MEASLES,251.5
TON,Tonga,1989.0,DTPCV1,97.0,MEASLES,251.5
TON,Tonga,1989.0,DTPCV3,93.0,MEASLES,251.5
TON,Tonga,1989.0,POL3,93.0,MEASLES,251.5
AUT,Austria,2019.0,DTPCV1,93.0,PERTUSSIS,251.4
AUT,Austria,2019.0,IPV1,93.0,PERTUSSIS,251.4
AUT,Austria,2019.0,MCV1,95.0,PERTUSSIS,251.4
AUT,Austria,2019.0,RCV1,95.0,PERTUSSIS,251.4
NLD,Netherlands (Kingdom of the),1997.0,DTPCV1,99.0,PERTUSSIS,251.0
NLD,Netherlands (Kingdom of the),1997.0,DTPCV3,97.27,PERTUSSIS,251.0
NLD,Netherlands (Kingdom of the),1997.0,HIB3,95.87,PERTUSSIS,251.0
NLD,Netherlands (Kingdom of the),1997.0,MCV1,96.07,PERTUSSIS,251.0
NLD,Netherlands (Kingdom of the),1997.0,MCV2,96.0,PERTUSSIS,251.0
NLD,Netherlands (Kingdom of the),1997.0,POL3,97.27,PERTUSSIS,251.0
NLD,Netherlands (Kingdom of the),1997.0,RCV1,96.0,PERTUSSIS,251.0
NLD,Netherlands (Kingdom of the),1997.0,TT2PLUS,95.0,PERTUSSIS,251.0
MEX,Mexico,1989.0,POL3,96.0,MEASLES,250.9
AUS,Australia,2003.0,DTPCV1,97.0,PERTUSSIS,250.7
AUS,Australia,2003.0,DTPCV3,93.0,PERTUSSIS,250.7
AUS,Australia,2003.0,HEPB3,95.0,PERTUSSIS,250.7
AUS,Australia,2003.0,HIB3,95.0,PERTUSSIS,250.7
AUS,Australia,2003.0,MCV1,94.0,PERTUSSIS,250.7
AUS,Australia,2003.0,POL3,92.33,PERTUSSIS,250.7
AUS,Australia,2003.0,RCV1,94.0,PERTUSSIS,250.7
BFA,Burkina Faso,2021.0,BCG,98.0,MUMPS,250.3
BFA,Burkina Faso,2021.0,DTPCV1,95.0,MUMPS,250.3
BFA,Burkina Faso,2021.0,DTPCV3,91.0,MUMPS,250.3
BFA,Burkina Faso,2021.0,HEPB3,91.0,MUMPS,250.3
BFA,Burkina Faso,2021.0,HIB3,91.0,MUMPS,250.3
BFA,Burkina Faso,2021.0,IPV1,91.0,MUMPS,250.3
BFA,Burkina Faso,2021.0,MCV1,91.94,MUMPS,250.3
BFA,Burkina Faso,2021.0,PAB,95.0,MUMPS,250.3
BFA,Burkina Faso,2021.0,PCV1,95.0,MUMPS,250.3
BFA,Burkina Faso,2021.0,PCV2,90.15,MUMPS,250.3
BFA,Burkina Faso,2021.0,POL3,91.0,MUMPS,250.3
BFA,Burkina Faso,2021.0,RCV1,91.94,MUMPS,250.3
BFA,Burkina Faso,2021.0,ROTA1,95.0,MUMPS,250.3
BFA,Burkina Faso,2021.0,ROTAC,91.75,MUMPS,250.3
BFA,Burkina Faso,2021.0,VAD1,98.51,MUMPS,250.3
ITA,Italy,1995.0,DTPCV1,98.0,PERTUSSIS,250.1
ITA,Italy,1995.0,HEPB3,95.0,PERTUSSIS,250.1
ITA,Italy,1995.0,POL3,98.0,PERTUSSIS,250.1
ALB,Albania,1999.0,DTPCV1,98.0,MEASLES,250.0
ALB,Albania,1999.0,DTPCV3,97.0,MEASLES,250.0
ALB,Albania,1999.0,HEPB3,94.97,MEASLES,250.0
ALB,Albania,1999.0,POL3,97.13,MEASLES,250.0
ISR,Israel,2004.0,DTPCV1,95.0,PERTUSSIS,249.9
ISR,Israel,2004.0,DTPCV3,95.0,PERTUSSIS,249.9
ISR,Israel,2004.0,HEPB3,99.0,PERTUSSIS,249.9
ISR,Israel,2004.0,HEPB_BD,96.0,PERTUSSIS,249.9
ISR,Israel,2004.0,HIB3,95.0,PERTUSSIS,249.9
ISR,Israel,2004.0,MCV1,97.0,PERTUSSIS,249.9
ISR,Israel,2004.0,MCV2,97.0,PERTUSSIS,249.9
ISR,Israel,2004.0,POL3,95.0,PERTUSSIS,249.9
ISR,Israel,2004.0,RCV1,97.0,PERTUSSIS,249.9
BHR,Bahrain,2000.0,DTPCV1,97.73,MUMPS,249.4
BHR,Bahrain,2000.0,DTPCV3,96.73,MUMPS,249.4
BHR,Bahrain,2000.0,HEPB3,96.87,MUMPS,249.4
BHR,Bahrain,2000.0,HIB3,97.0,MUMPS,249.4
BHR,Bahrain,2000.0,MCV1,98.3,MUMPS,249.4
BHR,Bahrain,2000.0,MCV2,92.27,MUMPS,249.4
BHR,Bahrain,2000.0,POL3,96.87,MUMPS,249.4
BHR,Bahrain,2000.0,RCV1,98.0,MUMPS,249.4
MDV,Maldives,1993.0,DTPCV1,93.0,MEASLES,249.1
MDV,Maldives,1993.0,DTPCV3,90.0,MEASLES,249.1
MDV,Maldives,1993.0,PAB,91.0,MEASLES,249.1
MDV,Maldives,1993.0,POL3,98.0,MEASLES,249.1
MDV,Maldives,1993.0,TT2PLUS,94.0,MEASLES,249.1
THA,Thailand,1997.0,BCG,99.0,MEASLES,249.0
THA,Thailand,1997.0,DTPCV1,98.0,MEASLES,249.0
THA,Thailand,1997.0,DTPCV3,95.0,MEASLES,249.0
THA,Thailand,1997.0,HEPB3,94.0,MEASLES,249.0
THA,Thailand,1997.0,MCV1,93.0,MEASLES,249.0
THA,Thailand,1997.0,POL3,95.0,MEASLES,249.0
THA,Thailand,1997.0,RCV1,93.0,MEASLES,249.0
AUT,Austria,2018.0,DTPCV1,90.15,PERTUSSIS,248.5
AUT,Austria,2018.0,IPV1,91.1,PERTUSSIS,248.5
AUT,Austria,2018.0,MCV1,93.75,PERTUSSIS,248.5
AUT,Austria,2018.0,RCV1,93.75,PERTUSSIS,248.5
ARM,Armenia,1990.0,MCV1,95.0,MEASLES,247.5
ARM,Armenia,1990.0,POL3,93.0,MEASLES,247.5
ARM,Armenia,1997.0,DTPCV1,96.0,MEASLES,247.1
ARM,Armenia,1997.0,MCV1,92.0,MEASLES,247.1
ARM,Armenia,1997.0,POL3,94.87,MEASLES,247.1
MLT,Malta,1999.0,DTPCV1,97.0,MUMPS,246.9
MLT,Malta,1999.0,DTPCV3,93.0,MUMPS,246.9
MLT,Malta,1999.0,HIB3,91.0,MUMPS,246.9
MLT,Malta,1999.0,POL3,93.0,MUMPS,246.9
TJK,Tajikistan,1996.0,BCG,94.67,DIPHTHERIA,246.6
TJK,Tajikistan,1996.0,TT2PLUS,90.0,DIPHTHERIA,246.6
ISL,Iceland,1984.0,DTPCV1,99.0,PERTUSSIS,246.3
ISL,Iceland,1984.0,DTPCV3,99.0,PERTUSSIS,246.3
ISL,Iceland,1984.0,MCV1,96.0,PERTUSSIS,246.3
ISL,Iceland,1984.0,POL3,99.0,PERTUSSIS,246.3
ISL,Iceland,1984.0,RCV1,96.0,PERTUSSIS,246.3
URY,Uruguay,2019.0,BCG,99.0,MUMPS,245.8
URY,Uruguay,2019.0,DIPHCV4,96.0,MUMPS,245.8
URY,Uruguay,2019.0,DIPHCV5,90.0,MUMPS,245.8
URY,Uruguay,2019.0,DIPHCV6,95.0,MUMPS,245.8
URY,Uruguay,2019.0,DTPCV1,99.67,MUMPS,245.8
URY,Uruguay,2019.0,DTPCV3,94.0,MUMPS,245.8
URY,Uruguay,2019.0,HEPB3,94.0,MUMPS,245.8
URY,Uruguay,2019.0,HIB3,94.0,MUMPS,245.8
URY,Uruguay,2019.0,IPV1,99.0,MUMPS,245.8
URY,Uruguay,2019.0,MCV1,96.0,MUMPS,245.8
URY,Uruguay,2019.0,MCV2,99.0,MUMPS,245.8
URY,Uruguay,2019.0,PCV1,100.0,MUMPS,245.8
URY,Uruguay,2019.0,PCV2,96.0,MUMPS,245.8
URY,Uruguay,2019.0,PCV3,95.0,MUMPS,245.8
URY,Uruguay,2019.0,PERCV4,96.0,MUMPS,245.8
URY,Uruguay,2019.0,POL3,93.0,MUMPS,245.8
URY,Uruguay,2019.0,RCV1,96.0,MUMPS,245.8
URY,Uruguay,2019.0,TTCV4,96.0,MUMPS,245.8
URY,Uruguay,2019.0,TTCV5,90.0,MUMPS,245.8
URY,Uruguay,2019.0,TTCV6,95.0,MUMPS,245.8
BLR,Belarus,2006.0,BCG,99.0,RUBELLA,245.6
BLR,Belarus,2006.0,DTPCV1,99.0,RUBELLA,245.6
BLR,Belarus,2006.0,DTPCV3,99.0,RUBELLA,245.6
BLR,Belarus,2006.0,HEPB3,98.0,RUBELLA,245.6
BLR,Belarus,2006.0,HEPB_BD,99.13,RUBELLA,245.6
BLR,Belarus,2006.0,MCV1,97.0,RUBELLA,245.6
BLR,Belarus,2006.0,MCV2,95.13,RUBELLA,245.6
BLR,Belarus,2006.0,POL3,97.0,RUBELLA,245.6
BLR,Belarus,2006.0,RCV1,96.87,RUBELLA,245.6
HND,Honduras,1988.0,DTPCV1,90.0,MEASLES,245.3
NPL,Nepal,2000.0,BCG,92.73,PERTUSSIS,245.3
TKM,Turkmenistan,2000.0,BCG,98.93,MUMPS,245.3
TKM,Turkmenistan,2000.0,DTPCV1,97.13,MUMPS,245.3
TKM,Turkmenistan,2000.0,DTPCV3,97.13,MUMPS,245.3
TKM,Turkmenistan,2000.0,MCV1,96.33,MUMPS,245.3
TKM,Turkmenistan,2000.0,MCV2,91.8,MUMPS,245.3
TKM,Turkmenistan,2000.0,POL3,98.0,MUMPS,245.3
SMR,San Marino,1993.0,DTPCV1,99.0,MEASLES,245.2
SMR,San Marino,1993.0,DTPCV3,99.0,MEASLES,245.2
SMR,San Marino,1993.0,HEPB3,98.0,MEASLES,245.2
SMR,San Marino,1993.0,MCV1,96.0,MEASLES,245.2
SMR,San Marino,1993.0,POL3,99.67,MEASLES,245.2
SMR,San Marino,1993.0,TT2PLUS,99.0,MEASLES,245.2
ISR,Israel,2019.0,DIPHCV4,95.9,PERTUSSIS,245.0
ISR,Israel,2019.0,DIPHCV5,95.85,PERTUSSIS,245.0
ISR,Israel,2019.0,DIPHCV6,94.8,PERTUSSIS,245.0
ISR,Israel,2019.0,DTPCV1,99.5,PERTUSSIS,245.0
ISR,Israel,2019.0,DTPCV3,98.03,PERTUSSIS,245.0
ISR,Israel,2019.0,HEPB3,96.6,PERTUSSIS,245.0
ISR,Israel,2019.0,HEPB_BD,95.0,PERTUSSIS,245.0
ISR,Israel,2019.0,HEPB_BDALL,99.1,PERTUSSIS,245.0
ISR,Israel,2019.0,HIB3,98.0,PERTUSSIS,245.0
ISR,Israel,2019.0,IPV1,99.57,PERTUSSIS,245.0
ISR,Israel,2019.0,MCV1,98.97,PERTUSSIS,245.0
ISR,Israel,2019.0,MCV2,97.2,PERTUSSIS,245.0
ISR,Israel,2019.0,PCV1,96.8,PERTUSSIS,245.0
ISR,Israel,2019.0,PCV2,97.2,PERTUSSIS,245.0
ISR,Israel,2019.0,PCV3,94.83,PERTUSSIS,245.0
ISR,Israel,2019.0,PERCV4,95.9,PERTUSSIS,245.0
ISR,Israel,2019.0,POL3,98.07,PERTUSSIS,245.0
ISR,Israel,2019.0,RCV1,98.97,PERTUSSIS,245.0
ISR,Israel,2019.0,ROTA1,92.1,PERTUSSIS,245.0
ISR,Israel,2019.0,TTCV4,95.9,PERTUSSIS,245.0
ISR,Israel,2019.0,TTCV5,95.85,PERTUSSIS,245.0
ISR,Israel,2019.0,TTCV6,94.8,PERTUSSIS,245.0
IDN,Indonesia,1994.0,BCG,92.33,MEASLES,244.9
LKA,Sri Lanka,1990.0,DTPCV1,95.0,MEASLES,244.9
COG,Congo,2010.0,BCG,90.67,POLIO,244.5
CYM,Cayman Islands,1984.0,DTPCV3,90.0,MEASLES,244.4
CYM,Cayman Islands,1984.0,POL3,90.0,MEASLES,244.4
EST,Estonia,1998.0,BCG,99.0,PERTUSSIS,243.8
EST,Estonia,1998.0,DTPCV1,97.0,PERTUSSIS,243.8
LCA,Saint Lucia,1986.0,DTPCV1,92.0,MEASLES,243.8
LCA,Saint Lucia,1986.0,MCV1,91.0,MEASLES,243.8
LCA,Saint Lucia,1986.0,RCV1,91.0,MEASLES,243.8
BTN,Bhutan,1999.0,DTPCV1,95.0,DIPHTHERIA,243.7
NPL,Nepal,1998.0,DTPCV1,92.0,MEASLES,243.7
IRL,Ireland,2005.0,DTPCV1,96.0,MUMPS,243.5
IRL,Ireland,2005.0,DTPCV3,90.0,MUMPS,243.5
IRL,Ireland,2005.0,HIB3,90.0,MUMPS,243.5
IRL,Ireland,2005.0,POL3,90.0,MUMPS,243.5
NZL,New Zealand,2014.0,DTPCV1,93.12,PERTUSSIS,243.0
NZL,New Zealand,2014.0,DTPCV3,92.77,PERTUSSIS,243.0
NZL,New Zealand,2014.0,HEPB3,92.77,PERTUSSIS,243.0
NZL,New Zealand,2014.0,HIB3,92.73,PERTUSSIS,243.0
NZL,New Zealand,2014.0,IPV1,93.18,PERTUSSIS,243.0
NZL,New Zealand,2014.0,MCV1,92.71,PERTUSSIS,243.0
NZL,New Zealand,2014.0,PCV1,93.37,PERTUSSIS,243.0
NZL,New Zealand,2014.0,PCV2,93.01,PERTUSSIS,243.0
NZL,New Zealand,2014.0,PCV3,92.88,PERTUSSIS,243.0
NZL,New Zealand,2014.0,POL3,92.77,PERTUSSIS,243.0
NZL,New Zealand,2014.0,RCV1,92.71,PERTUSSIS,243.0
CHL,Chile,1980.0,BCG,96.0,PERTUSSIS,242.9
CHL,Chile,1980.0,DTPCV1,96.5,PERTUSSIS,242.9
CHL,Chile,1980.0,DTPCV3,93.0,PERTUSSIS,242.9
CHL,Chile,1980.0,MCV1,94.0,PERTUSSIS,242.9
CHL,Chile,1980.0,POL3,93.0,PERTUSSIS,242.9
ARM,Armenia,2004.0,BCG,95.87,RUBELLA,242.5
ARM,Armenia,2004.0,DTPCV1,97.0,RUBELLA,242.5
ARM,Armenia,2004.0,DTPCV3,90.7,RUBELLA,242.5
ARM,Armenia,2004.0,HEPB3,90.87,RUBELLA,242.5
ARM,Armenia,2004.0,HEPB_BD,94.0,RUBELLA,242.5
ARM,Armenia,2004.0,MCV1,91.67,RUBELLA,242.5
ARM,Armenia,2004.0,MCV2,94.27,RUBELLA,242.5
ARM,Armenia,2004.0,POL3,93.0,RUBELLA,242.5
ARM,Armenia,2004.0,RCV1,91.67,RUBELLA,242.5
FIN,Finland,2003.0,BCG,98.0,PERTUSSIS,242.3
FIN,Finland,2003.0,DTPCV1,98.0,PERTUSSIS,242.3
FIN,Finland,2003.0,DTPCV3,98.0,PERTUSSIS,242.3
FIN,Finland,2003.0,HIB3,96.0,PERTUSSIS,242.3
FIN,Finland,2003.0,MCV1,97.0,PERTUSSIS,242.3
FIN,Finland,2003.0,POL3,96.0,PERTUSSIS,242.3
FIN,Finland,2003.0,RCV1,97.0,PERTUSSIS,242.3
BEL,Belgium,2012.0,DTPCV1,99.3,MUMPS,241.9
BEL,Belgium,2012.0,DTPCV3,98.95,MUMPS,241.9
BEL,Belgium,2012.0,HEPB3,97.9,MUMPS,241.9
BEL,Belgium,2012.0,HIB3,98.2,MUMPS,241.9
BEL,Belgium,2012.0,IPV1,99.7,MUMPS,241.9
BEL,Belgium,2012.0,MCV1,95.8,MUMPS,241.9
BEL,Belgium,2012.0,PCV1,98.0,MUMPS,241.9
BEL,Belgium,2012.0,PCV2,97.0,MUMPS,241.9
BEL,Belgium,2012.0,PCV3,93.15,MUMPS,241.9
BEL,Belgium,2012.0,POL3,99.0,MUMPS,241.9
BEL,Belgium,2012.0,RCV1,95.8,MUMPS,241.9
NZL,New Zealand,2019.0,DIPHCV4,90.28,PERTUSSIS,241.7
NZL,New Zealand,2019.0,DTPCV1,93.91,PERTUSSIS,241.7
NZL,New Zealand,2019.0,DTPCV3,91.73,PERTUSSIS,241.7
NZL,New Zealand,2019.0,HEPB3,91.77,PERTUSSIS,241.7
NZL,New Zealand,2019.0,HIB3,91.26,PERTUSSIS,241.7
NZL,New Zealand,2019.0,IPV1,94.0,PERTUSSIS,241.7
NZL,New Zealand,2019.0,MCV1,91.84,PERTUSSIS,241.7
NZL,New Zealand,2019.0,PCV1,94.5,PERTUSSIS,241.7
NZL,New Zealand,2019.0,PCV2,93.18,PERTUSSIS,241.7
NZL,New Zealand,2019.0,PCV3,91.11,PERTUSSIS,241.7
NZL,New Zealand,2019.0,PERCV4,90.28,PERTUSSIS,241.7
NZL,New Zealand,2019.0,POL3,91.79,PERTUSSIS,241.7
NZL,New Zealand,2019.0,RCV1,91.84,PERTUSSIS,241.7
NZL,New Zealand,2019.0,TTCV4,90.28,PERTUSSIS,241.7
SGP,Singapore,2004.0,BCG,99.06,MUMPS,240.4
SGP,Singapore,2004.0,DTPCV1,95.16,MUMPS,240.4
SGP,Singapore,2004.0,DTPCV3,94.52,MUMPS,240.4
SGP,Singapore,2004.0,HEPB3,93.44,MUMPS,240.4
SGP,Singapore,2004.0,MCV1,94.77,MUMPS,240.4
SGP,Singapore,2004.0,MCV2,96.0,MUMPS,240.4
SGP,Singapore,2004.0,POL3,94.45,MUMPS,240.4
SGP,Singapore,2004.0,RCV1,94.77,MUMPS,240.4
RUS,Russian Federation,1995.0,BCG,93.27,DIPHTHERIA,240.3
RUS,Russian Federation,1995.0,DTPCV1,92.0,DIPHTHERIA,240.3
RUS,Russian Federation,1995.0,TT2PLUS,92.7,DIPHTHERIA,240.3
CRI,Costa Rica,2006.0,MCV1,90.25,PERTUSSIS,240.0
CRI,Costa Rica,2006.0,RCV1,90.0,PERTUSSIS,240.0
AUS,Australia,1996.0,DTPCV1,95.0,PERTUSSIS,239.8
CZE,Czechia,2014.0,DTPCV1,99.0,PERTUSSIS,239.7
CZE,Czechia,2014.0,DTPCV3,97.08,PERTUSSIS,239.7
CZE,Czechia,2014.0,HEPB3,99.11,PERTUSSIS,239.7
CZE,Czechia,2014.0,HIB3,99.11,PERTUSSIS,239.7
CZE,Czechia,2014.0,MCV1,99.22,PERTUSSIS,239.7
CZE,Czechia,2014.0,MCV2,96.91,PERTUSSIS,239.7
CZE,Czechia,2014.0,POL3,99.15,PERTUSSIS,239.7
CZE,Czechia,2014.0,RCV1,99.22,PERTUSSIS,239.7
ZAF,South Africa,2010.0,VAD1,95.5,MEASLES,238.8
VEN,Venezuela (Bolivarian Republic of),2000.0,BCG,99.0,MUMPS,238.6
VEN,Venezuela (Bolivarian Republic of),2000.0,DTPCV1,92.0,MUMPS,238.6
LBR,Liberia,2019.0,DTPCV1,91.33,MEASLES,238.5
LBR,Liberia,2019.0,HPV_FEM,96.0,MEASLES,238.5
LBR,Liberia,2019.0,PAB,90.0,MEASLES,238.5
LBR,Liberia,2019.0,PCV1,94.0,MEASLES,238.5
MAR,Morocco,1992.0,BCG,94.33,MEASLES,238.3
MAR,Morocco,1992.0,DTPCV1,95.0,MEASLES,238.3
CHN,China,2013.0,BCG,99.38,MUMPS,237.7
CHN,China,2013.0,DTPCV1,99.34,MUMPS,237.7
CHN,China,2013.0,DTPCV3,99.34,MUMPS,237.7
CHN,China,2013.0,HEPB3,99.3,MUMPS,237.7
CHN,China,2013.0,HEPB_BD,99.0,MUMPS,237.7
CHN,China,2013.0,JAPENC,99.53,MUMPS,237.7
CHN,China,2013.0,MCV1,99.32,MUMPS,237.7
CHN,China,2013.0,MCV2,99.28,MUMPS,237.7
CHN,China,2013.0,POL3,99.35,MUMPS,237.7
CHN,China,2013.0,RCV1,96.15,MUMPS,237.7
ROU,Romania,2005.0,BCG,98.17,MEASLES,237.7
ROU,Romania,2005.0,DTPCV1,97.0,MEASLES,237.7
ROU,Romania,2005.0,DTPCV3,97.0,MEASLES,237.7
ROU,Romania,2005.0,HEPB3,98.0,MEASLES,237.7
ROU,Romania,2005.0,HEPB_BD,99.47,MEASLES,237.7
ROU,Romania,2005.0,MCV1,97.0,MEASLES,237.7
ROU,Romania,2005.0,MCV2,96.0,MEASLES,237.7
ROU,Romania,2005.0,POL3,97.0,MEASLES,237.7
ROU,Romania,2005.0,RCV1,95.67,MEASLES,237.7
MNG,Mongolia,1995.0,BCG,94.0,MEASLES,237.6
MNG,Mongolia,1995.0,DTPCV1,96.0,MEASLES,237.6
HUN,Hungary,1982.0,BCG,99.0,MEASLES,236.6
HUN,Hungary,1982.0,DTPCV1,99.0,MEASLES,236.6
HUN,Hungary,1982.0,DTPCV3,99.0,MEASLES,236.6
HUN,Hungary,1982.0,MCV1,99.0,MEASLES,236.6
HUN,Hungary,1982.0,POL3,99.0,MEASLES,236.6
OMN,Oman,2009.0,BCG,99.0,MUMPS,236.5
OMN,Oman,2009.0,DTPCV1,99.0,MUMPS,236.5
OMN,Oman,2009.0,DTPCV3,98.0,MUMPS,236.5
OMN,Oman,2009.0,HEPB3,98.0,MUMPS,236.5
OMN,Oman,2009.0,HEPB_BD,99.0,MUMPS,236.5
OMN,Oman,2009.0,HIB3,98.0,MUMPS,236.5
OMN,Oman,2009.0,MCV1,99.0,MUMPS,236.5
OMN,Oman,2009.0,MCV2,98.77,MUMPS,236.5
OMN,Oman,2009.0,PAB,91.0,MUMPS,236.5
OMN,Oman,2009.0,PCV3,96.07,MUMPS,236.5
OMN,Oman,2009.0,POL3,96.09,MUMPS,236.5
OMN,Oman,2009.0,RCV1,99.0,MUMPS,236.5
OMN,Oman,2009.0,VAD1,97.69,MUMPS,236.5
EST,Estonia,1997.0,BCG,99.0,PERTUSSIS,236.4
EST,Estonia,1997.0,DTPCV1,96.0,PERTUSSIS,236.4
EST,Estonia,1997.0,TT2PLUS,94.2,PERTUSSIS,236.4
COL,Colombia,1992.0,DTPCV1,90.0,MEASLES,236.3
VNM,Viet Nam,1999.0,BCG,95.0,MUMPS,236.1
VNM,Viet Nam,1999.0,DTPCV1,97.0,MUMPS,236.1
VNM,Viet Nam,1999.0,DTPCV3,93.0,MUMPS,236.1
VNM,Viet Nam,1999.0,MCV1,94.0,MUMPS,236.1
VNM,Viet Nam,1999.0,POL3,93.0,MUMPS,236.1
AZE,Azerbaijan,2003.0,BCG,93.6,MEASLES,235.5
AZE,Azerbaijan,2003.0,DTPCV1,93.07,MEASLES,235.5
AZE,Azerbaijan,2003.0,DTPCV3,90.6,MEASLES,235.5
AZE,Azerbaijan,2003.0,HEPB_BD,93.8,MEASLES,235.5
AZE,Azerbaijan,2003.0,POL3,92.0,MEASLES,235.5
SGP,Singapore,2005.0,BCG,97.88,MUMPS,235.0
SGP,Singapore,2005.0,DTPCV1,95.82,MUMPS,235.0
SGP,Singapore,2005.0,DTPCV3,96.07,MUMPS,235.0
SGP,Singapore,2005.0,HEPB3,95.78,MUMPS,235.0
SGP,Singapore,2005.0,MCV1,95.73,MUMPS,235.0
SGP,Singapore,2005.0,MCV2,95.33,MUMPS,235.0
SGP,Singapore,2005.0,POL3,96.01,MUMPS,235.0
SGP,Singapore,2005.0,RCV1,95.73,MUMPS,235.0
BIH,Bosnia and Herzegovina,1994.0,DTPCV1,94.0,MEASLES,234.9
TKM,Turkmenistan,1998.0,BCG,98.0,MEASLES,234.7
TKM,Turkmenistan,1998.0,DTPCV1,99.0,MEASLES,234.7
TKM,Turkmenistan,1998.0,DTPCV3,99.0,MEASLES,234.7
TKM,Turkmenistan,1998.0,MCV1,99.0,MEASLES,234.7
TKM,Turkmenistan,1998.0,POL3,99.33,MEASLES,234.7
FRA,France,2011.0,DTPCV1,99.0,MEASLES,234.6
FRA,France,2011.0,DTPCV3,99.0,MEASLES,234.6
FRA,France,2011.0,HIB3,98.0,MEASLES,234.6
FRA,France,2011.0,PCV1,96.2,MEASLES,234.6
FRA,France,2011.0,POL3,99.0,MEASLES,234.6
KWT,Kuwait,1992.0,DTPCV1,96.0,MEASLES,234.3
BWA,Botswana,2014.0,BCG,94.67,RUBELLA,233.9
BWA,Botswana,2014.0,DTPCV1,98.5,RUBELLA,233.9
BWA,Botswana,2014.0,DTPCV3,94.49,RUBELLA,233.9
BWA,Botswana,2014.0,HEPB3,94.49,RUBELLA,233.9
BWA,Botswana,2014.0,HEPB_BD,91.11,RUBELLA,233.9
BWA,Botswana,2014.0,HIB3,94.49,RUBELLA,233.9
BWA,Botswana,2014.0,MCV1,94.33,RUBELLA,233.9
BWA,Botswana,2014.0,PAB,92.0,RUBELLA,233.9
BWA,Botswana,2014.0,PCV1,99.0,RUBELLA,233.9
BWA,Botswana,2014.0,PCV2,91.03,RUBELLA,233.9
BWA,Botswana,2014.0,ROTA1,98.06,RUBELLA,233.9
BWA,Botswana,2014.0,VAD1,97.0,RUBELLA,233.9
LBY,Libya,1994.0,BCG,99.0,MEASLES,233.7
LBY,Libya,1994.0,DTPCV1,98.0,MEASLES,233.7
LBY,Libya,1994.0,DTPCV3,95.0,MEASLES,233.7
LBY,Libya,1994.0,HEPB3,92.0,MEASLES,233.7
LBY,Libya,1994.0,MCV1,92.0,MEASLES,233.7
LBY,Libya,1994.0,POL3,95.0,MEASLES,233.7
TUR,Türkiye,2007.0,BCG,94.0,MUMPS,233.6
TUR,Türkiye,2007.0,DTPCV1,98.0,MUMPS,233.6
TUR,Türkiye,2007.0,DTPCV3,96.0,MUMPS,233.6
TUR,Türkiye,2007.0,HEPB3,96.0,MUMPS,233.6
TUR,Türkiye,2007.0,HEPB_BD,96.0,MUMPS,233.6
TUR,Türkiye,2007.0,MCV1,96.0,MUMPS,233.6
TUR,Türkiye,2007.0,MCV2,94.0,MUMPS,233.6
TUR,Türkiye,2007.0,POL3,96.0,MUMPS,233.6
TUR,Türkiye,2007.0,RCV1,96.0,MUMPS,233.6
BGR,Bulgaria,1991.0,BCG,99.53,MEASLES,233.2
BGR,Bulgaria,1991.0,DTPCV1,99.0,MEASLES,233.2
BGR,Bulgaria,1991.0,DTPCV3,99.0,MEASLES,233.2
BGR,Bulgaria,1991.0,HEPB3,92.0,MEASLES,233.2
BGR,Bulgaria,1991.0,MCV1,98.0,MEASLES,233.2
BGR,Bulgaria,1991.0,TT2PLUS,99.0,MEASLES,233.2
CHN,China,2008.0,BCG,97.67,MUMPS,233.0
CHN,China,2008.0,DTPCV1,99.0,MUMPS,233.0
CHN,China,2008.0,DTPCV3,97.67,MUMPS,233.0
CHN,China,2008.0,HEPB3,96.33,MUMPS,233.0
CHN,China,2008.0,HEPB_BD,91.23,MUMPS,233.0
CHN,China,2008.0,MCV1,97.0,MUMPS,233.0
CHN,China,2008.0,MCV2,95.0,MUMPS,233.0
CHN,China,2008.0,POL3,99.0,MUMPS,233.0
AUS,Australia,1999.0,DTPCV1,96.0,PERTUSSIS,232.8
ITA,Italy,1994.0,DTPCV1,98.0,PERTUSSIS,232.7
ITA,Italy,1994.0,HEPB3,95.0,PERTUSSIS,232.7
ITA,Italy,1994.0,POL3,98.0,PERTUSSIS,232.7
NZL,New Zealand,2016.0,DTPCV1,92.16,PERTUSSIS,232.5
NZL,New Zealand,2016.0,DTPCV3,91.98,PERTUSSIS,232.5
NZL,New Zealand,2016.0,HEPB3,92.15,PERTUSSIS,232.5
NZL,New Zealand,2016.0,HIB3,91.98,PERTUSSIS,232.5
NZL,New Zealand,2016.0,IPV1,92.16,PERTUSSIS,232.5
NZL,New Zealand,2016.0,MCV1,92.04,PERTUSSIS,232.5
NZL,New Zealand,2016.0,PCV1,94.88,PERTUSSIS,232.5
NZL,New Zealand,2016.0,PCV2,93.85,PERTUSSIS,232.5
NZL,New Zealand,2016.0,PCV3,93.0,PERTUSSIS,232.5
NZL,New Zealand,2016.0,POL3,91.98,PERTUSSIS,232.5
NZL,New Zealand,2016.0,RCV1,92.04,PERTUSSIS,232.5
ROU,Romania,2000.0,BCG,99.35,RUBELLA,232.5
ROU,Romania,2000.0,DTPCV1,99.0,RUBELLA,232.5
ROU,Romania,2000.0,DTPCV3,98.85,RUBELLA,232.5
ROU,Romania,2000.0,HEPB3,98.05,RUBELLA,232.5
ROU,Romania,2000.0,HEPB_BD,99.35,RUBELLA,232.5
ROU,Romania,2000.0,MCV1,97.9,RUBELLA,232.5
ROU,Romania,2000.0,MCV2,96.25,RUBELLA,232.5
ROU,Romania,2000.0,POL3,98.9,RUBELLA,232.5
COL,Colombia,2010.0,DTPCV1,96.0,MUMPS,231.7
SMR,San Marino,2018.0,DTPCV1,94.07,TYPHOID,231.7
SMR,San Marino,2018.0,DTPCV3,90.14,TYPHOID,231.7
SMR,San Marino,2018.0,FLU_RESIDENT,94.0,TYPHOID,231.7
SMR,San Marino,2018.0,HIB3,90.92,TYPHOID,231.7
SMR,San Marino,2018.0,IPV1,94.15,TYPHOID,231.7
SMR,San Marino,2018.0,POL3,90.92,TYPHOID,231.7
PYF,French Polynesia,1986.0,BCG,95.0,MEASLES,231.6
ROU,Romania,2001.0,BCG,99.4,RUBELLA,231.6
ROU,Romania,2001.0,DTPCV1,99.0,RUBELLA,231.6
ROU,Romania,2001.0,DTPCV3,98.8,RUBELLA,231.6
ROU,Romania,2001.0,HEPB3,98.2,RUBELLA,231.6
ROU,Romania,2001.0,HEPB_BD,99.53,RUBELLA,231.6
ROU,Romania,2001.0,MCV1,97.9,RUBELLA,231.6
ROU,Romania,2001.0,MCV2,96.8,RUBELLA,231.6
ROU,Romania,2001.0,POL3,98.9,RUBELLA,231.6
THA,Thailand,2010.0,BCG,99.45,MUMPS,231.6
THA,Thailand,2010.0,DTPCV1,99.4,MUMPS,231.6
THA,Thailand,2010.0,DTPCV3,98.85,MUMPS,231.6
THA,Thailand,2010.0,HEPB3,98.15,MUMPS,231.6
THA,Thailand,2010.0,HEPB_BD,99.9,MUMPS,231.6
THA,Thailand,2010.0,JAPENC,94.6,MUMPS,231.6
THA,Thailand,2010.0,MCV1,98.05,MUMPS,231.6
THA,Thailand,2010.0,MCV2,91.1,MUMPS,231.6
THA,Thailand,2010.0,PAB,91.0,MUMPS,231.6
THA,Thailand,2010.0,POL3,98.85,MUMPS,231.6
THA,Thailand,2010.0,RCV1,98.0,MUMPS,231.6
THA,Thailand,2010.0,TT2PLUS,96.7,MUMPS,231.6
VUT,Vanuatu,2006.0,HEPB_BD,92.0,MUMPS,231.6
SWZ,Eswatini,2017.0,BCG,90.27,MUMPS,231.4
SWZ,Eswatini,2017.0,DTPCV1,94.47,MUMPS,231.4
SWZ,Eswatini,2017.0,ROTA1,90.1,MUMPS,231.4
LBN,Lebanon,2015.0,DTPCV1,93.34,MUMPS,231.1
LBN,Lebanon,2015.0,HEPB_BD,93.2,MUMPS,231.1
LBN,Lebanon,2015.0,IPV1,93.51,MUMPS,231.1
LBN,Lebanon,1998.0,DTPCV1,95.0,MEASLES,231.0
LBN,Lebanon,1998.0,DTPCV3,93.67,MEASLES,231.0
LBN,Lebanon,1998.0,POL3,93.67,MEASLES,231.0
GMB,Gambia,2000.0,BCG,98.0,MEASLES,230.9
GMB,Gambia,2000.0,DTPCV1,93.0,MEASLES,230.9
GMB,Gambia,2000.0,MCV1,90.5,MEASLES,230.9
GMB,Gambia,2000.0,PAB,92.0,MEASLES,230.9
GMB,Gambia,2000.0,TT2PLUS,90.0,MEASLES,230.9
SDN,Sudan,2012.0,BCG,91.93,MEASLES,230.8
SDN,Sudan,2012.0,DTPCV1,99.33,MEASLES,230.8
SDN,Sudan,2012.0,DTPCV3,91.75,MEASLES,230.8
SDN,Sudan,2012.0,HEPB3,91.75,MEASLES,230.8
SDN,Sudan,2012.0,HIB3,91.75,MEASLES,230.8
SDN,Sudan,2012.0,POL3,91.73,MEASLES,230.8
TZA,United Republic of Tanzania,1997.0,DTPCV1,92.0,MEASLES,230.8
URY,Uruguay,2015.0,BCG,97.77,PERTUSSIS,230.7
URY,Uruguay,2015.0,DTPCV1,98.99,PERTUSSIS,230.7
URY,Uruguay,2015.0,DTPCV3,94.7,PERTUSSIS,230.7
URY,Uruguay,2015.0,HEPB3,94.7,PERTUSSIS,230.7
URY,Uruguay,2015.0,HIB3,94.7,PERTUSSIS,230.7
URY,Uruguay,2015.0,IPV1,98.99,PERTUSSIS,230.7
URY,Uruguay,2015.0,MCV1,95.8,PERTUSSIS,230.7
URY,Uruguay,2015.0,MCV2,91.33,PERTUSSIS,230.7
URY,Uruguay,2015.0,PCV1,98.99,PERTUSSIS,230.7
URY,Uruguay,2015.0,PCV2,96.03,PERTUSSIS,230.7
URY,Uruguay,2015.0,PCV3,94.23,PERTUSSIS,230.7
URY,Uruguay,2015.0,POL3,94.67,PERTUSSIS,230.7
URY,Uruguay,2015.0,RCV1,95.6,PERTUSSIS,230.7
UZB,Uzbekistan,2001.0,BCG,98.0,MUMPS,230.2
UZB,Uzbekistan,2001.0,DTPCV1,97.8,MUMPS,230.2
UZB,Uzbekistan,2001.0,DTPCV3,99.0,MUMPS,230.2
UZB,Uzbekistan,2001.0,MCV1,98.97,MUMPS,230.2
UZB,Uzbekistan,2001.0,MCV2,98.0,MUMPS,230.2
UZB,Uzbekistan,2001.0,POL3,98.8,MUMPS,230.2
EST,Estonia,2001.0,BCG,99.67,PERTUSSIS,229.8
EST,Estonia,2001.0,DTPCV1,99.0,PERTUSSIS,229.8
EST,Estonia,2001.0,DTPCV3,94.0,PERTUSSIS,229.8
EST,Estonia,2001.0,MCV1,95.0,PERTUSSIS,229.8
EST,Estonia,2001.0,POL3,94.0,PERTUSSIS,229.8
EST,Estonia,2001.0,RCV1,95.0,PERTUSSIS,229.8
DZA,Algeria,1991.0,BCG,93.33,MEASLES,229.7
DZA,Algeria,1991.0,DTPCV1,96.0,MEASLES,229.7
CHL,Chile,2000.0,BCG,93.0,PERTUSSIS,229.2
CHL,Chile,2000.0,DTPCV1,97.93,PERTUSSIS,229.2
CHL,Chile,2000.0,DTPCV3,91.0,PERTUSSIS,229.2
CHL,Chile,2000.0,HIB3,91.0,PERTUSSIS,229.2
CHL,Chile,2000.0,MCV1,97.2,PERTUSSIS,229.2
CHL,Chile,2000.0,POL3,91.0,PERTUSSIS,229.2
CHL,Chile,2000.0,RCV1,97.0,PERTUSSIS,229.2
ESP,Spain,2000.0,DTPCV1,98.0,MUMPS,228.9
ESP,Spain,2000.0,DTPCV3,95.07,MUMPS,228.9
ESP,Spain,2000.0,HIB3,92.0,MUMPS,228.9
ESP,Spain,2000.0,MCV1,94.0,MUMPS,228.9
ESP,Spain,2000.0,POL3,95.0,MUMPS,228.9
ESP,Spain,2000.0,RCV1,94.0,MUMPS,228.9
PRT,Portugal,1988.0,DTPCV1,93.0,MEASLES,228.4
GMB,Gambia,1994.0,BCG,95.33,MEASLES,228.2
GMB,Gambia,1994.0,DTPCV1,99.0,MEASLES,228.2
GMB,Gambia,1994.0,POL3,91.33,MEASLES,228.2
SWZ,Eswatini,1987.0,BCG,90.67,TTETANUS,227.8
SWZ,Eswatini,1987.0,DTPCV1,95.0,TTETANUS,227.8
BLR,Belarus,1992.0,BCG,94.83,MEASLES,227.5
BLR,Belarus,1992.0,DTPCV1,96.0,MEASLES,227.5
BLR,Belarus,1992.0,MCV1,93.9,MEASLES,227.5
BLR,Belarus,1992.0,POL3,90.1,MEASLES,227.5
ESP,Spain,2007.0,DTPCV1,98.0,MUMPS,227.1
ESP,Spain,2007.0,DTPCV3,96.0,MUMPS,227.1
ESP,Spain,2007.0,HEPB3,96.0,MUMPS,227.1
ESP,Spain,2007.0,HIB3,96.0,MUMPS,227.1
ESP,Spain,2007.0,MCV1,97.0,MUMPS,227.1
ESP,Spain,2007.0,MCV2,94.93,MUMPS,227.1
ESP,Spain,2007.0,POL3,96.0,MUMPS,227.1
ESP,Spain,2007.0,RCV1,97.0,MUMPS,227.1
NER,Niger,2018.0,DTPCV1,91.0,MEASLES,226.9
NER,Niger,2018.0,PCV1,92.0,MEASLES,226.9
NER,Niger,2018.0,PCV2,92.4,MEASLES,226.9
NER,Niger,2018.0,ROTA1,94.0,MEASLES,226.9
NER,Niger,2018.0,TT2PLUS,94.0,MEASLES,226.9
MYS,Malaysia,2004.0,BCG,99.33,MEASLES,226.8
MYS,Malaysia,2004.0,DTPCV1,96.67,MEASLES,226.8
MYS,Malaysia,2004.0,DTPCV3,94.33,MEASLES,226.8
MYS,Malaysia,2004.0,HEPB3,94.0,MEASLES,226.8
MYS,Malaysia,2004.0,POL3,95.0,MEASLES,226.8
MYS,Malaysia,2004.0,RCV1,95.0,MEASLES,226.8
AUS,Australia,1995.0,DTPCV1,95.0,PERTUSSIS,226.5
BFA,Burkina Faso,2003.0,DTPCV1,93.5,MEASLES,225.2
AUS,Australia,1993.0,DTPCV1,96.0,PERTUSSIS,225.1
AUS,Australia,1993.0,DTPCV3,90.0,PERTUSSIS,225.1
SAU,Saudi Arabia,1984.0,DTPCV1,91.0,PERTUSSIS,224.8
FRA,France,2004.0,DTPCV1,99.0,MUMPS,224.7
FRA,France,2004.0,DTPCV3,98.0,MUMPS,224.7
FRA,France,2004.0,HIB3,97.0,MUMPS,224.7
FRA,France,2004.0,POL3,99.0,MUMPS,224.7
KGZ,Kyrgyzstan,2007.0,BCG,98.0,MUMPS,224.5
KGZ,Kyrgyzstan,2007.0,DTPCV1,98.0,MUMPS,224.5
KGZ,Kyrgyzstan,2007.0,DTPCV3,94.0,MUMPS,224.5
KGZ,Kyrgyzstan,2007.0,HEPB3,94.0,MUMPS,224.5
KGZ,Kyrgyzstan,2007.0,HEPB_BD,97.67,MUMPS,224.5
KGZ,Kyrgyzstan,2007.0,MCV1,99.0,MUMPS,224.5
KGZ,Kyrgyzstan,2007.0,MCV2,95.0,MUMPS,224.5
KGZ,Kyrgyzstan,2007.0,POL3,94.0,MUMPS,224.5
KGZ,Kyrgyzstan,2007.0,RCV1,98.93,MUMPS,224.5
KGZ,Kyrgyzstan,2007.0,VAD1,98.9,MUMPS,224.5
SYC,Seychelles,2020.0,15HPV1_F,96.0,MEASLES,224.5
SYC,Seychelles,2020.0,15HPVC_F,93.0,MEASLES,224.5
SYC,Seychelles,2020.0,BCG,99.67,MEASLES,224.5
SYC,Seychelles,2020.0,DIPHCV4,91.2,MEASLES,224.5
SYC,Seychelles,2020.0,DIPHCV5,100.0,MEASLES,224.5
SYC,Seychelles,2020.0,DTPCV1,98.87,MEASLES,224.5
SYC,Seychelles,2020.0,DTPCV3,96.93,MEASLES,224.5
SYC,Seychelles,2020.0,HEPB3,96.93,MEASLES,224.5
SYC,Seychelles,2020.0,HIB3,96.93,MEASLES,224.5
SYC,Seychelles,2020.0,IPV1,97.8,MEASLES,224.5
SYC,Seychelles,2020.0,IPV2_FRAC,96.9,MEASLES,224.5
SYC,Seychelles,2020.0,MCV1,96.73,MEASLES,224.5
SYC,Seychelles,2020.0,MCV2,99.67,MEASLES,224.5
SYC,Seychelles,2020.0,PAB,100.0,MEASLES,224.5
SYC,Seychelles,2020.0,PCV1,96.2,MEASLES,224.5
SYC,Seychelles,2020.0,PCV2,97.7,MEASLES,224.5
SYC,Seychelles,2020.0,PCV3,94.13,MEASLES,224.5
SYC,Seychelles,2020.0,PERCV4,91.2,MEASLES,224.5
SYC,Seychelles,2020.0,POL3,96.93,MEASLES,224.5
SYC,Seychelles,2020.0,PRHPV1_F,97.0,MEASLES,224.5
SYC,Seychelles,2020.0,RCV1,96.73,MEASLES,224.5
SYC,Seychelles,2020.0,ROTA1,98.0,MEASLES,224.5
SYC,Seychelles,2020.0,ROTAC,97.8,MEASLES,224.5
SYC,Seychelles,2020.0,TTCV4,91.2,MEASLES,224.5
SYC,Seychelles,2020.0,TTCV5,100.0,MEASLES,224.5
SYC,Seychelles,2020.0,YFV,96.3,MEASLES,224.5
TJK,Tajikistan,1991.0,POL3,91.5,MEASLES,224.0
TJK,Tajikistan,1991.0,TT2PLUS,94.0,MEASLES,224.0
PHL,Philippines,2023.0,PAB,90.0,TYPHOID,223.8
BLR,Belarus,2003.0,BCG,99.1,MUMPS,223.3
BLR,Belarus,2003.0,MCV1,98.87,MUMPS,223.3
BLR,Belarus,2003.0,MCV2,98.2,MUMPS,223.3
BLR,Belarus,2003.0,RCV1,99.0,MUMPS,223.3
THA,Thailand,1998.0,BCG,99.0,MEASLES,223.2
THA,Thailand,1998.0,DTPCV1,98.0,MEASLES,223.2
THA,Thailand,1998.0,DTPCV3,96.0,MEASLES,223.2
THA,Thailand,1998.0,HEPB3,95.0,MEASLES,223.2
THA,Thailand,1998.0,MCV1,96.0,MEASLES,223.2
THA,Thailand,1998.0,POL3,96.0,MEASLES,223.2
THA,Thailand,1998.0,RCV1,96.0,MEASLES,223.2
CHN,China,2009.0,BCG,99.0,MUMPS,223.0
CHN,China,2009.0,DTPCV1,99.11,MUMPS,223.0
CHN,China,2009.0,DTPCV3,99.14,MUMPS,223.0
CHN,China,2009.0,HEPB3,99.07,MUMPS,223.0
CHN,China,2009.0,HEPB_BD,92.97,MUMPS,223.0
CHN,China,2009.0,MCV1,98.81,MUMPS,223.0
CHN,China,2009.0,MCV2,97.88,MUMPS,223.0
CHN,China,2009.0,POL3,99.15,MUMPS,223.0
UGA,Uganda,2013.0,BCG,93.67,MEASLES,222.9
UGA,Uganda,2013.0,BCG,93.67,RUBELLA,222.9
UGA,Uganda,2013.0,DTPCV1,92.0,MEASLES,222.9
UGA,Uganda,2013.0,DTPCV1,92.0,RUBELLA,222.9
UGA,Uganda,2013.0,DTPCV3,92.67,MEASLES,222.9
UGA,Uganda,2013.0,DTPCV3,92.67,RUBELLA,222.9
UGA,Uganda,2013.0,HEPB3,92.67,MEASLES,222.9
UGA,Uganda,2013.0,HEPB3,92.67,RUBELLA,222.9
UGA,Uganda,2013.0,HIB3,92.67,MEASLES,222.9
UGA,Uganda,2013.0,HIB3,92.67,RUBELLA,222.9
UGA,Uganda,2013.0,MCV1,92.33,MEASLES,222.9
UGA,Uganda,2013.0,MCV1,92.33,RUBELLA,222.9
UGA,Uganda,2013.0,POL3,92.0,MEASLES,222.9
UGA,Uganda,2013.0,POL3,92.0,RUBELLA,222.9
ARE,United Arab Emirates,1994.0,BCG,98.0,MEASLES,222.5
ARE,United Arab Emirates,1994.0,DTPCV1,96.0,MEASLES,222.5
ARE,United Arab Emirates,1994.0,DTPCV3,90.0,MEASLES,222.5
ARE,United Arab Emirates,1994.0,HEPB3,90.0,MEASLES,222.5
ARE,United Arab Emirates,1994.0,MCV1,90.0,MEASLES,222.5
ARE,United Arab Emirates,1994.0,POL3,90.0,MEASLES,222.5
ARE,United Arab Emirates,1994.0,RCV1,90.0,MEASLES,222.5
DNK,Denmark,1986.0,DTPCV1,97.0,PERTUSSIS,222.4
DNK,Denmark,1986.0,POL3,94.0,PERTUSSIS,222.4
CHN,China,2005.0,BCG,90.33,MUMPS,222.2
CHN,China,2005.0,DTPCV1,93.64,MUMPS,222.2
CHN,China,2005.0,DTPCV3,90.99,MUMPS,222.2
CHN,China,2005.0,MCV1,90.18,MUMPS,222.2
CHN,China,2005.0,POL3,91.01,MUMPS,222.2
UZB,Uzbekistan,1999.0,BCG,98.0,MUMPS,222.2
UZB,Uzbekistan,1999.0,DTPCV1,99.0,MUMPS,222.2
UZB,Uzbekistan,1999.0,DTPCV3,98.87,MUMPS,222.2
UZB,Uzbekistan,1999.0,MCV1,95.87,MUMPS,222.2
UZB,Uzbekistan,1999.0,MCV2,95.2,MUMPS,222.2
UZB,Uzbekistan,1999.0,POL3,99.07,MUMPS,222.2
MOZ,Mozambique,1999.0,BCG,91.5,MEASLES,221.9
ROU,Romania,1985.0,DTPCV1,98.0,MEASLES,221.5
ROU,Romania,1985.0,DTPCV3,95.0,MEASLES,221.5
ROU,Romania,1985.0,POL3,92.0,MEASLES,221.5
CHN,China,2010.0,BCG,99.0,MUMPS,221.2
CHN,China,2010.0,DTPCV1,99.0,MUMPS,221.2
CHN,China,2010.0,DTPCV3,99.0,MUMPS,221.2
CHN,China,2010.0,HEPB3,99.0,MUMPS,221.2
CHN,China,2010.0,HEPB_BD,92.12,MUMPS,221.2
CHN,China,2010.0,JAPENC,99.12,MUMPS,221.2
CHN,China,2010.0,MCV1,99.21,MUMPS,221.2
CHN,China,2010.0,MCV2,99.1,MUMPS,221.2
CHN,China,2010.0,POL3,99.0,MUMPS,221.2
ESP,Spain,1995.0,DTPCV1,96.0,MEASLES,220.9
ESP,Spain,1995.0,DTPCV3,90.0,MEASLES,220.9
ESP,Spain,1995.0,MCV1,90.0,MEASLES,220.9
ESP,Spain,1995.0,RCV1,90.0,MEASLES,220.9
ESP,Spain,1995.0,TT2PLUS,90.0,MEASLES,220.9
LKA,Sri Lanka,1987.0,DTPCV1,91.0,MEASLES,220.4
COL,Colombia,2016.0,15HPV1_F,90.0,MUMPS,220.3
COL,Colombia,2016.0,DTPCV1,92.75,MUMPS,220.3
COL,Colombia,2016.0,DTPCV3,91.17,MUMPS,220.3
COL,Colombia,2016.0,HEPB3,91.17,MUMPS,220.3
COL,Colombia,2016.0,HIB3,91.17,MUMPS,220.3
COL,Colombia,2016.0,IPV1,91.13,MUMPS,220.3
COL,Colombia,2016.0,MCV1,92.74,MUMPS,220.3
COL,Colombia,2016.0,PCV1,91.38,MUMPS,220.3
COL,Colombia,2016.0,POL3,91.13,MUMPS,220.3
COL,Colombia,2016.0,RCV1,92.74,MUMPS,220.3
COL,Colombia,2016.0,ROTA1,90.0,MUMPS,220.3
COL,Colombia,2016.0,ROTAC,90.04,MUMPS,220.3
NPL,Nepal,2014.0,BCG,98.97,PERTUSSIS,220.3
NPL,Nepal,2014.0,DTPCV1,94.02,PERTUSSIS,220.3
NPL,Nepal,2014.0,DTPCV3,91.91,PERTUSSIS,220.3
NPL,Nepal,2014.0,HEPB3,91.91,PERTUSSIS,220.3
NPL,Nepal,2014.0,HIB3,91.91,PERTUSSIS,220.3
NPL,Nepal,2014.0,POL3,91.84,PERTUSSIS,220.3
ITA,Italy,1984.0,POL3,90.0,PERTUSSIS,219.9
CAN,Canada,1991.0,DTPCV1,96.0,MEASLES,219.4
CAN,Canada,1991.0,MCV1,92.0,MEASLES,219.4
CAN,Canada,1991.0,RCV1,92.0,MEASLES,219.4
SEN,Senegal,1988.0,BCG,91.0,MEASLES,218.9
ISR,Israel,2006.0,DTPCV1,95.0,PERTUSSIS,218.4
ISR,Israel,2006.0,DTPCV3,95.0,PERTUSSIS,218.4
ISR,Israel,2006.0,HEPB3,96.0,PERTUSSIS,218.4
ISR,Israel,2006.0,HEPB_BD,96.0,PERTUSSIS,218.4
ISR,Israel,2006.0,HIB3,94.0,PERTUSSIS,218.4
ISR,Israel,2006.0,MCV1,96.0,PERTUSSIS,218.4
ISR,Israel,2006.0,MCV2,96.0,PERTUSSIS,218.4
ISR,Israel,2006.0,POL3,94.0,PERTUSSIS,218.4
ISR,Israel,2006.0,RCV1,96.0,PERTUSSIS,218.4
ZWE,Zimbabwe,1986.0,DTPCV1,91.0,PERTUSSIS,218.3
BWA,Botswana,2006.0,BCG,99.0,RUBELLA,218.2
BWA,Botswana,2006.0,DTPCV1,98.0,RUBELLA,218.2
BWA,Botswana,2006.0,DTPCV3,96.0,RUBELLA,218.2
BWA,Botswana,2006.0,HEPB3,93.0,RUBELLA,218.2
BWA,Botswana,2006.0,MCV1,94.0,RUBELLA,218.2
BWA,Botswana,2006.0,POL3,96.0,RUBELLA,218.2
OMN,Oman,1998.0,BCG,96.0,PERTUSSIS,217.8
OMN,Oman,1998.0,DTPCV1,99.0,PERTUSSIS,217.8
OMN,Oman,1998.0,DTPCV3,99.67,PERTUSSIS,217.8
OMN,Oman,1998.0,HEPB3,99.0,PERTUSSIS,217.8
OMN,Oman,1998.0,MCV1,98.0,PERTUSSIS,217.8
OMN,Oman,1998.0,PAB,94.0,PERTUSSIS,217.8
OMN,Oman,1998.0,POL3,99.0,PERTUSSIS,217.8
OMN,Oman,1998.0,RCV1,98.0,PERTUSSIS,217.8
OMN,Oman,1998.0,TT2PLUS,96.0,PERTUSSIS,217.8
BHS,Bahamas,1989.0,DTPCV1,95.0,MEASLES,217.6
BTN,Bhutan,2005.0,BCG,92.0,MUMPS,217.6
BTN,Bhutan,2005.0,DTPCV1,97.12,MUMPS,217.6
BTN,Bhutan,2005.0,DTPCV3,94.95,MUMPS,217.6
BTN,Bhutan,2005.0,HEPB3,94.95,MUMPS,217.6
BTN,Bhutan,2005.0,MCV1,92.88,MUMPS,217.6
BTN,Bhutan,2005.0,POL3,94.99,MUMPS,217.6
LCA,Saint Lucia,1990.0,BCG,95.0,MEASLES,217.6
LCA,Saint Lucia,1990.0,DTPCV1,95.0,MEASLES,217.6
LCA,Saint Lucia,1990.0,POL3,90.0,MEASLES,217.6
NOR,Norway,2023.0,15HPV1_F,94.0,PERTUSSIS,217.6
NOR,Norway,2023.0,15HPV1_M,93.0,PERTUSSIS,217.6
NOR,Norway,2023.0,15HPVC_F,93.0,PERTUSSIS,217.6
NOR,Norway,2023.0,15HPVC_M,92.0,PERTUSSIS,217.6
NOR,Norway,2023.0,DIPHCV4,94.64,PERTUSSIS,217.6
NOR,Norway,2023.0,DIPHCV5,92.96,PERTUSSIS,217.6
NOR,Norway,2023.0,DTPCV1,98.99,PERTUSSIS,217.6
NOR,Norway,2023.0,DTPCV3,96.27,PERTUSSIS,217.6
NOR,Norway,2023.0,HEPB3,95.96,PERTUSSIS,217.6
NOR,Norway,2023.0,HIB3,96.29,PERTUSSIS,217.6
NOR,Norway,2023.0,HPV_FEM,92.59,PERTUSSIS,217.6
NOR,Norway,2023.0,HPV_MALE,90.45,PERTUSSIS,217.6
NOR,Norway,2023.0,IPV1,98.99,PERTUSSIS,217.6
NOR,Norway,2023.0,MCV1,95.88,PERTUSSIS,217.6
NOR,Norway,2023.0,MCV2,94.31,PERTUSSIS,217.6
NOR,Norway,2023.0,PCV1,98.56,PERTUSSIS,217.6
NOR,Norway,2023.0,PCV2,98.0,PERTUSSIS,217.6
NOR,Norway,2023.0,PCV3,95.11,PERTUSSIS,217.6
NOR,Norway,2023.0,PERCV4,94.42,PERTUSSIS,217.6
NOR,Norway,2023.0,POL3,96.27,PERTUSSIS,217.6
NOR,Norway,2023.0,PRHPV1_F,93.0,PERTUSSIS,217.6
NOR,Norway,2023.0,PRHPV1_M,93.0,PERTUSSIS,217.6
NOR,Norway,2023.0,PRHPVC_F,94.0,PERTUSSIS,217.6
NOR,Norway,2023.0,PRHPVC_M,91.0,PERTUSSIS,217.6
NOR,Norway,2023.0,RCV1,95.87,PERTUSSIS,217.6
NOR,Norway,2023.0,ROTA1,96.15,PERTUSSIS,217.6
NOR,Norway,2023.0,ROTAC,94.87,PERTUSSIS,217.6
NOR,Norway,2023.0,TTCV4,94.68,PERTUSSIS,217.6
NOR,Norway,2023.0,TTCV5,93.0,PERTUSSIS,217.6
BHR,Bahrain,1986.0,DTPCV1,97.0,MEASLES,217.3
SRB,Serbia,1988.0,DTPCV3,91.0,PERTUSSIS,217.1
SRB,Serbia,1988.0,MCV1,93.0,PERTUSSIS,217.1
SRB,Serbia,1988.0,POL3,92.0,PERTUSSIS,217.1
SVN,Slovenia,2009.0,DTPCV1,98.0,PERTUSSIS,217.1
SVN,Slovenia,2009.0,DTPCV3,96.0,PERTUSSIS,217.1
SVN,Slovenia,2009.0,HEPB3,97.0,PERTUSSIS,217.1
SVN,Slovenia,2009.0,HIB3,96.0,PERTUSSIS,217.1
SVN,Slovenia,2009.0,MCV1,95.0,PERTUSSIS,217.1
SVN,Slovenia,2009.0,MCV2,98.0,PERTUSSIS,217.1
SVN,Slovenia,2009.0,POL3,96.0,PERTUSSIS,217.1
SVN,Slovenia,2009.0,RCV1,95.0,PERTUSSIS,217.1
MHL,Marshall Islands,1992.0,DTPCV1,94.0,MEASLES,215.6
ARM,Armenia,2000.0,BCG,96.87,RUBELLA,215.3
ARM,Armenia,2000.0,DTPCV1,97.0,RUBELLA,215.3
ARM,Armenia,2000.0,DTPCV3,93.2,RUBELLA,215.3
ARM,Armenia,2000.0,HEPB_BD,96.87,RUBELLA,215.3
ARM,Armenia,2000.0,MCV1,91.73,RUBELLA,215.3
ARM,Armenia,2000.0,MCV2,93.67,RUBELLA,215.3
ARM,Armenia,2000.0,POL3,95.97,RUBELLA,215.3
COG,Congo,1989.0,DTPCV1,92.0,MEASLES,215.3
CMR,Cameroon,2023.0,BCG,93.15,MEASLES,215.2
GBR,United Kingdom of Great Britain and Northern Ireland,1989.0,DTPCV1,92.0,PERTUSSIS,215.2
NIC,Nicaragua,2000.0,BCG,96.0,MUMPS,215.2
NIC,Nicaragua,2000.0,DTPCV1,97.13,MUMPS,215.2
NIC,Nicaragua,2000.0,MCV2,96.8,MUMPS,215.2
NIC,Nicaragua,2000.0,POL3,90.67,MUMPS,215.2
NIC,Nicaragua,2000.0,TT2PLUS,95.0,MUMPS,215.2
ESP,Spain,2017.0,DTPCV1,97.95,MUMPS,215.1
ESP,Spain,2017.0,DTPCV3,94.88,MUMPS,215.1
ESP,Spain,2017.0,HEPB3,94.35,MUMPS,215.1
ESP,Spain,2017.0,HEPB_BD,97.2,MUMPS,215.1
ESP,Spain,2017.0,HIB3,94.86,MUMPS,215.1
ESP,Spain,2017.0,IPV1,97.93,MUMPS,215.1
ESP,Spain,2017.0,MCV1,97.91,MUMPS,215.1
ESP,Spain,2017.0,MCV2,92.8,MUMPS,215.1
ESP,Spain,2017.0,PCV2,94.0,MUMPS,215.1
ESP,Spain,2017.0,POL3,94.87,MUMPS,215.1
ESP,Spain,2017.0,RCV1,97.91,MUMPS,215.1
SWE,Sweden,1980.0,DTPCV1,99.0,MEASLES,214.9
SWE,Sweden,1980.0,DTPCV3,99.0,MEASLES,214.9
SWE,Sweden,1980.0,POL3,97.0,MEASLES,214.9
ISL,Iceland,2015.0,15HPV1_F,90.0,MUMPS,214.5
ISL,Iceland,2015.0,DTPCV1,96.0,MUMPS,214.5
ISL,Iceland,2015.0,DTPCV3,92.0,MUMPS,214.5
ISL,Iceland,2015.0,HIB3,92.0,MUMPS,214.5
ISL,Iceland,2015.0,IPV1,96.0,MUMPS,214.5
ISL,Iceland,2015.0,MCV1,93.0,MUMPS,214.5
ISL,Iceland,2015.0,MCV2,94.0,MUMPS,214.5
ISL,Iceland,2015.0,PCV1,95.0,MUMPS,214.5
ISL,Iceland,2015.0,PCV2,94.0,MUMPS,214.5
ISL,Iceland,2015.0,PCV3,91.0,MUMPS,214.5
ISL,Iceland,2015.0,POL3,92.0,MUMPS,214.5
ISL,Iceland,2015.0,RCV1,93.0,MUMPS,214.5
MKD,North Macedonia,2000.0,BCG,97.13,MUMPS,214.4
MKD,North Macedonia,2000.0,DTPCV1,98.17,MUMPS,214.4
MKD,North Macedonia,2000.0,DTPCV3,95.03,MUMPS,214.4
MKD,North Macedonia,2000.0,MCV1,97.07,MUMPS,214.4
MKD,North Macedonia,2000.0,MCV2,95.13,MUMPS,214.4
MKD,North Macedonia,2000.0,POL3,96.0,MUMPS,214.4
MKD,North Macedonia,2000.0,RCV1,97.0,MUMPS,214.4
RUS,Russian Federation,2007.0,BCG,96.54,RUBELLA,214.4
RUS,Russian Federation,2007.0,DTPCV1,99.0,RUBELLA,214.4
RUS,Russian Federation,2007.0,DTPCV3,98.0,RUBELLA,214.4
RUS,Russian Federation,2007.0,HEPB3,98.0,RUBELLA,214.4
RUS,Russian Federation,2007.0,MCV1,99.0,RUBELLA,214.4
RUS,Russian Federation,2007.0,MCV2,97.29,RUBELLA,214.4
RUS,Russian Federation,2007.0,POL3,98.43,RUBELLA,214.4
RUS,Russian Federation,2007.0,RCV1,98.65,RUBELLA,214.4
FRA,France,2003.0,DTPCV1,99.0,MUMPS,214.0
FRA,France,2003.0,DTPCV3,97.0,MUMPS,214.0
FRA,France,2003.0,POL3,96.0,MUMPS,214.0
VNM,Viet Nam,2000.0,BCG,98.0,MEASLES,214.0
VNM,Viet Nam,2000.0,DTPCV1,96.97,MEASLES,214.0
VNM,Viet Nam,2000.0,DTPCV3,96.0,MEASLES,214.0
VNM,Viet Nam,2000.0,HEPB3,94.0,MEASLES,214.0
VNM,Viet Nam,2000.0,MCV1,97.0,MEASLES,214.0
VNM,Viet Nam,2000.0,POL3,96.0,MEASLES,214.0
EGY,Egypt,2013.0,BCG,98.07,MUMPS,213.9
EGY,Egypt,2013.0,DTPCV1,97.27,MUMPS,213.9
EGY,Egypt,2013.0,DTPCV3,96.87,MUMPS,213.9
EGY,Egypt,2013.0,HEPB3,96.87,MUMPS,213.9
EGY,Egypt,2013.0,MCV1,96.2,MUMPS,213.9
EGY,Egypt,2013.0,MCV2,96.13,MUMPS,213.9
EGY,Egypt,2013.0,POL3,96.87,MUMPS,213.9
EGY,Egypt,2013.0,RCV1,96.1,MUMPS,213.9
MHL,Marshall Islands,2002.0,HEPB_BD,93.33,MUMPS,213.9
COL,Colombia,2009.0,BCG,90.11,MUMPS,213.6
COL,Colombia,2009.0,DTPCV1,97.0,MUMPS,213.6
COL,Colombia,2009.0,DTPCV3,92.15,MUMPS,213.6
COL,Colombia,2009.0,HEPB3,92.15,MUMPS,213.6
COL,Colombia,2009.0,HIB3,92.15,MUMPS,213.6
COL,Colombia,2009.0,MCV1,95.13,MUMPS,213.6
COL,Colombia,2009.0,PCV1,99.12,MUMPS,213.6
COL,Colombia,2009.0,POL3,92.09,MUMPS,213.6
COL,Colombia,2009.0,RCV1,95.11,MUMPS,213.6
COL,Colombia,2009.0,YFV,90.3,MUMPS,213.6
MAR,Morocco,2004.0,BCG,94.0,MEASLES,213.6
MAR,Morocco,2004.0,DTPCV1,98.0,MEASLES,213.6
MAR,Morocco,2004.0,DTPCV3,96.0,MEASLES,213.6
MAR,Morocco,2004.0,HEPB3,94.0,MEASLES,213.6
MAR,Morocco,2004.0,HEPB_BD,93.5,MEASLES,213.6
MAR,Morocco,2004.0,MCV1,94.0,MEASLES,213.6
MAR,Morocco,2004.0,MCV2,90.0,MEASLES,213.6
MAR,Morocco,2004.0,POL3,96.0,MEASLES,213.6
MAR,Morocco,2004.0,RCV1,90.0,MEASLES,213.6
TCA,Turks and Caicos Islands,2000.0,BCG,100.0,RUBELLA,213.6
TCA,Turks and Caicos Islands,2000.0,DTPCV1,96.47,RUBELLA,213.6
TCA,Turks and Caicos Islands,2000.0,DTPCV3,100.0,RUBELLA,213.6
TCA,Turks and Caicos Islands,2000.0,HEPB3,100.0,RUBELLA,213.6
TCA,Turks and Caicos Islands,2000.0,HEPB_BD,100.0,RUBELLA,213.6
TCA,Turks and Caicos Islands,2000.0,MCV1,100.0,RUBELLA,213.6
TCA,Turks and Caicos Islands,2000.0,POL3,100.0,RUBELLA,213.6
GRC,Greece,2018.0,DIPHCV4,95.8,MEASLES,213.5
GRC,Greece,2018.0,DTPCV1,99.5,MEASLES,213.5
GRC,Greece,2018.0,DTPCV3,99.25,MEASLES,213.5
GRC,Greece,2018.0,HEPB3,96.1,MEASLES,213.5
GRC,Greece,2018.0,HIB3,99.05,MEASLES,213.5
GRC,Greece,2018.0,IPV1,99.5,MEASLES,213.5
GRC,Greece,2018.0,MCV1,97.15,MEASLES,213.5
GRC,Greece,2018.0,PCV1,99.8,MEASLES,213.5
GRC,Greece,2018.0,PCV2,98.7,MEASLES,213.5
GRC,Greece,2018.0,PCV3,95.8,MEASLES,213.5
GRC,Greece,2018.0,POL3,99.25,MEASLES,213.5
GRC,Greece,2018.0,RCV1,97.15,MEASLES,213.5
ESP,Spain,1991.0,DTPCV1,95.0,PERTUSSIS,213.4
GBR,United Kingdom of Great Britain and Northern Ireland,1992.0,DTPCV1,97.0,MEASLES,213.4
GBR,United Kingdom of Great Britain and Northern Ireland,1992.0,DTPCV3,93.33,MEASLES,213.4
GBR,United Kingdom of Great Britain and Northern Ireland,1992.0,MCV1,92.0,MEASLES,213.4
GBR,United Kingdom of Great Britain and Northern Ireland,1992.0,POL3,94.33,MEASLES,213.4
GBR,United Kingdom of Great Britain and Northern Ireland,1992.0,RCV1,92.0,MEASLES,213.4
GBR,United Kingdom of Great Britain and Northern Ireland,1992.0,TT2PLUS,94.0,MEASLES,213.4
KGZ,Kyrgyzstan,2006.0,BCG,99.0,MUMPS,213.2
KGZ,Kyrgyzstan,2006.0,DTPCV1,96.0,MUMPS,213.2
KGZ,Kyrgyzstan,2006.0,DTPCV3,92.0,MUMPS,213.2
KGZ,Kyrgyzstan,2006.0,HEPB3,90.0,MUMPS,213.2
KGZ,Kyrgyzstan,2006.0,HEPB_BD,96.9,MUMPS,213.2
KGZ,Kyrgyzstan,2006.0,MCV1,97.0,MUMPS,213.2
KGZ,Kyrgyzstan,2006.0,MCV2,97.27,MUMPS,213.2
KGZ,Kyrgyzstan,2006.0,POL3,93.0,MUMPS,213.2
KGZ,Kyrgyzstan,2006.0,RCV1,97.1,MUMPS,213.2
KGZ,Kyrgyzstan,2006.0,VAD1,98.6,MUMPS,213.2
MWI,Malawi,1994.0,BCG,96.67,MEASLES,212.9
MWI,Malawi,1994.0,DTPCV1,94.0,MEASLES,212.9
MWI,Malawi,1994.0,DTPCV3,92.67,MEASLES,212.9
MWI,Malawi,1994.0,MCV1,93.67,MEASLES,212.9
MWI,Malawi,1994.0,POL3,93.33,MEASLES,212.9
VEN,Venezuela (Bolivarian Republic of),1980.0,POL3,95.0,PERTUSSIS,212.8
MNG,Mongolia,2008.0,BCG,98.0,MUMPS,212.6
MNG,Mongolia,2008.0,DTPCV1,98.0,MUMPS,212.6
MNG,Mongolia,2008.0,DTPCV3,96.0,MUMPS,212.6
MNG,Mongolia,2008.0,HEPB3,96.0,MUMPS,212.6
MNG,Mongolia,2008.0,HEPB_BD,94.0,MUMPS,212.6
MNG,Mongolia,2008.0,HIB3,96.0,MUMPS,212.6
MNG,Mongolia,2008.0,MCV1,97.0,MUMPS,212.6
MNG,Mongolia,2008.0,MCV2,96.15,MUMPS,212.6
MNG,Mongolia,2008.0,POL3,95.0,MUMPS,212.6
ISL,Iceland,1988.0,DTPCV1,99.0,PERTUSSIS,212.2
ISL,Iceland,1988.0,DTPCV3,99.0,PERTUSSIS,212.2
ISL,Iceland,1988.0,MCV1,99.0,PERTUSSIS,212.2
ISL,Iceland,1988.0,POL3,99.0,PERTUSSIS,212.2
ISL,Iceland,1988.0,RCV1,99.0,PERTUSSIS,212.2
DZA,Algeria,1994.0,BCG,93.0,MEASLES,212.0
DZA,Algeria,1994.0,DTPCV1,95.0,MEASLES,212.0
SGP,Singapore,2003.0,BCG,99.2,MUMPS,211.9
SGP,Singapore,2003.0,DTPCV1,95.54,MUMPS,211.9
SGP,Singapore,2003.0,DTPCV3,95.84,MUMPS,211.9
SGP,Singapore,2003.0,HEPB3,95.05,MUMPS,211.9
SGP,Singapore,2003.0,MCV1,92.77,MUMPS,211.9
SGP,Singapore,2003.0,MCV2,96.0,MUMPS,211.9
SGP,Singapore,2003.0,POL3,95.76,MUMPS,211.9
SGP,Singapore,2003.0,RCV1,92.77,MUMPS,211.9
LBY,Libya,1986.0,BCG,92.0,MEASLES,211.8
LBY,Libya,1986.0,DTPCV1,94.0,MEASLES,211.8
GRC,Greece,1982.0,DTPCV1,94.0,PERTUSSIS,211.6
GRC,Greece,1982.0,POL3,96.0,PERTUSSIS,211.6
SLB,Solomon Islands,1991.0,DTPCV1,91.0,PERTUSSIS,210.7
UZB,Uzbekistan,2003.0,BCG,99.0,MUMPS,210.6
UZB,Uzbekistan,2003.0,DTPCV1,99.2,MUMPS,210.6
UZB,Uzbekistan,2003.0,DTPCV3,98.2,MUMPS,210.6
UZB,Uzbekistan,2003.0,HEPB3,98.95,MUMPS,210.6
UZB,Uzbekistan,2003.0,HEPB_BD,99.0,MUMPS,210.6
UZB,Uzbekistan,2003.0,MCV1,98.87,MUMPS,210.6
UZB,Uzbekistan,2003.0,MCV2,98.27,MUMPS,210.6
UZB,Uzbekistan,2003.0,POL3,98.87,MUMPS,210.6
POL,Poland,1982.0,BCG,93.0,MEASLES,210.3
POL,Poland,1982.0,DTPCV1,98.0,MEASLES,210.3
POL,Poland,1982.0,DTPCV3,95.0,MEASLES,210.3
POL,Poland,1982.0,MCV1,93.0,MEASLES,210.3
POL,Poland,1982.0,POL3,95.0,MEASLES,210.3
FSM,Micronesia (Federated States of),2017.0,DTPCV1,97.0,MUMPS,210.1
FSM,Micronesia (Federated States of),2017.0,IPV1,97.0,MUMPS,210.1
FSM,Micronesia (Federated States of),2017.0,PCV1,95.0,MUMPS,210.1
FJI,Fiji,1985.0,BCG,99.67,MEASLES,210.0
LSO,Lesotho,2019.0,BCG,94.67,MEASLES,210.0
LSO,Lesotho,2019.0,BCG,94.67,RUBELLA,210.0
LSO,Lesotho,2019.0,DTPCV1,94.0,MEASLES,210.0
LSO,Lesotho,2019.0,DTPCV1,94.0,RUBELLA,210.0
LSO,Lesotho,2019.0,DTPCV3,91.67,MEASLES,210.0
LSO,Lesotho,2019.0,DTPCV3,91.67,RUBELLA,210.0
LSO,Lesotho,2019.0,HEPB3,91.67,MEASLES,210.0
LSO,Lesotho,2019.0,HEPB3,91.67,RUBELLA,210.0
LSO,Lesotho,2019.0,HIB3,91.67,MEASLES,210.0
LSO,Lesotho,2019.0,HIB3,91.67,RUBELLA,210.0
LSO,Lesotho,2019.0,IPV1,90.33,MEASLES,210.0
LSO,Lesotho,2019.0,IPV1,90.33,RUBELLA,210.0
LSO,Lesotho,2019.0,MCV1,90.0,MEASLES,210.0
LSO,Lesotho,2019.0,MCV1,90.0,RUBELLA,210.0
LSO,Lesotho,2019.0,PCV1,95.0,MEASLES,210.0
LSO,Lesotho,2019.0,PCV1,95.0,RUBELLA,210.0
LSO,Lesotho,2019.0,PCV2,95.0,MEASLES,210.0
LSO,Lesotho,2019.0,PCV2,95.0,RUBELLA,210.0
LSO,Lesotho,2019.0,PCV3,92.33,MEASLES,210.0
LSO,Lesotho,2019.0,PCV3,92.33,RUBELLA,210.0
LSO,Lesotho,2019.0,POL3,91.0,MEASLES,210.0
LSO,Lesotho,2019.0,POL3,91.0,RUBELLA,210.0
LSO,Lesotho,2019.0,RCV1,90.0,MEASLES,210.0
LSO,Lesotho,2019.0,RCV1,90.0,RUBELLA,210.0
LSO,Lesotho,2019.0,ROTA1,94.0,MEASLES,210.0
LSO,Lesotho,2019.0,ROTA1,94.0,RUBELLA,210.0
LSO,Lesotho,2019.0,ROTAC,91.67,MEASLES,210.0
LSO,Lesotho,2019.0,ROTAC,91.67,RUBELLA,210.0
TCA,Turks and Caicos Islands,1985.0,BCG,100.0,MEASLES,210.0
IRN,Iran (Islamic Republic of),1988.0,DTPCV1,96.0,MEASLES,209.9
SRB,Serbia,2023.0,BCG,97.69,PERTUSSIS,209.8
SRB,Serbia,2023.0,DIPHCV5,92.57,PERTUSSIS,209.8
SRB,Serbia,2023.0,DTPCV1,97.0,PERTUSSIS,209.8
SRB,Serbia,2023.0,DTPCV3,92.89,PERTUSSIS,209.8
SRB,Serbia,2023.0,HEPB3,92.69,PERTUSSIS,209.8
SRB,Serbia,2023.0,HEPB_BD,99.0,PERTUSSIS,209.8
SRB,Serbia,2023.0,HIB3,92.89,PERTUSSIS,209.8
SRB,Serbia,2023.0,IPV1,97.0,PERTUSSIS,209.8
SRB,Serbia,2023.0,MCV2,91.01,PERTUSSIS,209.8
SRB,Serbia,2023.0,PCV2,90.93,PERTUSSIS,209.8
SRB,Serbia,2023.0,POL3,92.89,PERTUSSIS,209.8
SRB,Serbia,2023.0,TTCV5,92.57,PERTUSSIS,209.8
SWZ,Eswatini,1986.0,DTPCV1,90.0,TTETANUS,209.6
ARE,United Arab Emirates,2000.0,BCG,98.0,MUMPS,209.5
ARE,United Arab Emirates,2000.0,DTPCV1,96.0,MUMPS,209.5
ARE,United Arab Emirates,2000.0,DTPCV3,94.0,MUMPS,209.5
ARE,United Arab Emirates,2000.0,HEPB3,92.0,MUMPS,209.5
ARE,United Arab Emirates,2000.0,HEPB_BD,98.0,MUMPS,209.5
ARE,United Arab Emirates,2000.0,HIB3,92.0,MUMPS,209.5
ARE,United Arab Emirates,2000.0,MCV1,94.0,MUMPS,209.5
ARE,United Arab Emirates,2000.0,MCV2,92.0,MUMPS,209.5
ARE,United Arab Emirates,2000.0,POL3,94.0,MUMPS,209.5
ARE,United Arab Emirates,2000.0,RCV1,94.0,MUMPS,209.5
LBY,Libya,1990.0,BCG,90.33,MEASLES,209.4
LBY,Libya,1990.0,DTPCV1,94.0,MEASLES,209.4
ROU,Romania,1987.0,BCG,95.0,PERTUSSIS,209.4
ROU,Romania,1987.0,DTPCV1,97.0,PERTUSSIS,209.4
ROU,Romania,1987.0,DTPCV3,92.0,PERTUSSIS,209.4
ROU,Romania,1987.0,MCV1,90.0,PERTUSSIS,209.4
ROU,Romania,1987.0,POL3,90.0,PERTUSSIS,209.4
ARG,Argentina,1986.0,BCG,99.0,MEASLES,209.3
ALB,Albania,2000.0,BCG,91.9,MEASLES,209.1
ALB,Albania,2000.0,DTPCV1,97.07,MEASLES,209.1
ALB,Albania,2000.0,DTPCV3,97.17,MEASLES,209.1
ALB,Albania,2000.0,HEPB3,96.53,MEASLES,209.1
ALB,Albania,2000.0,HEPB_BD,98.17,MEASLES,209.1
ALB,Albania,2000.0,MCV1,93.83,MEASLES,209.1
ALB,Albania,2000.0,POL3,97.47,MEASLES,209.1
ALB,Albania,2000.0,TT2PLUS,91.4,MEASLES,209.1
KAZ,Kazakhstan,2000.0,BCG,97.73,MUMPS,208.8
KAZ,Kazakhstan,2000.0,DTPCV1,97.9,MUMPS,208.8
KAZ,Kazakhstan,2000.0,DTPCV3,97.07,MUMPS,208.8
KAZ,Kazakhstan,2000.0,HEPB_BD,97.97,MUMPS,208.8
KAZ,Kazakhstan,2000.0,MCV1,99.0,MUMPS,208.8
KAZ,Kazakhstan,2000.0,MCV2,98.0,MUMPS,208.8
KAZ,Kazakhstan,2000.0,POL3,96.8,MUMPS,208.8
BGR,Bulgaria,2001.0,BCG,97.85,RUBELLA,208.7
BGR,Bulgaria,2001.0,DTPCV1,95.11,RUBELLA,208.7
BGR,Bulgaria,2001.0,DTPCV3,95.2,RUBELLA,208.7
BGR,Bulgaria,2001.0,HEPB3,93.78,RUBELLA,208.7
BGR,Bulgaria,2001.0,HEPB_BD,99.05,RUBELLA,208.7
BGR,Bulgaria,2001.0,MCV1,92.99,RUBELLA,208.7
BGR,Bulgaria,2001.0,POL3,96.11,RUBELLA,208.7
BGR,Bulgaria,2001.0,RCV1,90.0,RUBELLA,208.7
KWT,Kuwait,1987.0,DTPCV1,97.0,MEASLES,208.5
KWT,Kuwait,1987.0,DTPCV3,92.0,MEASLES,208.5
KWT,Kuwait,1987.0,MCV1,95.0,MEASLES,208.5
KWT,Kuwait,1987.0,POL3,93.0,MEASLES,208.5
OMN,Oman,2010.0,BCG,99.23,MUMPS,208.5
OMN,Oman,2010.0,DTPCV1,99.48,MUMPS,208.5
OMN,Oman,2010.0,DTPCV3,98.83,MUMPS,208.5
OMN,Oman,2010.0,HEPB3,98.83,MUMPS,208.5
OMN,Oman,2010.0,HEPB_BD,99.49,MUMPS,208.5
OMN,Oman,2010.0,HIB3,98.83,MUMPS,208.5
OMN,Oman,2010.0,MCV1,99.0,MUMPS,208.5
OMN,Oman,2010.0,MCV2,98.92,MUMPS,208.5
OMN,Oman,2010.0,PAB,91.0,MUMPS,208.5
OMN,Oman,2010.0,PCV3,99.27,MUMPS,208.5
OMN,Oman,2010.0,POL3,98.75,MUMPS,208.5
OMN,Oman,2010.0,RCV1,99.0,MUMPS,208.5
OMN,Oman,2010.0,VAD1,97.51,MUMPS,208.5
POL,Poland,2005.0,BCG,94.13,RUBELLA,208.4
POL,Poland,2005.0,DTPCV1,99.0,RUBELLA,208.4
POL,Poland,2005.0,DTPCV3,98.93,RUBELLA,208.4
POL,Poland,2005.0,HEPB3,98.07,RUBELLA,208.4
POL,Poland,2005.0,HEPB_BD,95.13,RUBELLA,208.4
POL,Poland,2005.0,MCV1,98.07,RUBELLA,208.4
POL,Poland,2005.0,MCV2,90.27,RUBELLA,208.4
POL,Poland,2005.0,POL3,98.93,RUBELLA,208.4
POL,Poland,2005.0,RCV1,95.53,RUBELLA,208.4
POL,Poland,2005.0,ROTA1,91.0,RUBELLA,208.4
SSD,South Sudan,2022.0,DTPCV1,90.39,INVASIVE_MENING,208.3
YEM,Yemen,2007.0,DTPCV1,92.0,MUMPS,208.0
FIN,Finland,1989.0,BCG,91.0,MEASLES,207.9
FIN,Finland,1989.0,DTPCV1,96.0,MEASLES,207.9
FIN,Finland,1989.0,DTPCV3,90.0,MEASLES,207.9
FIN,Finland,1989.0,MCV1,95.0,MEASLES,207.9
FIN,Finland,1989.0,POL3,90.0,MEASLES,207.9
FIN,Finland,1989.0,RCV1,95.0,MEASLES,207.9
SAU,Saudi Arabia,2007.0,BCG,96.0,MEASLES,207.8
SAU,Saudi Arabia,2007.0,DTPCV1,97.0,MEASLES,207.8
SAU,Saudi Arabia,2007.0,DTPCV3,96.0,MEASLES,207.8
SAU,Saudi Arabia,2007.0,HEPB3,96.0,MEASLES,207.8
SAU,Saudi Arabia,2007.0,HEPB_BD,95.93,MEASLES,207.8
SAU,Saudi Arabia,2007.0,HIB3,96.0,MEASLES,207.8
SAU,Saudi Arabia,2007.0,MCV1,96.0,MEASLES,207.8
SAU,Saudi Arabia,2007.0,MCV2,98.0,MEASLES,207.8
SAU,Saudi Arabia,2007.0,POL3,96.0,MEASLES,207.8
SAU,Saudi Arabia,2007.0,RCV1,95.8,MEASLES,207.8
GBR,United Kingdom of Great Britain and Northern Ireland,1993.0,DTPCV1,97.0,MEASLES,207.7
GBR,United Kingdom of Great Britain and Northern Ireland,1993.0,DTPCV3,93.67,MEASLES,207.7
GBR,United Kingdom of Great Britain and Northern Ireland,1993.0,MCV1,91.67,MEASLES,207.7
GBR,United Kingdom of Great Britain and Northern Ireland,1993.0,POL3,94.33,MEASLES,207.7
GBR,United Kingdom of Great Britain and Northern Ireland,1993.0,RCV1,91.0,MEASLES,207.7
GBR,United Kingdom of Great Britain and Northern Ireland,1993.0,TT2PLUS,94.0,MEASLES,207.7
CHL,Chile,1999.0,BCG,95.0,PERTUSSIS,207.5
CHL,Chile,1999.0,DTPCV1,96.0,PERTUSSIS,207.5
CHL,Chile,1999.0,DTPCV3,95.0,PERTUSSIS,207.5
CHL,Chile,1999.0,HIB3,95.0,PERTUSSIS,207.5
CHL,Chile,1999.0,MCV1,94.0,PERTUSSIS,207.5
CHL,Chile,1999.0,POL3,95.0,PERTUSSIS,207.5
CHL,Chile,1999.0,RCV1,94.0,PERTUSSIS,207.5
EST,Estonia,1993.0,BCG,98.0,MEASLES,207.4
EST,Estonia,1993.0,DTPCV1,90.0,MEASLES,207.4
SVK,Slovakia,2014.0,DTPCV1,99.0,PERTUSSIS,207.4
SVK,Slovakia,2014.0,DTPCV3,96.87,PERTUSSIS,207.4
SVK,Slovakia,2014.0,HEPB3,96.87,PERTUSSIS,207.4
SVK,Slovakia,2014.0,HIB3,96.87,PERTUSSIS,207.4
SVK,Slovakia,2014.0,MCV1,96.73,PERTUSSIS,207.4
SVK,Slovakia,2014.0,MCV2,98.07,PERTUSSIS,207.4
SVK,Slovakia,2014.0,PCV3,96.33,PERTUSSIS,207.4
SVK,Slovakia,2014.0,POL3,96.87,PERTUSSIS,207.4
SVK,Slovakia,2014.0,RCV1,96.73,PERTUSSIS,207.4
CHN,China,2006.0,BCG,94.33,MUMPS,207.3
CHN,China,2006.0,DTPCV1,97.33,MUMPS,207.3
CHN,China,2006.0,DTPCV3,95.0,MUMPS,207.3
CHN,China,2006.0,HEPB3,93.33,MUMPS,207.3
CHN,China,2006.0,MCV1,94.67,MUMPS,207.3
CHN,China,2006.0,MCV2,95.23,MUMPS,207.3
CHN,China,2006.0,POL3,95.67,MUMPS,207.3
ISR,Israel,1991.0,DTPCV1,97.0,MEASLES,207.3
ISR,Israel,1991.0,DTPCV3,94.0,MEASLES,207.3
ISR,Israel,1991.0,MCV1,94.0,MEASLES,207.3
ISR,Israel,1991.0,POL3,94.0,MEASLES,207.3
ISR,Israel,1991.0,TT2PLUS,94.0,MEASLES,207.3
BEN,Benin,2002.0,BCG,90.0,MEASLES,206.9
CHN,China,1984.0,DTPCV1,90.0,PERTUSSIS,206.9
YEM,Yemen,2008.0,DTPCV1,90.33,MUMPS,206.7
GRD,Grenada,1986.0,DTPCV1,98.0,MEASLES,206.6
GRD,Grenada,1986.0,DTPCV3,98.0,MEASLES,206.6
GRD,Grenada,1986.0,POL3,92.0,MEASLES,206.6
ROU,Romania,2011.0,BCG,98.73,MEASLES,206.5
ROU,Romania,2011.0,DTPCV1,96.0,MEASLES,206.5
ROU,Romania,2011.0,HEPB3,95.85,MEASLES,206.5
ROU,Romania,2011.0,HEPB_BD,99.4,MEASLES,206.5
ROU,Romania,2011.0,MCV1,93.1,MEASLES,206.5
ROU,Romania,2011.0,MCV2,90.8,MEASLES,206.5
ROU,Romania,2011.0,RCV1,93.0,MEASLES,206.5
KGZ,Kyrgyzstan,2019.0,BCG,96.13,MUMPS,206.3
KGZ,Kyrgyzstan,2019.0,DIPHCV4,98.5,MUMPS,206.3
KGZ,Kyrgyzstan,2019.0,DIPHCV5,99.5,MUMPS,206.3
KGZ,Kyrgyzstan,2019.0,DIPHCV6,94.8,MUMPS,206.3
KGZ,Kyrgyzstan,2019.0,DTPCV1,99.13,MUMPS,206.3
KGZ,Kyrgyzstan,2019.0,DTPCV3,95.0,MUMPS,206.3
KGZ,Kyrgyzstan,2019.0,HEPB3,95.0,MUMPS,206.3
KGZ,Kyrgyzstan,2019.0,HEPB_BD,96.13,MUMPS,206.3
KGZ,Kyrgyzstan,2019.0,HIB3,94.2,MUMPS,206.3
KGZ,Kyrgyzstan,2019.0,IPV1,94.0,MUMPS,206.3
KGZ,Kyrgyzstan,2019.0,MCV1,96.07,MUMPS,206.3
KGZ,Kyrgyzstan,2019.0,MCV2,98.33,MUMPS,206.3
KGZ,Kyrgyzstan,2019.0,PCV1,97.9,MUMPS,206.3
KGZ,Kyrgyzstan,2019.0,PCV2,94.3,MUMPS,206.3
KGZ,Kyrgyzstan,2019.0,PCV3,96.2,MUMPS,206.3
KGZ,Kyrgyzstan,2019.0,PERCV4,98.0,MUMPS,206.3
KGZ,Kyrgyzstan,2019.0,POL3,96.33,MUMPS,206.3
KGZ,Kyrgyzstan,2019.0,RCV1,96.87,MUMPS,206.3
KGZ,Kyrgyzstan,2019.0,TTCV4,98.45,MUMPS,206.3
KGZ,Kyrgyzstan,2019.0,TTCV5,99.5,MUMPS,206.3
KGZ,Kyrgyzstan,2019.0,TTCV6,94.8,MUMPS,206.3
NAM,Namibia,2014.0,BCG,97.0,MEASLES,206.3
NAM,Namibia,2014.0,DTPCV1,92.0,MEASLES,206.3
ARM,Armenia,2005.0,BCG,93.93,RUBELLA,206.2
ARM,Armenia,2005.0,DTPCV1,96.0,RUBELLA,206.2
ARM,Armenia,2005.0,DTPCV3,90.03,RUBELLA,206.2
ARM,Armenia,2005.0,HEPB3,90.83,RUBELLA,206.2
ARM,Armenia,2005.0,HEPB_BD,93.0,RUBELLA,206.2
ARM,Armenia,2005.0,MCV1,94.03,RUBELLA,206.2
ARM,Armenia,2005.0,MCV2,92.2,RUBELLA,206.2
ARM,Armenia,2005.0,POL3,91.93,RUBELLA,206.2
ARM,Armenia,2005.0,RCV1,94.07,RUBELLA,206.2
KGZ,Kyrgyzstan,1997.0,BCG,97.03,MEASLES,205.9
KGZ,Kyrgyzstan,1997.0,DTPCV1,98.0,MEASLES,205.9
KGZ,Kyrgyzstan,1997.0,DTPCV3,98.0,MEASLES,205.9
KGZ,Kyrgyzstan,1997.0,MCV1,98.0,MEASLES,205.9
KGZ,Kyrgyzstan,1997.0,POL3,99.03,MEASLES,205.9
KGZ,Kyrgyzstan,1997.0,TT2PLUS,98.0,MEASLES,205.9
NLD,Netherlands (Kingdom of the),2016.0,DTPCV1,98.0,PERTUSSIS,205.9
NLD,Netherlands (Kingdom of the),2016.0,DTPCV3,94.85,PERTUSSIS,205.9
NLD,Netherlands (Kingdom of the),2016.0,HEPB3,93.08,PERTUSSIS,205.9
NLD,Netherlands (Kingdom of the),2016.0,HEPB_BD,98.79,PERTUSSIS,205.9
NLD,Netherlands (Kingdom of the),2016.0,HEPB_BDALL,99.19,PERTUSSIS,205.9
NLD,Netherlands (Kingdom of the),2016.0,HIB3,94.83,PERTUSSIS,205.9
NLD,Netherlands (Kingdom of the),2016.0,IPV1,98.0,PERTUSSIS,205.9
NLD,Netherlands (Kingdom of the),2016.0,MCV1,93.85,PERTUSSIS,205.9
NLD,Netherlands (Kingdom of the),2016.0,MCV2,90.91,PERTUSSIS,205.9
NLD,Netherlands (Kingdom of the),2016.0,PCV3,93.98,PERTUSSIS,205.9
NLD,Netherlands (Kingdom of the),2016.0,POL3,94.85,PERTUSSIS,205.9
NLD,Netherlands (Kingdom of the),2016.0,RCV1,93.85,PERTUSSIS,205.9
GEO,Georgia,1999.0,DTPCV3,90.8,MUMPS,205.8
GEO,Georgia,1999.0,POL3,90.17,MUMPS,205.8
MAR,Morocco,2002.0,BCG,91.0,MEASLES,205.5
MAR,Morocco,2002.0,DTPCV1,93.67,MEASLES,205.5
MAR,Morocco,2002.0,DTPCV3,92.67,MEASLES,205.5
MAR,Morocco,2002.0,HEPB3,90.33,MEASLES,205.5
MAR,Morocco,2002.0,MCV1,92.67,MEASLES,205.5
MAR,Morocco,2002.0,POL3,94.33,MEASLES,205.5
CHL,Chile,1987.0,BCG,97.0,MEASLES,205.1
CHL,Chile,1987.0,DTPCV1,97.0,MEASLES,205.1
CHL,Chile,1987.0,DTPCV3,93.0,MEASLES,205.1
CHL,Chile,1987.0,MCV1,92.0,MEASLES,205.1
CHL,Chile,1987.0,POL3,93.0,MEASLES,205.1
COL,Colombia,2012.0,DTPCV1,91.33,MUMPS,205.1
COL,Colombia,2012.0,DTPCV3,91.6,MUMPS,205.1
COL,Colombia,2012.0,HEPB3,91.86,MUMPS,205.1
COL,Colombia,2012.0,HIB3,91.87,MUMPS,205.1
COL,Colombia,2012.0,MCV1,93.87,MUMPS,205.1
COL,Colombia,2012.0,PCV1,93.52,MUMPS,205.1
COL,Colombia,2012.0,PCV2,90.9,MUMPS,205.1
COL,Colombia,2012.0,POL3,90.99,MUMPS,205.1
COL,Colombia,2012.0,PRHPV1_F,90.0,MUMPS,205.1
COL,Colombia,2012.0,RCV1,93.87,MUMPS,205.1
COL,Colombia,2012.0,YFV,91.93,MUMPS,205.1
GEO,Georgia,2003.0,DTPCV1,95.0,RUBELLA,205.1
THA,Thailand,2008.0,BCG,99.5,MUMPS,205.0
THA,Thailand,2008.0,DTPCV1,99.5,MUMPS,205.0
THA,Thailand,2008.0,DTPCV3,99.0,MUMPS,205.0
THA,Thailand,2008.0,HEPB3,98.0,MUMPS,205.0
THA,Thailand,2008.0,HEPB_BD,99.9,MUMPS,205.0
THA,Thailand,2008.0,JAPENC,94.6,MUMPS,205.0
THA,Thailand,2008.0,MCV1,98.0,MUMPS,205.0
THA,Thailand,2008.0,MCV2,91.1,MUMPS,205.0
THA,Thailand,2008.0,PAB,91.0,MUMPS,205.0
THA,Thailand,2008.0,POL3,99.0,MUMPS,205.0
THA,Thailand,2008.0,RCV1,98.0,MUMPS,205.0
THA,Thailand,2008.0,TT2PLUS,96.7,MUMPS,205.0
ROU,Romania,1990.0,BCG,90.0,MEASLES,204.5
ROU,Romania,1990.0,DTPCV1,98.0,MEASLES,204.5
ROU,Romania,1990.0,DTPCV3,96.0,MEASLES,204.5
ROU,Romania,1990.0,MCV1,92.0,MEASLES,204.5
ROU,Romania,1990.0,POL3,92.0,MEASLES,204.5
RUS,Russian Federation,2000.0,BCG,96.15,PERTUSSIS,204.4
RUS,Russian Federation,2000.0,DTPCV1,97.0,PERTUSSIS,204.4
RUS,Russian Federation,2000.0,DTPCV3,95.9,PERTUSSIS,204.4
RUS,Russian Federation,2000.0,MCV1,97.0,PERTUSSIS,204.4
RUS,Russian Federation,2000.0,POL3,96.93,PERTUSSIS,204.4
RUS,Russian Federation,2000.0,RCV1,97.0,PERTUSSIS,204.4
NIC,Nicaragua,1987.0,BCG,94.0,MEASLES,204.0
NIC,Nicaragua,1987.0,POL3,99.0,MEASLES,204.0
KAZ,Kazakhstan,2008.0,BCG,97.0,RUBELLA,203.9
KAZ,Kazakhstan,2008.0,DTPCV1,99.5,RUBELLA,203.9
KAZ,Kazakhstan,2008.0,DTPCV3,99.0,RUBELLA,203.9
KAZ,Kazakhstan,2008.0,HEPB3,99.0,RUBELLA,203.9
KAZ,Kazakhstan,2008.0,HEPB_BD,95.17,RUBELLA,203.9
KAZ,Kazakhstan,2008.0,MCV1,99.67,RUBELLA,203.9
KAZ,Kazakhstan,2008.0,MCV2,98.8,RUBELLA,203.9
KAZ,Kazakhstan,2008.0,POL3,99.0,RUBELLA,203.9
KAZ,Kazakhstan,2008.0,RCV1,99.67,RUBELLA,203.9
MDV,Maldives,2009.0,BCG,99.0,MUMPS,203.9
MDV,Maldives,2009.0,DTPCV1,99.0,MUMPS,203.9
MDV,Maldives,2009.0,DTPCV3,98.0,MUMPS,203.9
MDV,Maldives,2009.0,HEPB3,98.0,MUMPS,203.9
MDV,Maldives,2009.0,HEPB_BD,99.0,MUMPS,203.9
MDV,Maldives,2009.0,MCV1,98.0,MUMPS,203.9
MDV,Maldives,2009.0,MCV2,96.0,MUMPS,203.9
MDV,Maldives,2009.0,PAB,95.0,MUMPS,203.9
MDV,Maldives,2009.0,POL3,98.0,MUMPS,203.9
MDV,Maldives,2009.0,RCV1,96.0,MUMPS,203.9
MDV,Maldives,2009.0,TT2PLUS,95.0,MUMPS,203.9
GBR,United Kingdom of Great Britain and Northern Ireland,1991.0,DTPCV1,96.0,MEASLES,203.8
GBR,United Kingdom of Great Britain and Northern Ireland,1991.0,DTPCV3,90.67,MEASLES,203.8
GBR,United Kingdom of Great Britain and Northern Ireland,1991.0,MCV1,90.0,MEASLES,203.8
GBR,United Kingdom of Great Britain and Northern Ireland,1991.0,POL3,92.33,MEASLES,203.8
GBR,United Kingdom of Great Britain and Northern Ireland,1991.0,RCV1,90.0,MEASLES,203.8
GBR,United Kingdom of Great Britain and Northern Ireland,1991.0,TT2PLUS,92.0,MEASLES,203.8
TJK,Tajikistan,2010.0,BCG,98.0,MUMPS,203.6
TJK,Tajikistan,2010.0,DTPCV1,95.0,MUMPS,203.6
TJK,Tajikistan,2010.0,DTPCV3,93.0,MUMPS,203.6
TJK,Tajikistan,2010.0,HEPB3,93.0,MUMPS,203.6
TJK,Tajikistan,2010.0,HEPB_BD,96.0,MUMPS,203.6
TJK,Tajikistan,2010.0,HIB3,93.0,MUMPS,203.6
TJK,Tajikistan,2010.0,MCV1,94.0,MUMPS,203.6
TJK,Tajikistan,2010.0,POL3,95.0,MUMPS,203.6
TJK,Tajikistan,2010.0,RCV1,94.0,MUMPS,203.6
TJK,Tajikistan,2010.0,VAD1,98.1,MUMPS,203.6
BHR,Bahrain,1981.0,DTPCV1,91.0,PERTUSSIS,203.5
QAT,Qatar,2011.0,BCG,97.0,MUMPS,203.2
QAT,Qatar,2011.0,DTPCV1,94.0,MUMPS,203.2
QAT,Qatar,2011.0,DTPCV3,93.0,MUMPS,203.2
QAT,Qatar,2011.0,HEPB3,93.0,MUMPS,203.2
QAT,Qatar,2011.0,HEPB_BD,95.23,MUMPS,203.2
QAT,Qatar,2011.0,HIB3,93.0,MUMPS,203.2
QAT,Qatar,2011.0,MCV1,99.0,MUMPS,203.2
QAT,Qatar,2011.0,MCV2,99.5,MUMPS,203.2
QAT,Qatar,2011.0,PCV1,100.0,MUMPS,203.2
QAT,Qatar,2011.0,PCV3,98.0,MUMPS,203.2
QAT,Qatar,2011.0,POL3,92.15,MUMPS,203.2
QAT,Qatar,2011.0,RCV1,98.0,MUMPS,203.2
QAT,Qatar,2011.0,ROTA1,95.5,MUMPS,203.2
PRY,Paraguay,1992.0,BCG,93.67,MEASLES,203.1
PRY,Paraguay,1992.0,DTPCV1,94.5,MEASLES,203.1
SEN,Senegal,1989.0,BCG,91.0,PERTUSSIS,203.0
TUR,Türkiye,1990.0,DTPCV1,94.0,MEASLES,203.0
ESP,Spain,2012.0,DTPCV1,98.0,MUMPS,202.9
ESP,Spain,2012.0,DTPCV3,96.2,MUMPS,202.9
ESP,Spain,2012.0,HEPB3,96.0,MUMPS,202.9
ESP,Spain,2012.0,HIB3,96.33,MUMPS,202.9
ESP,Spain,2012.0,MCV1,97.27,MUMPS,202.9
ESP,Spain,2012.0,MCV2,90.2,MUMPS,202.9
ESP,Spain,2012.0,POL3,96.33,MUMPS,202.9
ESP,Spain,2012.0,RCV1,97.0,MUMPS,202.9
KWT,Kuwait,1983.0,DTPCV1,96.0,PERTUSSIS,202.9
KWT,Kuwait,1983.0,POL3,90.0,PERTUSSIS,202.9
TJK,Tajikistan,2016.0,BCG,98.27,MUMPS,201.9
TJK,Tajikistan,2016.0,DTPCV1,97.94,MUMPS,201.9
TJK,Tajikistan,2016.0,DTPCV3,96.2,MUMPS,201.9
TJK,Tajikistan,2016.0,HEPB3,96.93,MUMPS,201.9
TJK,Tajikistan,2016.0,HEPB_BD,92.14,MUMPS,201.9
TJK,Tajikistan,2016.0,HEPB_BDALL,95.17,MUMPS,201.9
TJK,Tajikistan,2016.0,HIB3,96.73,MUMPS,201.9
TJK,Tajikistan,2016.0,MCV1,97.2,MUMPS,201.9
TJK,Tajikistan,2016.0,MCV2,97.13,MUMPS,201.9
TJK,Tajikistan,2016.0,POL3,96.86,MUMPS,201.9
TJK,Tajikistan,2016.0,RCV1,97.2,MUMPS,201.9
TJK,Tajikistan,2016.0,ROTA1,96.71,MUMPS,201.9
TJK,Tajikistan,2016.0,ROTAC,95.73,MUMPS,201.9
TJK,Tajikistan,2016.0,TT2PLUS,97.02,MUMPS,201.9
TJK,Tajikistan,2016.0,VAD1,98.85,MUMPS,201.9
JOR,Jordan,1985.0,DTPCV1,95.0,MEASLES,201.2
TJK,Tajikistan,2018.0,BCG,98.73,MUMPS,201.2
TJK,Tajikistan,2018.0,DIPHCV4,98.25,MUMPS,201.2
TJK,Tajikistan,2018.0,DIPHCV5,97.0,MUMPS,201.2
TJK,Tajikistan,2018.0,DTPCV1,97.67,MUMPS,201.2
TJK,Tajikistan,2018.0,DTPCV3,95.73,MUMPS,201.2
TJK,Tajikistan,2018.0,HEPB3,95.73,MUMPS,201.2
TJK,Tajikistan,2018.0,HEPB_BD,99.2,MUMPS,201.2
TJK,Tajikistan,2018.0,HEPB_BDALL,98.4,MUMPS,201.2
TJK,Tajikistan,2018.0,HIB3,95.73,MUMPS,201.2
TJK,Tajikistan,2018.0,MCV1,97.87,MUMPS,201.2
TJK,Tajikistan,2018.0,MCV2,97.07,MUMPS,201.2
TJK,Tajikistan,2018.0,PERCV4,98.25,MUMPS,201.2
TJK,Tajikistan,2018.0,POL3,95.93,MUMPS,201.2
TJK,Tajikistan,2018.0,RCV1,97.87,MUMPS,201.2
TJK,Tajikistan,2018.0,ROTA1,97.3,MUMPS,201.2
TJK,Tajikistan,2018.0,ROTAC,96.0,MUMPS,201.2
TJK,Tajikistan,2018.0,TTCV4,98.25,MUMPS,201.2
TJK,Tajikistan,2018.0,TTCV5,97.0,MUMPS,201.2
TJK,Tajikistan,2018.0,VAD1,98.0,MUMPS,201.2
CYM,Cayman Islands,1989.0,DTPCV3,93.0,MEASLES,201.0
CYM,Cayman Islands,1989.0,POL3,93.0,MEASLES,201.0
SYR,Syrian Arab Republic,2004.0,BCG,96.67,MUMPS,200.5
SYR,Syrian Arab Republic,2004.0,DTPCV1,95.67,MUMPS,200.5
SYR,Syrian Arab Republic,2004.0,DTPCV3,93.0,MUMPS,200.5
SYR,Syrian Arab Republic,2004.0,HEPB3,92.67,MUMPS,200.5
SYR,Syrian Arab Republic,2004.0,HEPB_BD,100.0,MUMPS,200.5
SYR,Syrian Arab Republic,2004.0,HIB3,93.0,MUMPS,200.5
SYR,Syrian Arab Republic,2004.0,MCV1,92.67,MUMPS,200.5
SYR,Syrian Arab Republic,2004.0,MCV2,92.67,MUMPS,200.5
SYR,Syrian Arab Republic,2004.0,PAB,91.0,MUMPS,200.5
SYR,Syrian Arab Republic,2004.0,POL3,94.0,MUMPS,200.5
SYR,Syrian Arab Republic,2004.0,RCV1,90.0,MUMPS,200.5
SYR,Syrian Arab Republic,2004.0,VAD1,98.0,MUMPS,200.5
QAT,Qatar,2012.0,BCG,96.77,MUMPS,200.3
QAT,Qatar,2012.0,DTPCV1,94.84,MUMPS,200.3
QAT,Qatar,2012.0,DTPCV3,92.25,MUMPS,200.3
QAT,Qatar,2012.0,HEPB3,92.9,MUMPS,200.3
QAT,Qatar,2012.0,HEPB_BD,94.69,MUMPS,200.3
QAT,Qatar,2012.0,HIB3,95.57,MUMPS,200.3
QAT,Qatar,2012.0,MCV1,96.75,MUMPS,200.3
QAT,Qatar,2012.0,MCV2,99.5,MUMPS,200.3
QAT,Qatar,2012.0,PCV1,100.0,MUMPS,200.3
QAT,Qatar,2012.0,PCV2,97.83,MUMPS,200.3
QAT,Qatar,2012.0,PCV3,91.99,MUMPS,200.3
QAT,Qatar,2012.0,POL3,92.58,MUMPS,200.3
QAT,Qatar,2012.0,RCV1,96.75,MUMPS,200.3
QAT,Qatar,2012.0,ROTA1,90.09,MUMPS,200.3
CHE,Switzerland,1994.0,DTPCV1,93.0,MEASLES,200.2
CHE,Switzerland,1994.0,POL3,95.0,MEASLES,200.2
SVN,Slovenia,1995.0,BCG,99.0,MEASLES,200.2
SVN,Slovenia,1995.0,DTPCV1,98.0,MEASLES,200.2
SVN,Slovenia,1995.0,DTPCV3,98.0,MEASLES,200.2
SVN,Slovenia,1995.0,MCV1,93.0,MEASLES,200.2
SVN,Slovenia,1995.0,POL3,98.0,MEASLES,200.2
SVN,Slovenia,1995.0,RCV1,93.0,MEASLES,200.2
SVN,Slovenia,1995.0,TT2PLUS,98.0,MEASLES,200.2
DOM,Dominican Republic,2015.0,BCG,99.0,MUMPS,200.0
DOM,Dominican Republic,2015.0,DTPCV1,99.17,MUMPS,200.0
DOM,Dominican Republic,2015.0,PAB,90.0,MUMPS,200.0
DOM,Dominican Republic,2015.0,ROTA1,93.58,MUMPS,200.0
ROU,Romania,2019.0,BCG,96.67,MEASLES,200.0
ROU,Romania,2019.0,HEPB_BD,99.17,MEASLES,200.0
QAT,Qatar,1998.0,BCG,99.67,MEASLES,199.8
QAT,Qatar,1998.0,DTPCV1,95.0,MEASLES,199.8
QAT,Qatar,1998.0,DTPCV3,94.0,MEASLES,199.8
QAT,Qatar,1998.0,HEPB3,92.0,MEASLES,199.8
QAT,Qatar,1998.0,HIB3,94.0,MEASLES,199.8
QAT,Qatar,1998.0,POL3,94.0,MEASLES,199.8
POL,Poland,2009.0,BCG,94.0,RUBELLA,199.6
POL,Poland,2009.0,DTPCV1,99.0,RUBELLA,199.6
POL,Poland,2009.0,DTPCV3,99.0,RUBELLA,199.6
POL,Poland,2009.0,HEPB3,98.0,RUBELLA,199.6
POL,Poland,2009.0,HEPB_BD,99.0,RUBELLA,199.6
POL,Poland,2009.0,HIB3,99.0,RUBELLA,199.6
POL,Poland,2009.0,MCV1,98.0,RUBELLA,199.6
POL,Poland,2009.0,MCV2,94.73,RUBELLA,199.6
POL,Poland,2009.0,POL3,96.0,RUBELLA,199.6
POL,Poland,2009.0,RCV1,98.2,RUBELLA,199.6
POL,Poland,2009.0,ROTA1,98.0,RUBELLA,199.6
ESP,Spain,2019.0,DTPCV1,98.08,MUMPS,199.4
ESP,Spain,2019.0,DTPCV3,94.92,MUMPS,199.4
ESP,Spain,2019.0,HEPB3,94.8,MUMPS,199.4
ESP,Spain,2019.0,HIB3,95.82,MUMPS,199.4
ESP,Spain,2019.0,IPV1,98.05,MUMPS,199.4
ESP,Spain,2019.0,MCV1,97.93,MUMPS,199.4
ESP,Spain,2019.0,MCV2,94.3,MUMPS,199.4
ESP,Spain,2019.0,PCV2,97.7,MUMPS,199.4
ESP,Spain,2019.0,PCV3,94.23,MUMPS,199.4
ESP,Spain,2019.0,POL3,94.83,MUMPS,199.4
ESP,Spain,2019.0,RCV1,97.93,MUMPS,199.4
BFA,Burkina Faso,2018.0,BCG,98.45,MEASLES,199.2
BFA,Burkina Faso,2018.0,DTPCV1,95.0,MEASLES,199.2
BFA,Burkina Faso,2018.0,DTPCV3,91.0,MEASLES,199.2
BFA,Burkina Faso,2018.0,HEPB3,91.0,MEASLES,199.2
BFA,Burkina Faso,2018.0,HIB3,91.0,MEASLES,199.2
BFA,Burkina Faso,2018.0,PCV3,91.0,MEASLES,199.2
BFA,Burkina Faso,2018.0,POL3,91.0,MEASLES,199.2
BFA,Burkina Faso,2018.0,ROTA1,96.2,MEASLES,199.2
BFA,Burkina Faso,2018.0,ROTAC,91.51,MEASLES,199.2
BFA,Burkina Faso,2018.0,TT2PLUS,91.57,MEASLES,199.2
CHE,Switzerland,1995.0,DTPCV1,93.0,MEASLES,198.9
CHE,Switzerland,1995.0,POL3,95.0,MEASLES,198.9
TJK,Tajikistan,2007.0,MCV2,90.1,MUMPS,198.8
TJK,Tajikistan,2007.0,VAD1,92.2,MUMPS,198.8
ZAF,South Africa,1995.0,BCG,95.0,MEASLES,198.6
MMR,Myanmar,1990.0,DTPCV1,96.0,MEASLES,198.4
CAN,Canada,1999.0,DTPCV1,95.0,PERTUSSIS,198.3
CAN,Canada,1999.0,DTPCV3,90.0,PERTUSSIS,198.3
CAN,Canada,1999.0,MCV1,96.0,PERTUSSIS,198.3
CAN,Canada,1999.0,RCV1,96.0,PERTUSSIS,198.3
LBR,Liberia,2017.0,DTPCV1,94.0,MEASLES,198.0
LBR,Liberia,2017.0,DTPCV3,92.67,MEASLES,198.0
LBR,Liberia,2017.0,HEPB3,92.67,MEASLES,198.0
LBR,Liberia,2017.0,HIB3,92.67,MEASLES,198.0
LBR,Liberia,2017.0,PCV1,99.0,MEASLES,198.0
LBR,Liberia,2017.0,PCV2,91.0,MEASLES,198.0
LBR,Liberia,2017.0,PCV3,91.33,MEASLES,198.0
LBR,Liberia,2017.0,POL3,92.33,MEASLES,198.0
LBR,Liberia,2017.0,ROTA1,99.5,MEASLES,198.0
MMR,Myanmar,1990.0,DTPCV1,96.0,PERTUSSIS,198.0
SLE,Sierra Leone,1990.0,BCG,98.0,MEASLES,197.8
EST,Estonia,2001.0,BCG,99.67,RUBELLA,197.4
EST,Estonia,2001.0,DTPCV1,99.0,RUBELLA,197.4
EST,Estonia,2001.0,DTPCV3,94.0,RUBELLA,197.4
EST,Estonia,2001.0,MCV1,95.0,RUBELLA,197.4
EST,Estonia,2001.0,POL3,94.0,RUBELLA,197.4
EST,Estonia,2001.0,RCV1,95.0,RUBELLA,197.4
PSE,"occupied Palestinian territory, including east Jerusalem",2020.0,BCG,99.0,MEASLES,197.4
PSE,"occupied Palestinian territory, including east Jerusalem",2020.0,DTPCV1,99.0,MEASLES,197.4
PSE,"occupied Palestinian territory, including east Jerusalem",2020.0,DTPCV3,98.0,MEASLES,197.4
PSE,"occupied Palestinian territory, including east Jerusalem",2020.0,HEPB3,98.0,MEASLES,197.4
PSE,"occupied Palestinian territory, including east Jerusalem",2020.0,HEPB_BD,99.38,MEASLES,197.4
PSE,"occupied Palestinian territory, including east Jerusalem",2020.0,HIB3,98.0,MEASLES,197.4
PSE,"occupied Palestinian territory, including east Jerusalem",2020.0,IPV1,99.47,MEASLES,197.4
PSE,"occupied Palestinian territory, including east Jerusalem",2020.0,MCV1,99.0,MEASLES,197.4
PSE,"occupied Palestinian territory, including east Jerusalem",2020.0,MCV2,99.0,MEASLES,197.4
PSE,"occupied Palestinian territory, including east Jerusalem",2020.0,PCV3,98.0,MEASLES,197.4
PSE,"occupied Palestinian territory, including east Jerusalem",2020.0,POL3,98.0,MEASLES,197.4
PSE,"occupied Palestinian territory, including east Jerusalem",2020.0,RCV1,99.0,MEASLES,197.4
PSE,"occupied Palestinian territory, including east Jerusalem",2020.0,ROTAC,99.0,MEASLES,197.4
TJK,Tajikistan,1992.0,TT2PLUS,92.0,PERTUSSIS,197.4
BRB,Barbados,1990.0,BCG,95.0,MEASLES,197.2
BRB,Barbados,1990.0,DTPCV1,96.0,MEASLES,197.2
BRB,Barbados,1990.0,DTPCV3,91.0,MEASLES,197.2
BRB,Barbados,1990.0,POL3,90.0,MEASLES,197.2
SLV,El Salvador,2000.0,BCG,99.0,MUMPS,196.9
SLV,El Salvador,2000.0,DTPCV1,90.99,MUMPS,196.9
SLV,El Salvador,2000.0,DTPCV3,99.0,MUMPS,196.9
SLV,El Salvador,2000.0,HEPB3,98.8,MUMPS,196.9
SLV,El Salvador,2000.0,MCV1,97.0,MUMPS,196.9
SLV,El Salvador,2000.0,POL3,98.0,MUMPS,196.9
SLV,El Salvador,2000.0,RCV1,97.0,MUMPS,196.9
MEX,Mexico,2001.0,BCG,99.67,MUMPS,196.8
MEX,Mexico,2001.0,DTPCV1,99.0,MUMPS,196.8
MEX,Mexico,2001.0,DTPCV3,97.0,MUMPS,196.8
MEX,Mexico,2001.0,HEPB3,97.0,MUMPS,196.8
MEX,Mexico,2001.0,HIB3,97.0,MUMPS,196.8
MEX,Mexico,2001.0,MCV1,95.13,MUMPS,196.8
MEX,Mexico,2001.0,MCV2,98.8,MUMPS,196.8
MEX,Mexico,2001.0,POL3,97.0,MUMPS,196.8
MEX,Mexico,2001.0,RCV1,95.0,MUMPS,196.8
SUR,Suriname,1998.0,DTPCV1,93.0,RUBELLA,196.8
SUR,Suriname,1998.0,DTPCV3,90.0,RUBELLA,196.8
SUR,Suriname,1998.0,PAB,92.0,RUBELLA,196.8
SUR,Suriname,1998.0,POL3,90.0,RUBELLA,196.8
MDA,Republic of Moldova,1994.0,BCG,94.0,PERTUSSIS,196.4
MDA,Republic of Moldova,1994.0,DTPCV1,95.0,PERTUSSIS,196.4
MDA,Republic of Moldova,1994.0,POL3,94.0,PERTUSSIS,196.4
MDA,Republic of Moldova,1994.0,TT2PLUS,92.0,PERTUSSIS,196.4
CHE,Switzerland,1999.0,DTPCV1,95.0,RUBELLA,196.0
CHE,Switzerland,1999.0,DTPCV3,93.0,RUBELLA,196.0
CHE,Switzerland,1999.0,HIB3,91.0,RUBELLA,196.0
CHE,Switzerland,1999.0,POL3,95.0,RUBELLA,196.0
LBR,Liberia,1981.0,MCV1,99.0,PERTUSSIS,195.8
SYR,Syrian Arab Republic,1986.0,BCG,98.67,MEASLES,195.8
SYR,Syrian Arab Republic,1986.0,DTPCV1,90.0,MEASLES,195.8
BWA,Botswana,1984.0,DTPCV1,98.0,PERTUSSIS,195.6
CYM,Cayman Islands,1984.0,DTPCV3,90.0,PERTUSSIS,195.6
CYM,Cayman Islands,1984.0,POL3,90.0,PERTUSSIS,195.6
DEU,Germany,2017.0,DTPCV1,98.4,PERTUSSIS,194.7
DEU,Germany,2017.0,DTPCV3,91.0,PERTUSSIS,194.7
DEU,Germany,2017.0,HIB3,91.73,PERTUSSIS,194.7
DEU,Germany,2017.0,IPV1,98.13,PERTUSSIS,194.7
DEU,Germany,2017.0,MCV1,97.07,PERTUSSIS,194.7
DEU,Germany,2017.0,MCV2,92.93,PERTUSSIS,194.7
DEU,Germany,2017.0,POL3,92.93,PERTUSSIS,194.7
DEU,Germany,2017.0,RCV1,96.87,PERTUSSIS,194.7
MDA,Republic of Moldova,1993.0,BCG,92.0,MEASLES,194.7
MDA,Republic of Moldova,1993.0,POL3,93.67,MEASLES,194.7
MDA,Republic of Moldova,1993.0,TT2PLUS,97.0,MEASLES,194.7
URY,Uruguay,2008.0,BCG,99.0,MUMPS,194.1
URY,Uruguay,2008.0,DTPCV1,98.0,MUMPS,194.1
URY,Uruguay,2008.0,DTPCV3,94.0,MUMPS,194.1
URY,Uruguay,2008.0,HEPB3,94.0,MUMPS,194.1
URY,Uruguay,2008.0,HIB3,94.0,MUMPS,194.1
URY,Uruguay,2008.0,MCV1,95.0,MUMPS,194.1
URY,Uruguay,2008.0,POL3,94.0,MUMPS,194.1
URY,Uruguay,2008.0,RCV1,95.07,MUMPS,194.1
ESP,Spain,2018.0,DTPCV1,98.1,MUMPS,193.9
ESP,Spain,2018.0,DTPCV3,94.97,MUMPS,193.9
ESP,Spain,2018.0,HEPB3,95.0,MUMPS,193.9
ESP,Spain,2018.0,HIB3,94.96,MUMPS,193.9
ESP,Spain,2018.0,IPV1,98.09,MUMPS,193.9
ESP,Spain,2018.0,MCV1,97.92,MUMPS,193.9
ESP,Spain,2018.0,MCV2,94.05,MUMPS,193.9
ESP,Spain,2018.0,PCV2,96.9,MUMPS,193.9
ESP,Spain,2018.0,PCV3,94.86,MUMPS,193.9
ESP,Spain,2018.0,POL3,94.83,MUMPS,193.9
ESP,Spain,2018.0,RCV1,97.92,MUMPS,193.9
MNG,Mongolia,2010.0,BCG,98.42,MUMPS,193.9
MNG,Mongolia,2010.0,DTPCV1,98.22,MUMPS,193.9
MNG,Mongolia,2010.0,DTPCV3,96.05,MUMPS,193.9
MNG,Mongolia,2010.0,HEPB3,96.05,MUMPS,193.9
MNG,Mongolia,2010.0,HEPB_BD,94.94,MUMPS,193.9
MNG,Mongolia,2010.0,HIB3,96.05,MUMPS,193.9
MNG,Mongolia,2010.0,MCV1,97.62,MUMPS,193.9
MNG,Mongolia,2010.0,MCV2,93.93,MUMPS,193.9
MNG,Mongolia,2010.0,POL3,96.24,MUMPS,193.9
MNG,Mongolia,2010.0,RCV1,97.62,MUMPS,193.9
TON,Tonga,1982.0,BCG,98.0,MEASLES,193.9
SVN,Slovenia,2014.0,DTPCV1,98.0,PERTUSSIS,193.8
SVN,Slovenia,2014.0,DTPCV3,95.0,PERTUSSIS,193.8
SVN,Slovenia,2014.0,HIB3,95.0,PERTUSSIS,193.8
SVN,Slovenia,2014.0,MCV1,94.0,PERTUSSIS,193.8
SVN,Slovenia,2014.0,MCV2,94.0,PERTUSSIS,193.8
SVN,Slovenia,2014.0,POL3,95.0,PERTUSSIS,193.8
SVN,Slovenia,2014.0,RCV1,94.0,PERTUSSIS,193.8
SAU,Saudi Arabia,1995.0,BCG,94.0,MEASLES,193.7
SAU,Saudi Arabia,1995.0,DTPCV1,98.0,MEASLES,193.7
SAU,Saudi Arabia,1995.0,DTPCV3,96.0,MEASLES,193.7
SAU,Saudi Arabia,1995.0,HEPB3,93.0,MEASLES,193.7
SAU,Saudi Arabia,1995.0,MCV1,94.0,MEASLES,193.7
SAU,Saudi Arabia,1995.0,POL3,96.0,MEASLES,193.7
SAU,Saudi Arabia,1995.0,RCV1,94.0,MEASLES,193.7
SRB,Serbia,1999.0,DTPCV1,97.0,RUBELLA,193.7
SRB,Serbia,1999.0,DTPCV3,93.53,RUBELLA,193.7
SRB,Serbia,1999.0,POL3,93.7,RUBELLA,193.7
RUS,Russian Federation,1994.0,BCG,93.2,MEASLES,193.5
RUS,Russian Federation,1994.0,DTPCV1,96.0,MEASLES,193.5
VUT,Vanuatu,2000.0,BCG,92.33,PERTUSSIS,193.3
PRY,Paraguay,2001.0,MCV1,90.0,MUMPS,193.1
PRY,Paraguay,2001.0,POL3,90.13,MUMPS,193.1
PRY,Paraguay,2001.0,RCV1,90.0,MUMPS,193.1
PAN,Panama,2000.0,BCG,99.0,RUBELLA,192.7
PAN,Panama,2000.0,DTPCV1,99.0,RUBELLA,192.7
PAN,Panama,2000.0,DTPCV3,98.0,RUBELLA,192.7
PAN,Panama,2000.0,MCV1,97.0,RUBELLA,192.7
PAN,Panama,2000.0,POL3,99.0,RUBELLA,192.7
PAN,Panama,2000.0,RCV1,97.0,RUBELLA,192.7
PNG,Papua New Guinea,1991.0,BCG,91.67,PERTUSSIS,192.7
PNG,Papua New Guinea,1991.0,DTPCV1,93.0,PERTUSSIS,192.7
UZB,Uzbekistan,1990.0,BCG,92.5,MEASLES,192.7
UZB,Uzbekistan,1990.0,POL3,90.0,MEASLES,192.7
ROU,Romania,2023.0,BCG,92.0,MEASLES,192.3
ROU,Romania,2023.0,HEPB_BD,92.65,MEASLES,192.3
ZMB,Zambia,1985.0,BCG,92.0,PERTUSSIS,192.2
URY,Uruguay,2011.0,BCG,99.05,PERTUSSIS,192.1
URY,Uruguay,2011.0,DTPCV1,98.69,PERTUSSIS,192.1
URY,Uruguay,2011.0,DTPCV3,95.0,PERTUSSIS,192.1
URY,Uruguay,2011.0,HEPB3,95.0,PERTUSSIS,192.1
URY,Uruguay,2011.0,HIB3,95.0,PERTUSSIS,192.1
URY,Uruguay,2011.0,MCV1,95.19,PERTUSSIS,192.1
URY,Uruguay,2011.0,PCV1,98.89,PERTUSSIS,192.1
URY,Uruguay,2011.0,PCV3,92.21,PERTUSSIS,192.1
URY,Uruguay,2011.0,POL3,95.06,PERTUSSIS,192.1
URY,Uruguay,2011.0,RCV1,95.19,PERTUSSIS,192.1
EGY,Egypt,1986.0,DTPCV1,93.0,TTETANUS,191.5
SGP,Singapore,2006.0,BCG,98.21,MUMPS,191.5
SGP,Singapore,2006.0,DTPCV1,96.12,MUMPS,191.5
SGP,Singapore,2006.0,DTPCV3,95.28,MUMPS,191.5
SGP,Singapore,2006.0,HEPB3,94.73,MUMPS,191.5
SGP,Singapore,2006.0,MCV1,94.67,MUMPS,191.5
SGP,Singapore,2006.0,MCV2,95.67,MUMPS,191.5
SGP,Singapore,2006.0,POL3,95.27,MUMPS,191.5
SGP,Singapore,2006.0,RCV1,94.67,MUMPS,191.5
OMN,Oman,2012.0,BCG,99.0,MUMPS,191.4
OMN,Oman,2012.0,DTPCV1,98.81,MUMPS,191.4
OMN,Oman,2012.0,DTPCV3,97.82,MUMPS,191.4
OMN,Oman,2012.0,HEPB3,97.82,MUMPS,191.4
OMN,Oman,2012.0,HEPB_BD,99.0,MUMPS,191.4
OMN,Oman,2012.0,HIB3,97.82,MUMPS,191.4
OMN,Oman,2012.0,MCV1,99.0,MUMPS,191.4
OMN,Oman,2012.0,MCV2,99.0,MUMPS,191.4
OMN,Oman,2012.0,PAB,94.82,MUMPS,191.4
OMN,Oman,2012.0,PCV1,97.5,MUMPS,191.4
OMN,Oman,2012.0,PCV2,98.77,MUMPS,191.4
OMN,Oman,2012.0,PCV3,99.44,MUMPS,191.4
OMN,Oman,2012.0,POL3,98.77,MUMPS,191.4
OMN,Oman,2012.0,RCV1,99.0,MUMPS,191.4
OMN,Oman,2012.0,VAD1,95.73,MUMPS,191.4
ECU,Ecuador,1982.0,BCG,99.0,MEASLES,191.3
ISR,Israel,2014.0,DTPCV1,95.0,PERTUSSIS,191.1
ISR,Israel,2014.0,DTPCV3,95.0,PERTUSSIS,191.1
ISR,Israel,2014.0,HEPB3,97.0,PERTUSSIS,191.1
ISR,Israel,2014.0,HEPB_BD,97.0,PERTUSSIS,191.1
ISR,Israel,2014.0,HIB3,95.0,PERTUSSIS,191.1
ISR,Israel,2014.0,MCV1,97.0,PERTUSSIS,191.1
ISR,Israel,2014.0,MCV2,96.0,PERTUSSIS,191.1
ISR,Israel,2014.0,PCV3,94.0,PERTUSSIS,191.1
ISR,Israel,2014.0,POL3,95.0,PERTUSSIS,191.1
ISR,Israel,2014.0,RCV1,97.0,PERTUSSIS,191.1
KAZ,Kazakhstan,1993.0,BCG,90.67,MEASLES,190.9
KAZ,Kazakhstan,1993.0,DTPCV1,91.0,MEASLES,190.9
KAZ,Kazakhstan,1993.0,MCV1,91.0,MEASLES,190.9
KAZ,Kazakhstan,1993.0,TT2PLUS,92.0,MEASLES,190.9
NPL,Nepal,2005.0,VAD1,95.0,MEASLES,190.9
CHN,China,2007.0,BCG,95.67,MUMPS,190.6
CHN,China,2007.0,DTPCV1,97.33,MUMPS,190.6
CHN,China,2007.0,DTPCV3,95.0,MUMPS,190.6
CHN,China,2007.0,HEPB3,94.33,MUMPS,190.6
CHN,China,2007.0,MCV1,95.67,MUMPS,190.6
CHN,China,2007.0,MCV2,94.1,MUMPS,190.6
CHN,China,2007.0,POL3,95.67,MUMPS,190.6
CAF,Central African Republic,2021.0,HEPB_BD,97.88,TYPHOID,190.5
CAF,Central African Republic,2021.0,HEPB_BDALL,97.88,TYPHOID,190.5
CAF,Central African Republic,2021.0,PCV1,97.69,TYPHOID,190.5
MLI,Mali,2009.0,DTPCV1,91.0,MEASLES,190.4
MLI,Mali,2009.0,PAB,92.0,MEASLES,190.4
POL,Poland,1989.0,BCG,95.0,MEASLES,190.4
POL,Poland,1989.0,DTPCV1,98.0,MEASLES,190.4
POL,Poland,1989.0,DTPCV3,96.0,MEASLES,190.4
POL,Poland,1989.0,MCV1,95.0,MEASLES,190.4
POL,Poland,1989.0,POL3,96.0,MEASLES,190.4
POL,Poland,1989.0,RCV1,95.0,MEASLES,190.4
ITA,Italy,2003.0,DTPCV1,97.0,MEASLES,190.2
ITA,Italy,2003.0,DTPCV3,96.0,MEASLES,190.2
ITA,Italy,2003.0,HEPB3,95.0,MEASLES,190.2
ITA,Italy,2003.0,HIB3,90.0,MEASLES,190.2
ITA,Italy,2003.0,POL3,97.0,MEASLES,190.2
QAT,Qatar,2006.0,BCG,99.67,MUMPS,190.2
QAT,Qatar,2006.0,DTPCV1,99.67,MUMPS,190.2
QAT,Qatar,2006.0,DTPCV3,96.0,MUMPS,190.2
QAT,Qatar,2006.0,HEPB3,96.0,MUMPS,190.2
QAT,Qatar,2006.0,HEPB_BD,99.67,MUMPS,190.2
QAT,Qatar,2006.0,HIB3,96.0,MUMPS,190.2
QAT,Qatar,2006.0,MCV1,99.0,MUMPS,190.2
QAT,Qatar,2006.0,POL3,95.0,MUMPS,190.2
QAT,Qatar,2006.0,RCV1,99.0,MUMPS,190.2
KIR,Kiribati,1997.0,BCG,99.5,TTETANUS,190.1
KIR,Kiribati,1997.0,DTPCV1,97.0,TTETANUS,190.1
KIR,Kiribati,1997.0,DTPCV3,91.0,TTETANUS,190.1
KIR,Kiribati,1997.0,HEPB3,97.0,TTETANUS,190.1
KIR,Kiribati,1997.0,POL3,93.0,TTETANUS,190.1
VEN,Venezuela (Bolivarian Republic of),2018.0,BCG,92.0,MEASLES,190.1
RUS,Russian Federation,1998.0,BCG,95.11,PERTUSSIS,190.0
RUS,Russian Federation,1998.0,DTPCV1,96.0,PERTUSSIS,190.0
RUS,Russian Federation,1998.0,DTPCV3,93.1,PERTUSSIS,190.0
RUS,Russian Federation,1998.0,MCV1,95.33,PERTUSSIS,190.0
RUS,Russian Federation,1998.0,POL3,95.67,PERTUSSIS,190.0
PRY,Paraguay,1985.0,POL3,98.67,MEASLES,189.7
IRQ,Iraq,2008.0,DTPCV1,90.33,MEASLES,189.6
IRQ,Iraq,2008.0,HEPB_BD,92.15,MEASLES,189.6
TJK,Tajikistan,2012.0,BCG,96.0,MUMPS,189.4
TJK,Tajikistan,2012.0,DTPCV1,96.0,MUMPS,189.4
TJK,Tajikistan,2012.0,DTPCV3,94.2,MUMPS,189.4
TJK,Tajikistan,2012.0,HEPB3,94.2,MUMPS,189.4
TJK,Tajikistan,2012.0,HEPB_BD,96.0,MUMPS,189.4
TJK,Tajikistan,2012.0,HIB3,94.2,MUMPS,189.4
TJK,Tajikistan,2012.0,MCV1,97.0,MUMPS,189.4
TJK,Tajikistan,2012.0,MCV2,97.1,MUMPS,189.4
TJK,Tajikistan,2012.0,POL3,96.2,MUMPS,189.4
TJK,Tajikistan,2012.0,RCV1,97.0,MUMPS,189.4
TJK,Tajikistan,2012.0,VAD1,97.0,MUMPS,189.4
NOR,Norway,1986.0,DTPCV1,94.0,PERTUSSIS,189.3
TON,Tonga,2005.0,BCG,99.07,MUMPS,189.3
TON,Tonga,2005.0,DTPCV1,99.63,MUMPS,189.3
TON,Tonga,2005.0,DTPCV3,98.97,MUMPS,189.3
TON,Tonga,2005.0,HEPB3,99.13,MUMPS,189.3
TON,Tonga,2005.0,HEPB_BD,99.67,MUMPS,189.3
TON,Tonga,2005.0,HIB3,99.63,MUMPS,189.3
TON,Tonga,2005.0,MCV1,99.53,MUMPS,189.3
TON,Tonga,2005.0,MCV2,98.13,MUMPS,189.3
TON,Tonga,2005.0,POL3,99.07,MUMPS,189.3
TON,Tonga,2005.0,RCV1,99.4,MUMPS,189.3
TON,Tonga,2005.0,TT2PLUS,96.5,MUMPS,189.3
BRN,Brunei Darussalam,1992.0,BCG,97.0,MEASLES,189.0
BRN,Brunei Darussalam,1992.0,DTPCV1,98.0,MEASLES,189.0
BRN,Brunei Darussalam,1992.0,DTPCV3,96.0,MEASLES,189.0
BRN,Brunei Darussalam,1992.0,HEPB3,96.0,MEASLES,189.0
BRN,Brunei Darussalam,1992.0,MCV1,92.0,MEASLES,189.0
BRN,Brunei Darussalam,1992.0,POL3,95.0,MEASLES,189.0
BRN,Brunei Darussalam,1992.0,RCV1,92.0,MEASLES,189.0
GUY,Guyana,1997.0,BCG,94.0,RUBELLA,188.9
GUY,Guyana,1997.0,DTPCV1,95.0,RUBELLA,188.9
UKR,Ukraine,1994.0,BCG,92.0,MEASLES,188.9
UKR,Ukraine,1994.0,DTPCV1,98.0,MEASLES,188.9
UKR,Ukraine,1994.0,DTPCV3,97.0,MEASLES,188.9
UKR,Ukraine,1994.0,MCV1,96.0,MEASLES,188.9
UKR,Ukraine,1994.0,POL3,95.67,MEASLES,188.9
UKR,Ukraine,1994.0,TT2PLUS,97.0,MEASLES,188.9
WSM,Samoa,2020.0,BCG,99.0,TYPHOID,188.7
WSM,Samoa,2020.0,DTPCV1,99.0,TYPHOID,188.7
WSM,Samoa,2020.0,HEPB_BD,92.15,TYPHOID,188.7
WSM,Samoa,2020.0,HEPB_BDALL,96.09,TYPHOID,188.7
WSM,Samoa,2020.0,IPV1,95.71,TYPHOID,188.7
IDN,Indonesia,1995.0,BCG,92.3,MEASLES,188.6
ARM,Armenia,2023.0,BCG,98.69,MEASLES,188.2
ARM,Armenia,2023.0,DIPHCV4,95.67,MEASLES,188.2
ARM,Armenia,2023.0,DIPHCV5,95.99,MEASLES,188.2
ARM,Armenia,2023.0,DTPCV1,96.33,MEASLES,188.2
ARM,Armenia,2023.0,DTPCV3,93.98,MEASLES,188.2
ARM,Armenia,2023.0,FLU_HCW,97.1,MEASLES,188.2
ARM,Armenia,2023.0,HEPB3,93.98,MEASLES,188.2
ARM,Armenia,2023.0,HEPB_BD,96.27,MEASLES,188.2
ARM,Armenia,2023.0,HEPB_BDALL,96.41,MEASLES,188.2
ARM,Armenia,2023.0,HIB3,93.98,MEASLES,188.2
ARM,Armenia,2023.0,IPV1,96.33,MEASLES,188.2
ARM,Armenia,2023.0,MCV1,95.84,MEASLES,188.2
ARM,Armenia,2023.0,MCV2,95.99,MEASLES,188.2
ARM,Armenia,2023.0,PCV1,96.53,MEASLES,188.2
ARM,Armenia,2023.0,PCV2,96.53,MEASLES,188.2
ARM,Armenia,2023.0,PCV3,93.97,MEASLES,188.2
ARM,Armenia,2023.0,PERCV4,95.67,MEASLES,188.2
ARM,Armenia,2023.0,POL3,94.0,MEASLES,188.2
ARM,Armenia,2023.0,RCV1,95.84,MEASLES,188.2
ARM,Armenia,2023.0,ROTA1,94.74,MEASLES,188.2
ARM,Armenia,2023.0,ROTAC,93.07,MEASLES,188.2
ARM,Armenia,2023.0,TTCV4,95.67,MEASLES,188.2
ARM,Armenia,2023.0,TTCV5,95.99,MEASLES,188.2
GUM,Guam,2015.0,DTPCV3,91.0,PERTUSSIS,188.0
THA,Thailand,1995.0,BCG,98.0,MEASLES,188.0
THA,Thailand,1995.0,DTPCV1,98.0,MEASLES,188.0
THA,Thailand,1995.0,DTPCV3,94.67,MEASLES,188.0
THA,Thailand,1995.0,HEPB3,92.33,MEASLES,188.0
THA,Thailand,1995.0,POL3,94.67,MEASLES,188.0
THA,Thailand,1995.0,RCV1,91.0,MEASLES,188.0
THA,Thailand,1995.0,TT2PLUS,93.0,MEASLES,188.0
SGP,Singapore,1992.0,BCG,99.0,MEASLES,187.8
SGP,Singapore,1992.0,DTPCV1,96.0,MEASLES,187.8
SGP,Singapore,1992.0,POL3,92.0,MEASLES,187.8
GNB,Guinea-Bissau,1987.0,BCG,92.0,MEASLES,187.7
CYM,Cayman Islands,1985.0,DTPCV3,91.0,MEASLES,187.6
CYM,Cayman Islands,1985.0,MCV1,94.0,MEASLES,187.6
CYM,Cayman Islands,1985.0,POL3,91.0,MEASLES,187.6
DNK,Denmark,2017.0,DTPCV1,98.0,PERTUSSIS,187.5
DNK,Denmark,2017.0,DTPCV3,97.0,PERTUSSIS,187.5
DNK,Denmark,2017.0,HIB3,97.0,PERTUSSIS,187.5
DNK,Denmark,2017.0,IPV1,98.0,PERTUSSIS,187.5
DNK,Denmark,2017.0,MCV1,96.0,PERTUSSIS,187.5
DNK,Denmark,2017.0,PCV1,97.5,PERTUSSIS,187.5
DNK,Denmark,2017.0,PCV2,97.5,PERTUSSIS,187.5
DNK,Denmark,2017.0,PCV3,96.0,PERTUSSIS,187.5
DNK,Denmark,2017.0,POL3,97.0,PERTUSSIS,187.5
DNK,Denmark,2017.0,RCV1,96.0,PERTUSSIS,187.5
GBR,United Kingdom of Great Britain and Northern Ireland,2012.0,DTPCV1,98.0,PERTUSSIS,187.3
GBR,United Kingdom of Great Britain and Northern Ireland,2012.0,DTPCV3,95.0,PERTUSSIS,187.3
GBR,United Kingdom of Great Britain and Northern Ireland,2012.0,HIB3,95.0,PERTUSSIS,187.3
GBR,United Kingdom of Great Britain and Northern Ireland,2012.0,MCV1,92.0,PERTUSSIS,187.3
GBR,United Kingdom of Great Britain and Northern Ireland,2012.0,PCV2,95.0,PERTUSSIS,187.3
GBR,United Kingdom of Great Britain and Northern Ireland,2012.0,PCV3,92.0,PERTUSSIS,187.3
GBR,United Kingdom of Great Britain and Northern Ireland,2012.0,POL3,95.0,PERTUSSIS,187.3
GBR,United Kingdom of Great Britain and Northern Ireland,2012.0,PRHPV1_F,91.0,PERTUSSIS,187.3
GBR,United Kingdom of Great Britain and Northern Ireland,2012.0,RCV1,92.0,PERTUSSIS,187.3
DNK,Denmark,1988.0,DTPCV1,97.0,PERTUSSIS,187.0
DNK,Denmark,1988.0,POL3,99.33,PERTUSSIS,187.0
MNG,Mongolia,1987.0,DTPCV1,93.0,MEASLES,186.9
SRB,Serbia,1989.0,DTPCV3,90.0,PERTUSSIS,186.9
SRB,Serbia,1989.0,MCV1,90.0,PERTUSSIS,186.9
SRB,Serbia,1989.0,POL3,90.0,PERTUSSIS,186.9
ETH,Ethiopia,2023.0,DTPCV3,90.43,MEASLES,186.8
ETH,Ethiopia,2023.0,HEPB3,90.43,MEASLES,186.8
ETH,Ethiopia,2023.0,HIB3,90.43,MEASLES,186.8
ETH,Ethiopia,2023.0,PCV1,99.5,MEASLES,186.8
ETH,Ethiopia,2023.0,ROTA1,99.0,MEASLES,186.8
MDA,Republic of Moldova,1993.0,BCG,92.0,PERTUSSIS,186.8
MDA,Republic of Moldova,1993.0,POL3,93.67,PERTUSSIS,186.8
MDA,Republic of Moldova,1993.0,TT2PLUS,97.0,PERTUSSIS,186.8
DMA,Dominica,1990.0,BCG,99.0,MEASLES,186.7
DMA,Dominica,1990.0,DTPCV1,98.0,MEASLES,186.7
DMA,Dominica,1990.0,DTPCV3,93.33,MEASLES,186.7
DMA,Dominica,1990.0,POL3,95.33,MEASLES,186.7
GRC,Greece,1987.0,DTPCV1,94.0,MEASLES,186.6
GRC,Greece,1987.0,POL3,97.0,MEASLES,186.6
JPN,Japan,2018.0,BCG,98.85,MUMPS,186.6
JPN,Japan,2018.0,DTPCV1,99.64,MUMPS,186.6
JPN,Japan,2018.0,DTPCV3,98.0,MUMPS,186.6
JPN,Japan,2018.0,HIB3,99.41,MUMPS,186.6
JPN,Japan,2018.0,IPV1,99.0,MUMPS,186.6
JPN,Japan,2018.0,MCV1,97.12,MUMPS,186.6
JPN,Japan,2018.0,MCV2,93.09,MUMPS,186.6
JPN,Japan,2018.0,PCV1,98.87,MUMPS,186.6
JPN,Japan,2018.0,PCV2,98.52,MUMPS,186.6
JPN,Japan,2018.0,PCV3,98.0,MUMPS,186.6
JPN,Japan,2018.0,POL3,98.0,MUMPS,186.6
JPN,Japan,2018.0,RCV1,97.06,MUMPS,186.6
BOL,Bolivia (Plurinational State of),1994.0,BCG,92.0,MEASLES,186.5
TZA,United Republic of Tanzania,2007.0,MCV1,90.0,MEASLES,186.5
SEN,Senegal,2023.0,BCG,91.95,MUMPS,186.4
SEN,Senegal,2023.0,DTPCV1,90.85,MUMPS,186.4
SEN,Senegal,2023.0,PAB,96.0,MUMPS,186.4
TJK,Tajikistan,2013.0,BCG,98.0,MUMPS,186.2
TJK,Tajikistan,2013.0,DTPCV1,98.1,MUMPS,186.2
TJK,Tajikistan,2013.0,DTPCV3,96.05,MUMPS,186.2
TJK,Tajikistan,2013.0,HEPB3,96.05,MUMPS,186.2
TJK,Tajikistan,2013.0,HEPB_BD,97.9,MUMPS,186.2
TJK,Tajikistan,2013.0,HIB3,96.05,MUMPS,186.2
TJK,Tajikistan,2013.0,MCV1,97.0,MUMPS,186.2
TJK,Tajikistan,2013.0,MCV2,97.0,MUMPS,186.2
TJK,Tajikistan,2013.0,POL3,96.85,MUMPS,186.2
TJK,Tajikistan,2013.0,RCV1,97.0,MUMPS,186.2
KAZ,Kazakhstan,1999.0,BCG,99.5,MUMPS,186.1
KAZ,Kazakhstan,1999.0,DTPCV1,98.0,MUMPS,186.1
KAZ,Kazakhstan,1999.0,DTPCV3,98.07,MUMPS,186.1
KAZ,Kazakhstan,1999.0,MCV1,99.5,MUMPS,186.1
KAZ,Kazakhstan,1999.0,MCV2,99.8,MUMPS,186.1
KAZ,Kazakhstan,1999.0,POL3,99.53,MUMPS,186.1
BEL,Belgium,2016.0,DTPCV1,99.0,PERTUSSIS,185.7
BEL,Belgium,2016.0,DTPCV3,98.0,PERTUSSIS,185.7
BEL,Belgium,2016.0,HEPB3,97.0,PERTUSSIS,185.7
BEL,Belgium,2016.0,HIB3,97.0,PERTUSSIS,185.7
BEL,Belgium,2016.0,IPV1,99.25,PERTUSSIS,185.7
BEL,Belgium,2016.0,MCV1,95.85,PERTUSSIS,185.7
BEL,Belgium,2016.0,PCV1,97.9,PERTUSSIS,185.7
BEL,Belgium,2016.0,PCV2,97.0,PERTUSSIS,185.7
BEL,Belgium,2016.0,PCV3,94.0,PERTUSSIS,185.7
BEL,Belgium,2016.0,POL3,98.1,PERTUSSIS,185.7
BEL,Belgium,2016.0,RCV1,95.85,PERTUSSIS,185.7
EST,Estonia,1993.0,BCG,98.0,PERTUSSIS,185.5
EST,Estonia,1993.0,DTPCV1,90.0,PERTUSSIS,185.5
STP,Sao Tome and Principe,1982.0,BCG,90.0,TTETANUS,185.4
VNM,Viet Nam,1999.0,BCG,95.0,MEASLES,185.3
VNM,Viet Nam,1999.0,DTPCV1,97.0,MEASLES,185.3
VNM,Viet Nam,1999.0,DTPCV3,93.0,MEASLES,185.3
VNM,Viet Nam,1999.0,MCV1,94.0,MEASLES,185.3
VNM,Viet Nam,1999.0,POL3,93.0,MEASLES,185.3
UZB,Uzbekistan,1991.0,BCG,93.5,MEASLES,185.0
UZB,Uzbekistan,1991.0,DTPCV3,90.0,MEASLES,185.0
UZB,Uzbekistan,1991.0,POL3,90.5,MEASLES,185.0
UZB,Uzbekistan,1991.0,TT2PLUS,90.0,MEASLES,185.0
NPL,Nepal,2002.0,VAD1,95.0,PERTUSSIS,184.9
MAC,"China, Macao SAR",2008.0,BCG,99.8,MUMPS,184.7
MAC,"China, Macao SAR",2008.0,DTPCV1,93.2,MUMPS,184.7
MAC,"China, Macao SAR",2008.0,DTPCV3,91.15,MUMPS,184.7
MAC,"China, Macao SAR",2008.0,HEPB3,91.15,MUMPS,184.7
MAC,"China, Macao SAR",2008.0,HEPB_BD,99.9,MUMPS,184.7
MAC,"China, Macao SAR",2008.0,POL3,90.8,MUMPS,184.7
MDV,Maldives,2011.0,BCG,98.14,MUMPS,184.7
MDV,Maldives,2011.0,DTPCV1,97.12,MUMPS,184.7
MDV,Maldives,2011.0,DTPCV3,95.82,MUMPS,184.7
MDV,Maldives,2011.0,HEPB3,95.81,MUMPS,184.7
MDV,Maldives,2011.0,HEPB_BD,97.71,MUMPS,184.7
MDV,Maldives,2011.0,MCV1,95.81,MUMPS,184.7
MDV,Maldives,2011.0,MCV2,96.08,MUMPS,184.7
MDV,Maldives,2011.0,PAB,95.0,MUMPS,184.7
MDV,Maldives,2011.0,POL3,95.79,MUMPS,184.7
MDV,Maldives,2011.0,RCV1,96.08,MUMPS,184.7
MDV,Maldives,2011.0,TT2PLUS,92.0,MUMPS,184.7
MDV,Maldives,2011.0,VAD1,92.52,MUMPS,184.7
DZA,Algeria,2002.0,BCG,98.0,MEASLES,184.6
DZA,Algeria,2002.0,DTPCV1,93.0,MEASLES,184.6
DZA,Algeria,2002.0,MCV2,93.0,MEASLES,184.6
CHN,China,1986.0,DTPCV1,92.0,MEASLES,184.5
QAT,Qatar,2007.0,BCG,96.0,MUMPS,184.5
QAT,Qatar,2007.0,DTPCV1,96.0,MUMPS,184.5
QAT,Qatar,2007.0,DTPCV3,94.0,MUMPS,184.5
QAT,Qatar,2007.0,HEPB3,94.0,MUMPS,184.5
QAT,Qatar,2007.0,HEPB_BD,93.13,MUMPS,184.5
QAT,Qatar,2007.0,HIB3,94.0,MUMPS,184.5
QAT,Qatar,2007.0,MCV1,92.0,MUMPS,184.5
QAT,Qatar,2007.0,POL3,97.0,MUMPS,184.5
QAT,Qatar,2007.0,RCV1,92.12,MUMPS,184.5
TJK,Tajikistan,2011.0,BCG,96.85,MUMPS,184.2
TJK,Tajikistan,2011.0,DTPCV1,98.0,MUMPS,184.2
TJK,Tajikistan,2011.0,DTPCV3,95.95,MUMPS,184.2
TJK,Tajikistan,2011.0,HEPB3,95.95,MUMPS,184.2
TJK,Tajikistan,2011.0,HEPB_BD,97.9,MUMPS,184.2
TJK,Tajikistan,2011.0,HIB3,95.95,MUMPS,184.2
TJK,Tajikistan,2011.0,MCV1,97.95,MUMPS,184.2
TJK,Tajikistan,2011.0,MCV2,96.15,MUMPS,184.2
TJK,Tajikistan,2011.0,POL3,97.1,MUMPS,184.2
TJK,Tajikistan,2011.0,RCV1,98.0,MUMPS,184.2
TJK,Tajikistan,2011.0,VAD1,99.9,MUMPS,184.2
TJK,Tajikistan,2011.0,YFV,98.3,MUMPS,184.2
NLD,Netherlands (Kingdom of the),1987.0,DTPCV1,98.0,PERTUSSIS,184.0
NLD,Netherlands (Kingdom of the),1987.0,DTPCV3,96.93,PERTUSSIS,184.0
NLD,Netherlands (Kingdom of the),1987.0,MCV1,92.93,PERTUSSIS,184.0
NLD,Netherlands (Kingdom of the),1987.0,POL3,96.93,PERTUSSIS,184.0
NLD,Netherlands (Kingdom of the),1987.0,RCV1,93.0,PERTUSSIS,184.0
RUS,Russian Federation,1997.0,BCG,94.82,PERTUSSIS,184.0
RUS,Russian Federation,1997.0,DTPCV1,96.0,PERTUSSIS,184.0
RUS,Russian Federation,1997.0,DTPCV3,90.37,PERTUSSIS,184.0
RUS,Russian Federation,1997.0,MCV1,92.77,PERTUSSIS,184.0
RUS,Russian Federation,1997.0,POL3,93.33,PERTUSSIS,184.0
RUS,Russian Federation,1997.0,TT2PLUS,95.6,PERTUSSIS,184.0
KOR,Republic of Korea,2020.0,BCG,98.01,MUMPS,183.4
KOR,Republic of Korea,2020.0,DIPHCV4,96.48,MUMPS,183.4
KOR,Republic of Korea,2020.0,DIPHCV5,93.39,MUMPS,183.4
KOR,Republic of Korea,2020.0,DTPCV1,98.02,MUMPS,183.4
KOR,Republic of Korea,2020.0,DTPCV3,97.87,MUMPS,183.4
KOR,Republic of Korea,2020.0,HEPB3,97.9,MUMPS,183.4
KOR,Republic of Korea,2020.0,HEPB_BD,93.13,MUMPS,183.4
KOR,Republic of Korea,2020.0,HEPB_BDALL,98.12,MUMPS,183.4
KOR,Republic of Korea,2020.0,HIB3,96.51,MUMPS,183.4
KOR,Republic of Korea,2020.0,IPV1,98.01,MUMPS,183.4
KOR,Republic of Korea,2020.0,JAPENC,94.0,MUMPS,183.4
KOR,Republic of Korea,2020.0,JAPENC_1,96.95,MUMPS,183.4
KOR,Republic of Korea,2020.0,JAPENC_C,95.31,MUMPS,183.4
KOR,Republic of Korea,2020.0,MCV1,97.77,MUMPS,183.4
KOR,Republic of Korea,2020.0,MCV2,95.24,MUMPS,183.4
KOR,Republic of Korea,2020.0,PCV1,98.06,MUMPS,183.4
KOR,Republic of Korea,2020.0,PCV2,97.94,MUMPS,183.4
KOR,Republic of Korea,2020.0,PCV3,96.42,MUMPS,183.4
KOR,Republic of Korea,2020.0,PERCV4,96.48,MUMPS,183.4
KOR,Republic of Korea,2020.0,POL3,97.85,MUMPS,183.4
KOR,Republic of Korea,2020.0,RCV1,97.77,MUMPS,183.4
KOR,Republic of Korea,2020.0,TTCV4,96.48,MUMPS,183.4
KOR,Republic of Korea,2020.0,TTCV5,93.39,MUMPS,183.4
EGY,Egypt,1985.0,DTPCV1,94.0,TTETANUS,183.0
CYM,Cayman Islands,1999.0,BCG,93.0,PERTUSSIS,182.8
CYM,Cayman Islands,1999.0,DTPCV3,94.0,PERTUSSIS,182.8
CYM,Cayman Islands,1999.0,HIB3,94.0,PERTUSSIS,182.8
CYM,Cayman Islands,1999.0,MCV1,92.0,PERTUSSIS,182.8
CYM,Cayman Islands,1999.0,POL3,94.0,PERTUSSIS,182.8
CHN,China,2018.0,BCG,99.3,MUMPS,182.6
CHN,China,2018.0,DIPHCV4,98.79,MUMPS,182.6
CHN,China,2018.0,DIPHCV5,98.95,MUMPS,182.6
CHN,China,2018.0,DTPCV1,99.07,MUMPS,182.6
CHN,China,2018.0,DTPCV3,99.07,MUMPS,182.6
CHN,China,2018.0,HEPB3,99.25,MUMPS,182.6
CHN,China,2018.0,HEPB_BD,96.03,MUMPS,182.6
CHN,China,2018.0,HEPB_BDALL,99.84,MUMPS,182.6
CHN,China,2018.0,IPV1,99.29,MUMPS,182.6
CHN,China,2018.0,JAPENC,99.47,MUMPS,182.6
CHN,China,2018.0,JAPENC_C,99.22,MUMPS,182.6
CHN,China,2018.0,MCV1,98.8,MUMPS,182.6
CHN,China,2018.0,MCV2,99.11,MUMPS,182.6
CHN,China,2018.0,PERCV4,98.79,MUMPS,182.6
CHN,China,2018.0,POL3,99.29,MUMPS,182.6
CHN,China,2018.0,RCV1,98.77,MUMPS,182.6
CHN,China,2018.0,TTCV4,98.79,MUMPS,182.6
CHN,China,2018.0,TTCV5,98.95,MUMPS,182.6
BGR,Bulgaria,2001.0,BCG,97.85,MUMPS,182.4
BGR,Bulgaria,2001.0,DTPCV1,95.11,MUMPS,182.4
BGR,Bulgaria,2001.0,DTPCV3,95.2,MUMPS,182.4
BGR,Bulgaria,2001.0,HEPB3,93.78,MUMPS,182.4
BGR,Bulgaria,2001.0,HEPB_BD,99.05,MUMPS,182.4
BGR,Bulgaria,2001.0,MCV1,92.99,MUMPS,182.4
BGR,Bulgaria,2001.0,POL3,96.11,MUMPS,182.4
BGR,Bulgaria,2001.0,RCV1,90.0,MUMPS,182.4
IRQ,Iraq,2009.0,BCG,92.0,PERTUSSIS,182.0
IRQ,Iraq,2009.0,DTPCV1,95.8,PERTUSSIS,182.0
IRQ,Iraq,2009.0,MCV1,91.33,PERTUSSIS,182.0
SAU,Saudi Arabia,1999.0,BCG,92.0,MEASLES,181.9
SAU,Saudi Arabia,1999.0,DTPCV1,94.0,MEASLES,181.9
SAU,Saudi Arabia,1999.0,DTPCV3,93.0,MEASLES,181.9
SAU,Saudi Arabia,1999.0,HEPB3,92.0,MEASLES,181.9
SAU,Saudi Arabia,1999.0,MCV1,92.0,MEASLES,181.9
SAU,Saudi Arabia,1999.0,POL3,93.0,MEASLES,181.9
SAU,Saudi Arabia,1999.0,RCV1,92.0,MEASLES,181.9
KGZ,Kyrgyzstan,1991.0,BCG,96.4,MEASLES,181.8
KGZ,Kyrgyzstan,1991.0,MCV1,94.3,MEASLES,181.8
CAN,Canada,1996.0,DTPCV1,98.0,PERTUSSIS,181.7
CAN,Canada,1996.0,DTPCV3,91.67,PERTUSSIS,181.7
CAN,Canada,1996.0,MCV1,97.0,PERTUSSIS,181.7
CAN,Canada,1996.0,RCV1,97.0,PERTUSSIS,181.7
POL,Poland,1986.0,BCG,95.0,MEASLES,181.7
POL,Poland,1986.0,DTPCV1,98.0,MEASLES,181.7
POL,Poland,1986.0,DTPCV3,95.0,MEASLES,181.7
POL,Poland,1986.0,MCV1,92.0,MEASLES,181.7
POL,Poland,1986.0,POL3,95.0,MEASLES,181.7
DJI,Djibouti,2022.0,PAB,99.0,MEASLES,181.2
DNK,Denmark,1989.0,DTPCV1,98.0,PERTUSSIS,180.8
DNK,Denmark,1989.0,DTPCV3,91.0,PERTUSSIS,180.8
DNK,Denmark,1989.0,POL3,98.67,PERTUSSIS,180.8
LBN,Lebanon,2019.0,DTPCV1,94.43,MEASLES,180.7
LBN,Lebanon,2019.0,HEPB_BD,92.29,MEASLES,180.7
LBN,Lebanon,2019.0,IPV1,94.97,MEASLES,180.7
LBN,Lebanon,2019.0,PCV1,93.84,MEASLES,180.7
LBN,Lebanon,2019.0,PCV2,93.15,MEASLES,180.7
LBN,Lebanon,2019.0,PERCV4,91.0,MEASLES,180.7
LBN,Lebanon,2019.0,TTCV4,91.0,MEASLES,180.7
BRN,Brunei Darussalam,1993.0,BCG,99.67,MEASLES,180.5
BRN,Brunei Darussalam,1993.0,DTPCV1,99.0,MEASLES,180.5
BRN,Brunei Darussalam,1993.0,DTPCV3,99.67,MEASLES,180.5
BRN,Brunei Darussalam,1993.0,HEPB3,99.67,MEASLES,180.5
BRN,Brunei Darussalam,1993.0,MCV1,99.67,MEASLES,180.5
BRN,Brunei Darussalam,1993.0,POL3,99.67,MEASLES,180.5
BRN,Brunei Darussalam,1993.0,RCV1,99.0,MEASLES,180.5
JPN,Japan,1981.0,DTPCV1,91.0,MEASLES,180.4
TON,Tonga,1991.0,BCG,99.67,MEASLES,180.2
TON,Tonga,1991.0,DTPCV1,96.0,MEASLES,180.2
TON,Tonga,1991.0,MCV1,90.0,MEASLES,180.2
TON,Tonga,1991.0,POL3,92.0,MEASLES,180.2
ISR,Israel,2013.0,DTPCV1,96.0,PERTUSSIS,179.9
ISR,Israel,2013.0,DTPCV3,96.0,PERTUSSIS,179.9
ISR,Israel,2013.0,HEPB3,97.0,PERTUSSIS,179.9
ISR,Israel,2013.0,HEPB_BD,97.0,PERTUSSIS,179.9
ISR,Israel,2013.0,HIB3,96.0,PERTUSSIS,179.9
ISR,Israel,2013.0,MCV1,98.0,PERTUSSIS,179.9
ISR,Israel,2013.0,MCV2,95.0,PERTUSSIS,179.9
ISR,Israel,2013.0,PCV3,94.0,PERTUSSIS,179.9
ISR,Israel,2013.0,POL3,95.33,PERTUSSIS,179.9
ISR,Israel,2013.0,RCV1,98.0,PERTUSSIS,179.9
ISL,Iceland,1980.0,DTPCV1,99.0,PERTUSSIS,179.7
ISL,Iceland,1980.0,DTPCV3,99.0,PERTUSSIS,179.7
ISL,Iceland,1980.0,POL3,99.0,PERTUSSIS,179.7
MKD,North Macedonia,1997.0,BCG,97.0,MEASLES,179.7
MKD,North Macedonia,1997.0,DTPCV1,98.0,MEASLES,179.7
MKD,North Macedonia,1997.0,DTPCV3,97.0,MEASLES,179.7
MKD,North Macedonia,1997.0,MCV1,98.0,MEASLES,179.7
MKD,North Macedonia,1997.0,POL3,97.0,MEASLES,179.7
MKD,North Macedonia,1997.0,RCV1,98.0,MEASLES,179.7
MKD,North Macedonia,1997.0,TT2PLUS,96.6,MEASLES,179.7
DJI,Djibouti,1990.0,BCG,90.33,MEASLES,179.5
DJI,Djibouti,1990.0,DTPCV1,95.0,MEASLES,179.5
LVA,Latvia,2020.0,BCG,99.54,PERTUSSIS,179.4
LVA,Latvia,2020.0,DIPHCV4,98.07,PERTUSSIS,179.4
LVA,Latvia,2020.0,DIPHCV5,99.82,PERTUSSIS,179.4
LVA,Latvia,2020.0,DTPCV1,99.12,PERTUSSIS,179.4
LVA,Latvia,2020.0,DTPCV3,99.5,PERTUSSIS,179.4
LVA,Latvia,2020.0,HEPB3,99.62,PERTUSSIS,179.4
LVA,Latvia,2020.0,HIB3,99.63,PERTUSSIS,179.4
LVA,Latvia,2020.0,IPV1,99.12,PERTUSSIS,179.4
LVA,Latvia,2020.0,MCV1,98.97,PERTUSSIS,179.4
LVA,Latvia,2020.0,MCV2,93.96,PERTUSSIS,179.4
LVA,Latvia,2020.0,PCV1,97.01,PERTUSSIS,179.4
LVA,Latvia,2020.0,PCV3,90.97,PERTUSSIS,179.4
LVA,Latvia,2020.0,PERCV4,98.07,PERTUSSIS,179.4
LVA,Latvia,2020.0,POL3,99.5,PERTUSSIS,179.4
LVA,Latvia,2020.0,RCV1,98.97,PERTUSSIS,179.4
LVA,Latvia,2020.0,ROTA1,94.22,PERTUSSIS,179.4
LVA,Latvia,2020.0,TTCV4,98.07,PERTUSSIS,179.4
LVA,Latvia,2020.0,TTCV5,99.82,PERTUSSIS,179.4
GEO,Georgia,1999.0,DTPCV3,90.8,RUBELLA,179.3
GEO,Georgia,1999.0,POL3,90.17,RUBELLA,179.3
URY,Uruguay,2012.0,BCG,99.07,PERTUSSIS,179.3
URY,Uruguay,2012.0,DTPCV1,97.65,PERTUSSIS,179.3
URY,Uruguay,2012.0,DTPCV3,94.85,PERTUSSIS,179.3
URY,Uruguay,2012.0,HEPB3,94.85,PERTUSSIS,179.3
URY,Uruguay,2012.0,HIB3,94.85,PERTUSSIS,179.3
URY,Uruguay,2012.0,MCV1,96.12,PERTUSSIS,179.3
URY,Uruguay,2012.0,PCV1,96.88,PERTUSSIS,179.3
URY,Uruguay,2012.0,PCV2,94.89,PERTUSSIS,179.3
URY,Uruguay,2012.0,PCV3,93.15,PERTUSSIS,179.3
URY,Uruguay,2012.0,POL3,94.88,PERTUSSIS,179.3
URY,Uruguay,2012.0,RCV1,97.12,PERTUSSIS,179.3
BGD,Bangladesh,2005.0,BCG,96.67,MEASLES,179.2
BGD,Bangladesh,2005.0,DTPCV1,96.0,MEASLES,179.2
BGD,Bangladesh,2005.0,POL3,91.33,MEASLES,179.2
COD,Democratic Republic of the Congo,2021.0,PCV1,95.19,TYPHOID,179.1
COD,Democratic Republic of the Congo,2021.0,PCV2,90.68,TYPHOID,179.1
DOM,Dominican Republic,2017.0,BCG,99.0,MUMPS,179.1
DOM,Dominican Republic,2017.0,DTPCV1,99.0,MUMPS,179.1
DOM,Dominican Republic,2017.0,IPV1,98.0,MUMPS,179.1
DOM,Dominican Republic,2017.0,PAB,99.0,MUMPS,179.1
DOM,Dominican Republic,2017.0,PCV1,94.0,MUMPS,179.1
DOM,Dominican Republic,2017.0,ROTA1,93.0,MUMPS,179.1
POL,Poland,2016.0,BCG,92.73,PERTUSSIS,179.1
POL,Poland,2016.0,DTPCV1,99.0,PERTUSSIS,179.1
POL,Poland,2016.0,DTPCV3,97.73,PERTUSSIS,179.1
POL,Poland,2016.0,HEPB3,95.0,PERTUSSIS,179.1
POL,Poland,2016.0,HEPB_BD,96.0,PERTUSSIS,179.1
POL,Poland,2016.0,HIB3,97.73,PERTUSSIS,179.1
POL,Poland,2016.0,IPV1,99.0,PERTUSSIS,179.1
POL,Poland,2016.0,MCV1,95.67,PERTUSSIS,179.1
POL,Poland,2016.0,MCV2,93.27,PERTUSSIS,179.1
POL,Poland,2016.0,POL3,91.73,PERTUSSIS,179.1
POL,Poland,2016.0,RCV1,95.67,PERTUSSIS,179.1
CHN,China,2017.0,BCG,99.38,MUMPS,178.9
CHN,China,2017.0,DTPCV1,99.28,MUMPS,178.9
CHN,China,2017.0,DTPCV3,99.29,MUMPS,178.9
CHN,China,2017.0,HEPB3,99.27,MUMPS,178.9
CHN,China,2017.0,HEPB_BD,95.98,MUMPS,178.9
CHN,China,2017.0,HEPB_BDALL,99.85,MUMPS,178.9
CHN,China,2017.0,IPV1,98.93,MUMPS,178.9
CHN,China,2017.0,JAPENC,99.37,MUMPS,178.9
CHN,China,2017.0,MCV1,99.28,MUMPS,178.9
CHN,China,2017.0,MCV2,99.2,MUMPS,178.9
CHN,China,2017.0,POL3,99.22,MUMPS,178.9
CHN,China,2017.0,RCV1,99.0,MUMPS,178.9
IRN,Iran (Islamic Republic of),2000.0,BCG,99.0,MEASLES,178.8
IRN,Iran (Islamic Republic of),2000.0,DTPCV1,99.67,MEASLES,178.8
IRN,Iran (Islamic Republic of),2000.0,DTPCV3,99.67,MEASLES,178.8
IRN,Iran (Islamic Republic of),2000.0,HEPB3,99.67,MEASLES,178.8
IRN,Iran (Islamic Republic of),2000.0,HEPB_BD,99.0,MEASLES,178.8
IRN,Iran (Islamic Republic of),2000.0,MCV1,99.67,MEASLES,178.8
IRN,Iran (Islamic Republic of),2000.0,MCV2,99.67,MEASLES,178.8
IRN,Iran (Islamic Republic of),2000.0,POL3,99.67,MEASLES,178.8
BRN,Brunei Darussalam,1999.0,BCG,98.27,MUMPS,178.5
BRN,Brunei Darussalam,1999.0,DTPCV1,99.0,MUMPS,178.5
BRN,Brunei Darussalam,1999.0,DTPCV3,91.73,MUMPS,178.5
BRN,Brunei Darussalam,1999.0,HEPB3,93.2,MUMPS,178.5
BRN,Brunei Darussalam,1999.0,MCV1,94.27,MUMPS,178.5
BRN,Brunei Darussalam,1999.0,MCV2,93.6,MUMPS,178.5
BRN,Brunei Darussalam,1999.0,POL3,97.13,MUMPS,178.5
BRN,Brunei Darussalam,1999.0,RCV1,94.0,MUMPS,178.5
MNG,Mongolia,2003.0,BCG,98.0,MUMPS,178.4
MNG,Mongolia,2003.0,DTPCV1,98.03,MUMPS,178.4
MNG,Mongolia,2003.0,DTPCV3,98.0,MUMPS,178.4
MNG,Mongolia,2003.0,HEPB3,98.0,MUMPS,178.4
MNG,Mongolia,2003.0,HEPB_BD,99.13,MUMPS,178.4
MNG,Mongolia,2003.0,MCV1,98.0,MUMPS,178.4
MNG,Mongolia,2003.0,MCV2,98.27,MUMPS,178.4
MNG,Mongolia,2003.0,POL3,98.0,MUMPS,178.4
BTN,Bhutan,1992.0,DTPCV1,95.0,MEASLES,178.3
TJK,Tajikistan,2005.0,BCG,97.67,RUBELLA,177.8
TJK,Tajikistan,2005.0,DTPCV1,95.33,RUBELLA,177.8
TJK,Tajikistan,2005.0,DTPCV3,91.33,RUBELLA,177.8
TJK,Tajikistan,2005.0,HEPB_BD,98.0,RUBELLA,177.8
TJK,Tajikistan,2005.0,MCV1,91.33,RUBELLA,177.8
TJK,Tajikistan,2005.0,MCV2,92.33,RUBELLA,177.8
TJK,Tajikistan,2005.0,POL3,90.33,RUBELLA,177.8
TJK,Tajikistan,2005.0,VAD1,98.35,RUBELLA,177.8
NLD,Netherlands (Kingdom of the),1996.0,DTPCV1,98.0,PERTUSSIS,177.6
NLD,Netherlands (Kingdom of the),1996.0,DTPCV3,97.27,PERTUSSIS,177.6
NLD,Netherlands (Kingdom of the),1996.0,HIB3,95.5,PERTUSSIS,177.6
NLD,Netherlands (Kingdom of the),1996.0,MCV1,95.87,PERTUSSIS,177.6
NLD,Netherlands (Kingdom of the),1996.0,MCV2,96.0,PERTUSSIS,177.6
NLD,Netherlands (Kingdom of the),1996.0,POL3,97.27,PERTUSSIS,177.6
NLD,Netherlands (Kingdom of the),1996.0,RCV1,96.0,PERTUSSIS,177.6
NLD,Netherlands (Kingdom of the),1996.0,TT2PLUS,97.0,PERTUSSIS,177.6
QAT,Qatar,1993.0,BCG,99.0,MEASLES,177.5
QAT,Qatar,1993.0,DTPCV1,96.0,MEASLES,177.5
QAT,Qatar,1993.0,DTPCV3,90.0,MEASLES,177.5
QAT,Qatar,1993.0,HEPB3,93.0,MEASLES,177.5
QAT,Qatar,1993.0,POL3,90.0,MEASLES,177.5
DNK,Denmark,2018.0,15HPV1_F,90.0,PERTUSSIS,177.4
DNK,Denmark,2018.0,DTPCV1,97.07,PERTUSSIS,177.4
DNK,Denmark,2018.0,DTPCV3,96.6,PERTUSSIS,177.4
DNK,Denmark,2018.0,HIB3,96.6,PERTUSSIS,177.4
DNK,Denmark,2018.0,IPV1,97.07,PERTUSSIS,177.4
DNK,Denmark,2018.0,MCV1,94.73,PERTUSSIS,177.4
DNK,Denmark,2018.0,PCV1,96.45,PERTUSSIS,177.4
DNK,Denmark,2018.0,PCV2,96.35,PERTUSSIS,177.4
DNK,Denmark,2018.0,PCV3,95.77,PERTUSSIS,177.4
DNK,Denmark,2018.0,POL3,96.6,PERTUSSIS,177.4
DNK,Denmark,2018.0,RCV1,94.73,PERTUSSIS,177.4
JPN,Japan,2001.0,DTPCV1,99.33,MEASLES,177.2
JPN,Japan,2001.0,DTPCV3,95.0,MEASLES,177.2
JPN,Japan,2001.0,MCV1,98.0,MEASLES,177.2
JPN,Japan,2001.0,RCV1,98.0,MEASLES,177.2
KGZ,Kyrgyzstan,1992.0,BCG,96.67,MEASLES,177.2
KGZ,Kyrgyzstan,1992.0,DTPCV1,94.0,MEASLES,177.2
KGZ,Kyrgyzstan,1992.0,MCV1,94.0,MEASLES,177.2
KGZ,Kyrgyzstan,1992.0,POL3,91.27,MEASLES,177.2
JPN,Japan,2000.0,BCG,96.0,MEASLES,177.1
JPN,Japan,2000.0,DTPCV1,94.0,MEASLES,177.1
JPN,Japan,2000.0,MCV1,96.2,MEASLES,177.1
JPN,Japan,2000.0,POL3,98.25,MEASLES,177.1
JPN,Japan,2000.0,RCV1,96.0,MEASLES,177.1
BWA,Botswana,2023.0,DTPCV1,95.91,MUMPS,177.0
BWA,Botswana,2023.0,HIB3,90.38,MUMPS,177.0
MEX,Mexico,1999.0,BCG,98.0,RUBELLA,176.9
MEX,Mexico,1999.0,DTPCV1,99.0,RUBELLA,176.9
MEX,Mexico,1999.0,DTPCV3,96.0,RUBELLA,176.9
MEX,Mexico,1999.0,MCV1,95.0,RUBELLA,176.9
MEX,Mexico,1999.0,POL3,96.0,RUBELLA,176.9
MEX,Mexico,1999.0,RCV1,94.0,RUBELLA,176.9
TZA,United Republic of Tanzania,1999.0,DTPCV1,90.0,MEASLES,176.8
BGR,Bulgaria,2019.0,BCG,95.67,MEASLES,176.5
BGR,Bulgaria,2019.0,DIPHCV4,92.2,MEASLES,176.5
BGR,Bulgaria,2019.0,DIPHCV5,90.5,MEASLES,176.5
BGR,Bulgaria,2019.0,DIPHCV6,90.7,MEASLES,176.5
BGR,Bulgaria,2019.0,DTPCV1,95.73,MEASLES,176.5
BGR,Bulgaria,2019.0,DTPCV3,92.87,MEASLES,176.5
BGR,Bulgaria,2019.0,HEPB3,93.03,MEASLES,176.5
BGR,Bulgaria,2019.0,HEPB_BD,98.13,MEASLES,176.5
BGR,Bulgaria,2019.0,HIB3,92.0,MEASLES,176.5
BGR,Bulgaria,2019.0,IPV1,95.73,MEASLES,176.5
BGR,Bulgaria,2019.0,MCV2,94.33,MEASLES,176.5
BGR,Bulgaria,2019.0,PCV1,93.9,MEASLES,176.5
BGR,Bulgaria,2019.0,PCV2,93.45,MEASLES,176.5
BGR,Bulgaria,2019.0,PERCV4,92.2,MEASLES,176.5
BGR,Bulgaria,2019.0,POL3,92.9,MEASLES,176.5
BGR,Bulgaria,2019.0,RCV1,95.07,MEASLES,176.5
BGR,Bulgaria,2019.0,TTCV4,92.2,MEASLES,176.5
BGR,Bulgaria,2019.0,TTCV5,90.5,MEASLES,176.5
BGR,Bulgaria,2019.0,TTCV6,90.7,MEASLES,176.5
BGR,Bulgaria,2019.0,YFV,92.9,MEASLES,176.5
IRQ,Iraq,1985.0,BCG,94.0,PERTUSSIS,176.5
IRQ,Iraq,1985.0,DTPCV1,98.0,PERTUSSIS,176.5
SWZ,Eswatini,1998.0,BCG,90.0,MEASLES,176.5
SWZ,Eswatini,1998.0,DTPCV1,94.0,MEASLES,176.5
SWZ,Eswatini,1995.0,BCG,99.67,MEASLES,176.2
SWZ,Eswatini,1995.0,DTPCV1,94.0,MEASLES,176.2
SWZ,Eswatini,1995.0,MCV1,94.0,MEASLES,176.2
SWZ,Eswatini,1995.0,TT2PLUS,94.0,MEASLES,176.2
VNM,Viet Nam,1989.0,BCG,94.0,PERTUSSIS,175.9
VNM,Viet Nam,1989.0,DTPCV1,96.0,PERTUSSIS,175.9
SVK,Slovakia,2012.0,BCG,90.27,PERTUSSIS,175.8
SVK,Slovakia,2012.0,DTPCV1,99.0,PERTUSSIS,175.8
SVK,Slovakia,2012.0,DTPCV3,98.8,PERTUSSIS,175.8
SVK,Slovakia,2012.0,HEPB3,98.8,PERTUSSIS,175.8
SVK,Slovakia,2012.0,HIB3,98.8,PERTUSSIS,175.8
SVK,Slovakia,2012.0,MCV1,98.95,PERTUSSIS,175.8
SVK,Slovakia,2012.0,MCV2,99.0,PERTUSSIS,175.8
SVK,Slovakia,2012.0,PCV3,98.73,PERTUSSIS,175.8
SVK,Slovakia,2012.0,POL3,98.8,PERTUSSIS,175.8
SVK,Slovakia,2012.0,RCV1,98.95,PERTUSSIS,175.8
SYC,Seychelles,1990.0,BCG,98.0,MEASLES,175.7
SYC,Seychelles,1990.0,DTPCV1,99.0,MEASLES,175.7
SYC,Seychelles,1990.0,DTPCV3,99.0,MEASLES,175.7
SYC,Seychelles,1990.0,PAB,100.0,MEASLES,175.7
SYC,Seychelles,1990.0,POL3,99.0,MEASLES,175.7
SYC,Seychelles,1990.0,TT2PLUS,100.0,MEASLES,175.7
CZE,Czechia,2005.0,BCG,98.97,MUMPS,175.4
CZE,Czechia,2005.0,DTPCV1,99.0,MUMPS,175.4
CZE,Czechia,2005.0,DTPCV3,97.1,MUMPS,175.4
CZE,Czechia,2005.0,HEPB3,98.9,MUMPS,175.4
CZE,Czechia,2005.0,HIB3,97.1,MUMPS,175.4
CZE,Czechia,2005.0,MCV1,97.0,MUMPS,175.4
CZE,Czechia,2005.0,MCV2,97.13,MUMPS,175.4
CZE,Czechia,2005.0,POL3,95.83,MUMPS,175.4
CZE,Czechia,2005.0,RCV1,96.8,MUMPS,175.4
TKM,Turkmenistan,1992.0,BCG,96.87,MEASLES,175.4
TKM,Turkmenistan,1992.0,DTPCV1,94.0,MEASLES,175.4
TKM,Turkmenistan,1992.0,POL3,91.0,MEASLES,175.4
DNK,Denmark,2012.0,DTPCV1,96.0,PERTUSSIS,175.3
DNK,Denmark,2012.0,DTPCV3,93.0,PERTUSSIS,175.3
DNK,Denmark,2012.0,HIB3,93.0,PERTUSSIS,175.3
DNK,Denmark,2012.0,PCV1,93.5,PERTUSSIS,175.3
DNK,Denmark,2012.0,PCV2,93.5,PERTUSSIS,175.3
DNK,Denmark,2012.0,PCV3,92.0,PERTUSSIS,175.3
DNK,Denmark,2012.0,POL3,93.0,PERTUSSIS,175.3
MAC,"China, Macao SAR",2015.0,BCG,99.85,MUMPS,175.2
MAC,"China, Macao SAR",2015.0,DTPCV1,95.15,MUMPS,175.2
MAC,"China, Macao SAR",2015.0,DTPCV3,93.85,MUMPS,175.2
MAC,"China, Macao SAR",2015.0,HEPB3,93.85,MUMPS,175.2
MAC,"China, Macao SAR",2015.0,HEPB_BD,100.0,MUMPS,175.2
MAC,"China, Macao SAR",2015.0,HIB3,92.85,MUMPS,175.2
MAC,"China, Macao SAR",2015.0,IPV1,95.3,MUMPS,175.2
MAC,"China, Macao SAR",2015.0,MCV1,93.05,MUMPS,175.2
MAC,"China, Macao SAR",2015.0,MCV2,90.9,MUMPS,175.2
MAC,"China, Macao SAR",2015.0,PAB,99.7,MUMPS,175.2
MAC,"China, Macao SAR",2015.0,PCV1,95.2,MUMPS,175.2
MAC,"China, Macao SAR",2015.0,PCV2,93.9,MUMPS,175.2
MAC,"China, Macao SAR",2015.0,PCV3,92.5,MUMPS,175.2
MAC,"China, Macao SAR",2015.0,POL3,93.7,MUMPS,175.2
MAC,"China, Macao SAR",2015.0,RCV1,93.1,MUMPS,175.2
KOR,Republic of Korea,2021.0,15HPV1_F,91.0,MUMPS,175.1
KOR,Republic of Korea,2021.0,BCG,98.09,MUMPS,175.1
KOR,Republic of Korea,2021.0,DIPHCV4,96.07,MUMPS,175.1
KOR,Republic of Korea,2021.0,DIPHCV5,93.96,MUMPS,175.1
KOR,Republic of Korea,2021.0,DTPCV1,98.07,MUMPS,175.1
KOR,Republic of Korea,2021.0,DTPCV3,97.93,MUMPS,175.1
KOR,Republic of Korea,2021.0,HEPB3,97.97,MUMPS,175.1
KOR,Republic of Korea,2021.0,HEPB_BD,92.47,MUMPS,175.1
KOR,Republic of Korea,2021.0,HEPB_BDALL,97.64,MUMPS,175.1
KOR,Republic of Korea,2021.0,HIB3,97.91,MUMPS,175.1
KOR,Republic of Korea,2021.0,IPV1,98.06,MUMPS,175.1
KOR,Republic of Korea,2021.0,JAPENC,93.0,MUMPS,175.1
KOR,Republic of Korea,2021.0,JAPENC_1,97.32,MUMPS,175.1
KOR,Republic of Korea,2021.0,JAPENC_C,94.71,MUMPS,175.1
KOR,Republic of Korea,2021.0,MCV1,97.87,MUMPS,175.1
KOR,Republic of Korea,2021.0,MCV2,95.33,MUMPS,175.1
KOR,Republic of Korea,2021.0,PCV1,98.16,MUMPS,175.1
KOR,Republic of Korea,2021.0,PCV2,98.08,MUMPS,175.1
KOR,Republic of Korea,2021.0,PCV3,97.0,MUMPS,175.1
KOR,Republic of Korea,2021.0,PERCV4,96.07,MUMPS,175.1
KOR,Republic of Korea,2021.0,POL3,97.92,MUMPS,175.1
KOR,Republic of Korea,2021.0,RCV1,97.87,MUMPS,175.1
KOR,Republic of Korea,2021.0,TTCV4,96.07,MUMPS,175.1
KOR,Republic of Korea,2021.0,TTCV5,93.96,MUMPS,175.1
YEM,Yemen,2010.0,DTPCV1,90.57,MUMPS,175.1
MNG,Mongolia,1999.0,BCG,97.0,MUMPS,175.0
MNG,Mongolia,1999.0,DTPCV1,95.0,MUMPS,175.0
MNG,Mongolia,1999.0,DTPCV3,93.99,MUMPS,175.0
MNG,Mongolia,1999.0,HEPB3,92.0,MUMPS,175.0
MNG,Mongolia,1999.0,MCV1,93.15,MUMPS,175.0
MNG,Mongolia,1999.0,POL3,94.0,MUMPS,175.0
SLE,Sierra Leone,2010.0,BCG,93.5,MEASLES,175.0
SLE,Sierra Leone,2010.0,TT2PLUS,90.0,MEASLES,175.0
BOL,Bolivia (Plurinational State of),2010.0,BCG,92.92,MUMPS,174.9
BOL,Bolivia (Plurinational State of),2010.0,DTPCV1,90.34,MUMPS,174.9
CHL,Chile,1981.0,BCG,96.0,PERTUSSIS,174.9
CHL,Chile,1981.0,DTPCV1,97.5,PERTUSSIS,174.9
CHL,Chile,1981.0,DTPCV3,99.67,PERTUSSIS,174.9
CHL,Chile,1981.0,MCV1,95.0,PERTUSSIS,174.9
CHL,Chile,1981.0,POL3,99.67,PERTUSSIS,174.9
NPL,Nepal,2016.0,BCG,91.15,PERTUSSIS,174.9
NPL,Nepal,2016.0,DTPCV1,91.02,PERTUSSIS,174.9
DZA,Algeria,1986.0,DTPCV1,92.0,MEASLES,174.8
KOR,Republic of Korea,1994.0,BCG,93.0,MEASLES,174.7
KOR,Republic of Korea,1994.0,DTPCV1,97.0,MEASLES,174.7
KOR,Republic of Korea,1994.0,DTPCV3,93.0,MEASLES,174.7
KOR,Republic of Korea,1994.0,MCV1,92.0,MEASLES,174.7
KOR,Republic of Korea,1994.0,POL3,93.0,MEASLES,174.7
KOR,Republic of Korea,1994.0,RCV1,92.0,MEASLES,174.7
IRQ,Iraq,1999.0,DTPCV1,93.5,RUBELLA,174.6
IRQ,Iraq,1999.0,MCV1,92.67,RUBELLA,174.6
NPL,Nepal,2003.0,BCG,93.0,PERTUSSIS,174.4
NPL,Nepal,2003.0,PAB,90.0,PERTUSSIS,174.4
NPL,Nepal,2003.0,VAD1,95.0,PERTUSSIS,174.4
KIR,Kiribati,1982.0,BCG,91.0,MEASLES,174.2
SRB,Serbia,2001.0,DTPCV1,95.0,RUBELLA,174.2
SRB,Serbia,2001.0,DTPCV3,94.67,RUBELLA,174.2
SRB,Serbia,2001.0,MCV1,91.87,RUBELLA,174.2
SRB,Serbia,2001.0,POL3,94.4,RUBELLA,174.2
SRB,Serbia,2001.0,RCV1,90.0,RUBELLA,174.2
IDN,Indonesia,1996.0,BCG,95.53,MEASLES,174.1
CHN,China,2004.0,BCG,92.42,MUMPS,174.0
CHN,China,2004.0,DTPCV1,96.91,MUMPS,174.0
CHN,China,2004.0,DTPCV3,92.93,MUMPS,174.0
CHN,China,2004.0,MCV1,92.24,MUMPS,174.0
CHN,China,2004.0,MCV2,96.18,MUMPS,174.0
CHN,China,2004.0,POL3,92.95,MUMPS,174.0
SAU,Saudi Arabia,1996.0,BCG,91.0,MEASLES,174.0
SAU,Saudi Arabia,1996.0,DTPCV1,97.0,MEASLES,174.0
SAU,Saudi Arabia,1996.0,DTPCV3,93.0,MEASLES,174.0
SAU,Saudi Arabia,1996.0,HEPB3,92.0,MEASLES,174.0
SAU,Saudi Arabia,1996.0,MCV1,92.0,MEASLES,174.0
SAU,Saudi Arabia,1996.0,POL3,93.0,MEASLES,174.0
SAU,Saudi Arabia,1996.0,RCV1,92.0,MEASLES,174.0
BGR,Bulgaria,1987.0,BCG,99.67,MEASLES,173.8
BGR,Bulgaria,1987.0,DTPCV1,99.0,MEASLES,173.8
BGR,Bulgaria,1987.0,DTPCV3,99.67,MEASLES,173.8
BGR,Bulgaria,1987.0,MCV1,99.67,MEASLES,173.8
BGR,Bulgaria,1987.0,POL3,99.67,MEASLES,173.8
DOM,Dominican Republic,2016.0,BCG,99.0,MUMPS,173.7
DOM,Dominican Republic,2016.0,DTPCV1,97.83,MUMPS,173.7
DOM,Dominican Republic,2016.0,IPV1,95.89,MUMPS,173.7
DOM,Dominican Republic,2016.0,PAB,90.0,MUMPS,173.7
NLD,Netherlands (Kingdom of the),2010.0,DTPCV1,99.0,PERTUSSIS,173.6
NLD,Netherlands (Kingdom of the),2010.0,DTPCV3,96.92,PERTUSSIS,173.6
NLD,Netherlands (Kingdom of the),2010.0,HEPB_BD,97.79,PERTUSSIS,173.6
NLD,Netherlands (Kingdom of the),2010.0,HIB3,96.86,PERTUSSIS,173.6
NLD,Netherlands (Kingdom of the),2010.0,MCV1,95.93,PERTUSSIS,173.6
NLD,Netherlands (Kingdom of the),2010.0,MCV2,92.05,PERTUSSIS,173.6
NLD,Netherlands (Kingdom of the),2010.0,PCV3,95.98,PERTUSSIS,173.6
NLD,Netherlands (Kingdom of the),2010.0,POL3,97.0,PERTUSSIS,173.6
NLD,Netherlands (Kingdom of the),2010.0,RCV1,95.93,PERTUSSIS,173.6
SVK,Slovakia,2011.0,BCG,97.06,PERTUSSIS,173.4
SVK,Slovakia,2011.0,DTPCV1,99.0,PERTUSSIS,173.4
SVK,Slovakia,2011.0,DTPCV3,99.02,PERTUSSIS,173.4
SVK,Slovakia,2011.0,HEPB3,99.02,PERTUSSIS,173.4
SVK,Slovakia,2011.0,HIB3,99.02,PERTUSSIS,173.4
SVK,Slovakia,2011.0,MCV1,98.19,PERTUSSIS,173.4
SVK,Slovakia,2011.0,MCV2,99.05,PERTUSSIS,173.4
SVK,Slovakia,2011.0,PCV3,98.88,PERTUSSIS,173.4
SVK,Slovakia,2011.0,POL3,99.02,PERTUSSIS,173.4
SVK,Slovakia,2011.0,RCV1,98.19,PERTUSSIS,173.4
ISL,Iceland,1997.0,DTPCV1,99.0,PERTUSSIS,173.3
ISL,Iceland,1997.0,DTPCV3,99.63,PERTUSSIS,173.3
ISL,Iceland,1997.0,HIB3,99.0,PERTUSSIS,173.3
ISL,Iceland,1997.0,MCV1,99.63,PERTUSSIS,173.3
ISL,Iceland,1997.0,POL3,99.63,PERTUSSIS,173.3
ISL,Iceland,1997.0,RCV1,99.0,PERTUSSIS,173.3
ISL,Iceland,1997.0,TT2PLUS,99.9,PERTUSSIS,173.3
VNM,Viet Nam,1992.0,BCG,91.0,MEASLES,173.3
VNM,Viet Nam,1992.0,DTPCV1,96.0,MEASLES,173.3
VNM,Viet Nam,1992.0,MCV1,90.0,MEASLES,173.3
IRQ,Iraq,1990.0,BCG,95.33,MEASLES,173.2
IRQ,Iraq,1990.0,DTPCV1,92.0,MEASLES,173.2
TJK,Tajikistan,1990.0,DTPCV3,90.0,PERTUSSIS,173.2
TJK,Tajikistan,1990.0,MCV1,93.0,PERTUSSIS,173.2
TJK,Tajikistan,1990.0,POL3,92.0,PERTUSSIS,173.2
AND,Andorra,2023.0,DIPHCV4,93.0,PERTUSSIS,173.1
AND,Andorra,2023.0,DTPCV1,99.0,PERTUSSIS,173.1
AND,Andorra,2023.0,DTPCV3,98.0,PERTUSSIS,173.1
AND,Andorra,2023.0,HEPB3,97.0,PERTUSSIS,173.1
AND,Andorra,2023.0,HIB3,97.0,PERTUSSIS,173.1
AND,Andorra,2023.0,IPV1,99.0,PERTUSSIS,173.1
AND,Andorra,2023.0,MCV1,99.0,PERTUSSIS,173.1
AND,Andorra,2023.0,MCV2,96.0,PERTUSSIS,173.1
AND,Andorra,2023.0,MENACYW_C,93.0,PERTUSSIS,173.1
AND,Andorra,2023.0,PCV3,94.0,PERTUSSIS,173.1
AND,Andorra,2023.0,PERCV4,93.0,PERTUSSIS,173.1
AND,Andorra,2023.0,POL3,98.0,PERTUSSIS,173.1
AND,Andorra,2023.0,RCV1,99.0,PERTUSSIS,173.1
AND,Andorra,2023.0,TTCV4,93.0,PERTUSSIS,173.1
HND,Honduras,1999.0,BCG,93.0,RUBELLA,173.1
HND,Honduras,1999.0,DTPCV1,98.0,RUBELLA,173.1
HND,Honduras,1999.0,DTPCV3,95.0,RUBELLA,173.1
HND,Honduras,1999.0,HEPB3,95.0,RUBELLA,173.1
HND,Honduras,1999.0,MCV1,98.0,RUBELLA,173.1
HND,Honduras,1999.0,PAB,90.0,RUBELLA,173.1
HND,Honduras,1999.0,POL3,95.0,RUBELLA,173.1
HND,Honduras,1999.0,RCV1,98.0,RUBELLA,173.1
EGY,Egypt,1987.0,DTPCV1,93.0,TTETANUS,173.0
DOM,Dominican Republic,2014.0,BCG,99.0,MUMPS,172.9
DOM,Dominican Republic,2014.0,DTPCV1,95.0,MUMPS,172.9
DOM,Dominican Republic,2014.0,DTPCV3,90.83,MUMPS,172.9
DOM,Dominican Republic,2014.0,PAB,90.0,MUMPS,172.9
DOM,Dominican Republic,2014.0,PCV1,93.83,MUMPS,172.9
DOM,Dominican Republic,2014.0,ROTA1,95.97,MUMPS,172.9
ARG,Argentina,2018.0,BCG,93.0,MUMPS,172.8
ARG,Argentina,2018.0,DTPCV1,91.0,MUMPS,172.8
ARG,Argentina,2018.0,FLU_HCW,98.0,MUMPS,172.8
ARG,Argentina,2018.0,IPV1,90.0,MUMPS,172.8
ARG,Argentina,2018.0,MCV1,94.0,MUMPS,172.8
ARG,Argentina,2018.0,MCV2,99.0,MUMPS,172.8
ARG,Argentina,2018.0,PCV1,92.0,MUMPS,172.8
ARG,Argentina,2018.0,PRHPV1_F,90.0,MUMPS,172.8
ARG,Argentina,2018.0,RCV1,94.0,MUMPS,172.8
GEO,Georgia,2002.0,DTPCV1,96.07,MUMPS,172.7
GEO,Georgia,2002.0,MCV1,91.07,MUMPS,172.7
VNM,Viet Nam,1993.0,BCG,94.0,MEASLES,172.7
VNM,Viet Nam,1993.0,DTPCV1,97.0,MEASLES,172.7
VNM,Viet Nam,1993.0,DTPCV3,91.0,MEASLES,172.7
VNM,Viet Nam,1993.0,MCV1,93.0,MEASLES,172.7
VNM,Viet Nam,1993.0,POL3,91.0,MEASLES,172.7
QAT,Qatar,2010.0,BCG,98.8,MEASLES,172.6
QAT,Qatar,2010.0,DTPCV1,98.06,MEASLES,172.6
QAT,Qatar,2010.0,DTPCV3,96.9,MEASLES,172.6
QAT,Qatar,2010.0,HEPB3,96.9,MEASLES,172.6
QAT,Qatar,2010.0,HEPB_BD,98.98,MEASLES,172.6
QAT,Qatar,2010.0,HIB3,96.9,MEASLES,172.6
QAT,Qatar,2010.0,MCV1,99.13,MEASLES,172.6
QAT,Qatar,2010.0,MCV2,98.24,MEASLES,172.6
QAT,Qatar,2010.0,PCV1,98.89,MEASLES,172.6
QAT,Qatar,2010.0,PCV3,96.88,MEASLES,172.6
QAT,Qatar,2010.0,POL3,98.03,MEASLES,172.6
QAT,Qatar,2010.0,RCV1,99.0,MEASLES,172.6
RWA,Rwanda,2018.0,BCG,97.0,MUMPS,172.5
RWA,Rwanda,2018.0,DTPCV1,98.09,MUMPS,172.5
RWA,Rwanda,2018.0,DTPCV3,97.03,MUMPS,172.5
RWA,Rwanda,2018.0,HEPB3,97.03,MUMPS,172.5
RWA,Rwanda,2018.0,HIB3,97.03,MUMPS,172.5
RWA,Rwanda,2018.0,HPV_FEM,93.85,MUMPS,172.5
RWA,Rwanda,2018.0,MCV1,98.84,MUMPS,172.5
RWA,Rwanda,2018.0,MCV2,95.99,MUMPS,172.5
RWA,Rwanda,2018.0,PAB,95.0,MUMPS,172.5
RWA,Rwanda,2018.0,PCV1,98.14,MUMPS,172.5
RWA,Rwanda,2018.0,PCV2,97.86,MUMPS,172.5
RWA,Rwanda,2018.0,PCV3,97.03,MUMPS,172.5
RWA,Rwanda,2018.0,POL3,97.03,MUMPS,172.5
RWA,Rwanda,2018.0,RCV1,98.84,MUMPS,172.5
RWA,Rwanda,2018.0,ROTA1,98.14,MUMPS,172.5
RWA,Rwanda,2018.0,ROTAC,97.9,MUMPS,172.5
RWA,Rwanda,2018.0,TT2PLUS,90.17,MUMPS,172.5
LSO,Lesotho,1986.0,DTPCV1,91.0,PERTUSSIS,172.3
ROU,Romania,2011.0,BCG,98.73,RUBELLA,172.3
ROU,Romania,2011.0,DTPCV1,96.0,RUBELLA,172.3
ROU,Romania,2011.0,HEPB3,95.85,RUBELLA,172.3
ROU,Romania,2011.0,HEPB_BD,99.4,RUBELLA,172.3
ROU,Romania,2011.0,MCV1,93.1,RUBELLA,172.3
ROU,Romania,2011.0,MCV2,90.8,RUBELLA,172.3
ROU,Romania,2011.0,RCV1,93.0,RUBELLA,172.3
TUR,Türkiye,1988.0,DTPCV1,95.0,MEASLES,172.1
PRY,Paraguay,2017.0,15HPV1_F,95.0,MUMPS,172.0
PRY,Paraguay,2017.0,PAB,95.0,MUMPS,172.0
PRY,Paraguay,2017.0,PCV1,97.0,MUMPS,172.0
LBR,Liberia,2020.0,PAB,90.0,MEASLES,171.7
LBR,Liberia,2020.0,PCV1,92.41,MEASLES,171.7
MAC,"China, Macao SAR",2005.0,BCG,98.0,MUMPS,171.6
MAC,"China, Macao SAR",2005.0,DTPCV1,95.1,MUMPS,171.6
MAC,"China, Macao SAR",2005.0,DTPCV3,92.2,MUMPS,171.6
MAC,"China, Macao SAR",2005.0,HEPB_BD,99.8,MUMPS,171.6
MAC,"China, Macao SAR",2005.0,MCV1,90.9,MUMPS,171.6
MAC,"China, Macao SAR",2005.0,POL3,92.3,MUMPS,171.6
MAC,"China, Macao SAR",2005.0,RCV1,90.8,MUMPS,171.6
GRC,Greece,1986.0,DTPCV1,93.0,PERTUSSIS,171.3
GRC,Greece,1986.0,POL3,97.0,PERTUSSIS,171.3
SAU,Saudi Arabia,1985.0,DTPCV1,93.0,PERTUSSIS,171.1
TCA,Turks and Caicos Islands,1990.0,BCG,99.0,MEASLES,171.1
TCA,Turks and Caicos Islands,1990.0,DTPCV3,97.0,MEASLES,171.1
TCA,Turks and Caicos Islands,1990.0,POL3,98.0,MEASLES,171.1
COL,Colombia,2013.0,DTPCV1,91.74,MUMPS,170.8
COL,Colombia,2013.0,DTPCV3,90.88,MUMPS,170.8
COL,Colombia,2013.0,HEPB3,90.88,MUMPS,170.8
COL,Colombia,2013.0,HIB3,91.0,MUMPS,170.8
COL,Colombia,2013.0,MCV1,92.27,MUMPS,170.8
COL,Colombia,2013.0,PCV2,90.1,MUMPS,170.8
COL,Colombia,2013.0,POL3,90.88,MUMPS,170.8
COL,Colombia,2013.0,RCV1,92.27,MUMPS,170.8
COL,Colombia,2013.0,YFV,91.67,MUMPS,170.8
ETH,Ethiopia,2015.0,ROTA1,98.13,MEASLES,170.8
ETH,Ethiopia,2015.0,TT2PLUS,91.81,MEASLES,170.8
MAC,"China, Macao SAR",2003.0,BCG,97.0,MUMPS,170.6
MAC,"China, Macao SAR",2003.0,DTPCV1,96.0,MUMPS,170.6
MAC,"China, Macao SAR",2003.0,DTPCV3,92.0,MUMPS,170.6
MAC,"China, Macao SAR",2003.0,HEPB3,91.0,MUMPS,170.6
MAC,"China, Macao SAR",2003.0,HEPB_BD,100.0,MUMPS,170.6
MAC,"China, Macao SAR",2003.0,MCV1,90.0,MUMPS,170.6
MAC,"China, Macao SAR",2003.0,MCV2,90.0,MUMPS,170.6
MAC,"China, Macao SAR",2003.0,POL3,94.5,MUMPS,170.6
SMR,San Marino,2007.0,DTPCV1,92.47,RUBELLA,170.6
SMR,San Marino,2007.0,DTPCV3,91.5,RUBELLA,170.6
SMR,San Marino,2007.0,HEPB3,91.3,RUBELLA,170.6
SMR,San Marino,2007.0,IPV1,92.0,RUBELLA,170.6
SMR,San Marino,2007.0,MCV2,94.27,RUBELLA,170.6
SMR,San Marino,2007.0,POL3,90.6,RUBELLA,170.6
THA,Thailand,2003.0,BCG,99.0,MUMPS,170.6
THA,Thailand,2003.0,DTPCV1,99.2,MUMPS,170.6
THA,Thailand,2003.0,DTPCV3,98.0,MUMPS,170.6
THA,Thailand,2003.0,HEPB3,96.0,MUMPS,170.6
THA,Thailand,2003.0,HEPB_BD,99.3,MUMPS,170.6
THA,Thailand,2003.0,MCV1,96.0,MUMPS,170.6
THA,Thailand,2003.0,MCV2,92.0,MUMPS,170.6
THA,Thailand,2003.0,POL3,98.0,MUMPS,170.6
THA,Thailand,2003.0,RCV1,96.0,MUMPS,170.6
THA,Thailand,2003.0,TT2PLUS,93.3,MUMPS,170.6
COK,Cook Islands,1993.0,BCG,94.0,MEASLES,170.5
COK,Cook Islands,1993.0,DTPCV1,99.0,MEASLES,170.5
COK,Cook Islands,1993.0,DTPCV3,99.67,MEASLES,170.5
COK,Cook Islands,1993.0,MCV1,99.67,MEASLES,170.5
COK,Cook Islands,1993.0,POL3,99.67,MEASLES,170.5
ESP,Spain,1994.0,DTPCV1,96.0,MEASLES,170.5
ESP,Spain,1994.0,MCV1,90.0,MEASLES,170.5
ESP,Spain,1994.0,RCV1,90.0,MEASLES,170.5
STP,Sao Tome and Principe,1995.0,BCG,95.0,MEASLES,170.5
STP,Sao Tome and Principe,1995.0,DTPCV1,92.0,MEASLES,170.5
BOL,Bolivia (Plurinational State of),1999.0,BCG,95.33,MEASLES,170.3
BOL,Bolivia (Plurinational State of),1999.0,DTPCV1,93.5,MEASLES,170.3
BOL,Bolivia (Plurinational State of),1999.0,MCV1,91.33,MEASLES,170.3
TKM,Turkmenistan,1999.0,BCG,98.87,MUMPS,170.1
TKM,Turkmenistan,1999.0,DTPCV1,99.0,MUMPS,170.1
TKM,Turkmenistan,1999.0,DTPCV3,98.27,MUMPS,170.1
TKM,Turkmenistan,1999.0,MCV1,97.13,MUMPS,170.1
TKM,Turkmenistan,1999.0,MCV2,90.7,MUMPS,170.1
TKM,Turkmenistan,1999.0,POL3,98.13,MUMPS,170.1
SGP,Singapore,2007.0,BCG,99.0,MUMPS,169.7
SGP,Singapore,2007.0,DTPCV1,98.0,MUMPS,169.7
SGP,Singapore,2007.0,DTPCV3,97.0,MUMPS,169.7
SGP,Singapore,2007.0,HEPB3,96.0,MUMPS,169.7
SGP,Singapore,2007.0,MCV1,95.0,MUMPS,169.7
SGP,Singapore,2007.0,MCV2,96.0,MUMPS,169.7
SGP,Singapore,2007.0,POL3,97.0,MUMPS,169.7
SGP,Singapore,2007.0,RCV1,95.0,MUMPS,169.7
DOM,Dominican Republic,2019.0,BCG,99.0,MUMPS,169.6
DOM,Dominican Republic,2019.0,DTPCV1,96.0,MUMPS,169.6
DOM,Dominican Republic,2019.0,IPV1,95.0,MUMPS,169.6
DOM,Dominican Republic,2019.0,MCV1,96.0,MUMPS,169.6
DOM,Dominican Republic,2019.0,PAB,99.0,MUMPS,169.6
DOM,Dominican Republic,2019.0,PCV2,93.0,MUMPS,169.6
DOM,Dominican Republic,2019.0,POL3,92.0,MUMPS,169.6
DOM,Dominican Republic,2019.0,RCV1,96.0,MUMPS,169.6
DOM,Dominican Republic,2019.0,ROTA1,94.0,MUMPS,169.6
EST,Estonia,1999.0,BCG,99.0,RUBELLA,169.6
EST,Estonia,1999.0,DTPCV1,98.0,RUBELLA,169.6
EST,Estonia,1999.0,DTPCV3,91.0,RUBELLA,169.6
EST,Estonia,1999.0,MCV1,92.0,RUBELLA,169.6
EST,Estonia,1999.0,POL3,91.0,RUBELLA,169.6
EST,Estonia,1999.0,RCV1,92.0,RUBELLA,169.6
HKG,"China, Hong Kong SAR",1983.0,BCG,99.0,MEASLES,169.6
HKG,"China, Hong Kong SAR",1983.0,POL3,90.0,MEASLES,169.6
ISR,Israel,2010.0,DTPCV1,95.0,PERTUSSIS,169.6
ISR,Israel,2010.0,DTPCV3,95.0,PERTUSSIS,169.6
ISR,Israel,2010.0,HEPB3,97.0,PERTUSSIS,169.6
ISR,Israel,2010.0,HEPB_BD,97.0,PERTUSSIS,169.6
ISR,Israel,2010.0,HIB3,95.0,PERTUSSIS,169.6
ISR,Israel,2010.0,MCV1,96.0,PERTUSSIS,169.6
ISR,Israel,2010.0,MCV2,93.0,PERTUSSIS,169.6
ISR,Israel,2010.0,PCV3,92.0,PERTUSSIS,169.6
ISR,Israel,2010.0,POL3,95.0,PERTUSSIS,169.6
ISR,Israel,2010.0,RCV1,96.0,PERTUSSIS,169.6
QAT,Qatar,2005.0,BCG,99.67,MUMPS,169.6
QAT,Qatar,2005.0,DTPCV1,99.67,MUMPS,169.6
QAT,Qatar,2005.0,DTPCV3,97.0,MUMPS,169.6
QAT,Qatar,2005.0,HEPB3,97.0,MUMPS,169.6
QAT,Qatar,2005.0,HEPB_BD,99.67,MUMPS,169.6
QAT,Qatar,2005.0,HIB3,97.0,MUMPS,169.6
QAT,Qatar,2005.0,MCV1,99.67,MUMPS,169.6
QAT,Qatar,2005.0,MCV2,98.0,MUMPS,169.6
QAT,Qatar,2005.0,POL3,98.0,MUMPS,169.6
QAT,Qatar,2005.0,RCV1,99.67,MUMPS,169.6
BEN,Benin,1995.0,BCG,92.33,PERTUSSIS,169.4
ROU,Romania,2006.0,BCG,99.0,RUBELLA,169.4
ROU,Romania,2006.0,DTPCV1,97.0,RUBELLA,169.4
ROU,Romania,2006.0,DTPCV3,97.0,RUBELLA,169.4
ROU,Romania,2006.0,HEPB3,99.0,RUBELLA,169.4
ROU,Romania,2006.0,HEPB_BD,99.4,RUBELLA,169.4
ROU,Romania,2006.0,MCV1,95.0,RUBELLA,169.4
ROU,Romania,2006.0,MCV2,96.0,RUBELLA,169.4
ROU,Romania,2006.0,POL3,97.0,RUBELLA,169.4
ROU,Romania,2006.0,RCV1,95.0,RUBELLA,169.4
UKR,Ukraine,1996.0,BCG,97.0,MEASLES,169.4
UKR,Ukraine,1996.0,DTPCV1,99.0,MEASLES,169.4
UKR,Ukraine,1996.0,DTPCV3,99.0,MEASLES,169.4
UKR,Ukraine,1996.0,MCV1,92.0,MEASLES,169.4
UKR,Ukraine,1996.0,POL3,99.0,MEASLES,169.4
UKR,Ukraine,1996.0,TT2PLUS,98.0,MEASLES,169.4
DNK,Denmark,2015.0,DTPCV1,95.0,PERTUSSIS,169.3
DNK,Denmark,2015.0,DTPCV3,92.0,PERTUSSIS,169.3
DNK,Denmark,2015.0,HIB3,92.0,PERTUSSIS,169.3
DNK,Denmark,2015.0,IPV1,95.0,PERTUSSIS,169.3
DNK,Denmark,2015.0,MCV1,90.0,PERTUSSIS,169.3
DNK,Denmark,2015.0,PCV1,90.5,PERTUSSIS,169.3
DNK,Denmark,2015.0,PCV3,90.0,PERTUSSIS,169.3
DNK,Denmark,2015.0,POL3,92.0,PERTUSSIS,169.3
DNK,Denmark,2015.0,RCV1,90.0,PERTUSSIS,169.3
IRN,Iran (Islamic Republic of),2003.0,BCG,99.5,MEASLES,169.3
IRN,Iran (Islamic Republic of),2003.0,DTPCV1,99.5,MEASLES,169.3
IRN,Iran (Islamic Republic of),2003.0,DTPCV3,99.0,MEASLES,169.3
IRN,Iran (Islamic Republic of),2003.0,HEPB3,98.0,MEASLES,169.3
IRN,Iran (Islamic Republic of),2003.0,HEPB_BD,99.0,MEASLES,169.3
IRN,Iran (Islamic Republic of),2003.0,MCV1,99.0,MEASLES,169.3
IRN,Iran (Islamic Republic of),2003.0,MCV2,96.0,MEASLES,169.3
IRN,Iran (Islamic Republic of),2003.0,POL3,99.0,MEASLES,169.3
ALB,Albania,2019.0,BCG,98.89,MEASLES,169.2
ALB,Albania,2019.0,DIPHCV4,97.13,MEASLES,169.2
ALB,Albania,2019.0,DIPHCV5,96.92,MEASLES,169.2
ALB,Albania,2019.0,DIPHCV6,95.63,MEASLES,169.2
ALB,Albania,2019.0,DTPCV1,98.87,MEASLES,169.2
ALB,Albania,2019.0,DTPCV3,98.74,MEASLES,169.2
ALB,Albania,2019.0,HEPB3,98.74,MEASLES,169.2
ALB,Albania,2019.0,HEPB_BD,99.21,MEASLES,169.2
ALB,Albania,2019.0,HEPB_BDALL,99.31,MEASLES,169.2
ALB,Albania,2019.0,HIB3,98.74,MEASLES,169.2
ALB,Albania,2019.0,IPV1,98.87,MEASLES,169.2
ALB,Albania,2019.0,MCV1,94.96,MEASLES,169.2
ALB,Albania,2019.0,MCV2,96.14,MEASLES,169.2
ALB,Albania,2019.0,PAB,96.0,MEASLES,169.2
ALB,Albania,2019.0,PCV1,98.81,MEASLES,169.2
ALB,Albania,2019.0,PCV2,98.74,MEASLES,169.2
ALB,Albania,2019.0,PCV3,95.74,MEASLES,169.2
ALB,Albania,2019.0,PERCV4,97.13,MEASLES,169.2
ALB,Albania,2019.0,POL3,98.74,MEASLES,169.2
ALB,Albania,2019.0,RCV1,94.96,MEASLES,169.2
ALB,Albania,2019.0,ROTA1,98.56,MEASLES,169.2
ALB,Albania,2019.0,TTCV4,97.13,MEASLES,169.2
ALB,Albania,2019.0,TTCV5,96.92,MEASLES,169.2
ALB,Albania,2019.0,TTCV6,95.63,MEASLES,169.2
LUX,Luxembourg,1985.0,DTPCV1,91.0,MEASLES,169.1
LUX,Luxembourg,1985.0,POL3,90.0,MEASLES,169.1
ROU,Romania,1989.0,BCG,90.0,MEASLES,169.1
ROU,Romania,1989.0,DTPCV1,98.0,MEASLES,169.1
ROU,Romania,1989.0,DTPCV3,96.0,MEASLES,169.1
ROU,Romania,1989.0,MCV1,90.0,MEASLES,169.1
ROU,Romania,1989.0,POL3,95.0,MEASLES,169.1
SUR,Suriname,1988.0,PAB,91.0,MEASLES,169.1
GTM,Guatemala,2004.0,BCG,98.0,MUMPS,169.0
GTM,Guatemala,2004.0,DTPCV1,98.0,MUMPS,169.0
GTM,Guatemala,2004.0,DTPCV3,91.33,MUMPS,169.0
GTM,Guatemala,2004.0,MCV1,95.0,MUMPS,169.0
GTM,Guatemala,2004.0,POL3,92.0,MUMPS,169.0
GTM,Guatemala,2004.0,RCV1,94.87,MUMPS,169.0
PRY,Paraguay,1986.0,POL3,93.0,MEASLES,168.9
THA,Thailand,2002.0,BCG,98.85,MUMPS,168.9
THA,Thailand,2002.0,DTPCV1,98.25,MUMPS,168.9
THA,Thailand,2002.0,DTPCV3,96.25,MUMPS,168.9
THA,Thailand,2002.0,HEPB3,95.0,MUMPS,168.9
THA,Thailand,2002.0,HEPB_BD,99.0,MUMPS,168.9
THA,Thailand,2002.0,MCV1,94.1,MUMPS,168.9
THA,Thailand,2002.0,POL3,96.8,MUMPS,168.9
THA,Thailand,2002.0,RCV1,94.0,MUMPS,168.9
DZA,Algeria,1989.0,BCG,96.0,MEASLES,168.4
DZA,Algeria,1989.0,DTPCV1,95.0,MEASLES,168.4
NLD,Netherlands (Kingdom of the),2013.0,DTPCV1,99.0,PERTUSSIS,168.4
NLD,Netherlands (Kingdom of the),2013.0,DTPCV3,96.7,PERTUSSIS,168.4
NLD,Netherlands (Kingdom of the),2013.0,HEPB_BD,98.57,PERTUSSIS,168.4
NLD,Netherlands (Kingdom of the),2013.0,HIB3,96.69,PERTUSSIS,168.4
NLD,Netherlands (Kingdom of the),2013.0,MCV1,96.0,PERTUSSIS,168.4
NLD,Netherlands (Kingdom of the),2013.0,MCV2,92.27,PERTUSSIS,168.4
NLD,Netherlands (Kingdom of the),2013.0,PCV3,95.85,PERTUSSIS,168.4
NLD,Netherlands (Kingdom of the),2013.0,POL3,96.7,PERTUSSIS,168.4
NLD,Netherlands (Kingdom of the),2013.0,RCV1,96.0,PERTUSSIS,168.4
WSM,Samoa,1982.0,BCG,96.0,MEASLES,168.2
WSM,Samoa,1982.0,DTPCV1,95.0,MEASLES,168.2
FRA,France,2000.0,DTPCV1,99.0,MEASLES,168.1
FRA,France,2000.0,DTPCV3,97.0,MEASLES,168.1
FRA,France,2000.0,POL3,98.0,MEASLES,168.1
LKA,Sri Lanka,2012.0,BCG,98.57,MUMPS,168.1
LKA,Sri Lanka,2012.0,DTPCV1,99.0,MUMPS,168.1
LKA,Sri Lanka,2012.0,DTPCV3,99.2,MUMPS,168.1
LKA,Sri Lanka,2012.0,HEPB3,99.2,MUMPS,168.1
LKA,Sri Lanka,2012.0,HIB3,99.2,MUMPS,168.1
LKA,Sri Lanka,2012.0,JAPENC,99.0,MUMPS,168.1
LKA,Sri Lanka,2012.0,MCV1,98.0,MUMPS,168.1
LKA,Sri Lanka,2012.0,MCV2,98.33,MUMPS,168.1
LKA,Sri Lanka,2012.0,PAB,95.0,MUMPS,168.1
LKA,Sri Lanka,2012.0,POL3,99.2,MUMPS,168.1
LKA,Sri Lanka,2012.0,RCV1,99.0,MUMPS,168.1
LKA,Sri Lanka,2012.0,TT2PLUS,95.0,MUMPS,168.1
KAZ,Kazakhstan,2020.0,BCG,92.86,MEASLES,167.8
KAZ,Kazakhstan,2020.0,DIPHCV5,91.72,MEASLES,167.8
KAZ,Kazakhstan,2020.0,DTPCV1,94.26,MEASLES,167.8
KAZ,Kazakhstan,2020.0,FLU_HCW,94.98,MEASLES,167.8
KAZ,Kazakhstan,2020.0,FLU_RESIDENT,93.76,MEASLES,167.8
KAZ,Kazakhstan,2020.0,HEPB_BD,92.74,MEASLES,167.8
KAZ,Kazakhstan,2020.0,HEPB_BDALL,93.91,MEASLES,167.8
KAZ,Kazakhstan,2020.0,IPV1,94.26,MEASLES,167.8
KAZ,Kazakhstan,2020.0,MCV1,92.94,MEASLES,167.8
KAZ,Kazakhstan,2020.0,MCV2,90.8,MEASLES,167.8
KAZ,Kazakhstan,2020.0,PCV1,93.62,MEASLES,167.8
KAZ,Kazakhstan,2020.0,RCV1,92.94,MEASLES,167.8
KAZ,Kazakhstan,2020.0,TTCV5,91.72,MEASLES,167.8
SVK,Slovakia,2013.0,DTPCV1,99.0,PERTUSSIS,167.6
SVK,Slovakia,2013.0,DTPCV3,97.97,PERTUSSIS,167.6
SVK,Slovakia,2013.0,HEPB3,97.97,PERTUSSIS,167.6
SVK,Slovakia,2013.0,HEPB_BD,100.0,PERTUSSIS,167.6
SVK,Slovakia,2013.0,HIB3,97.97,PERTUSSIS,167.6
SVK,Slovakia,2013.0,MCV1,98.07,PERTUSSIS,167.6
SVK,Slovakia,2013.0,MCV2,98.9,PERTUSSIS,167.6
SVK,Slovakia,2013.0,PCV3,97.9,PERTUSSIS,167.6
SVK,Slovakia,2013.0,POL3,97.97,PERTUSSIS,167.6
SVK,Slovakia,2013.0,RCV1,98.07,PERTUSSIS,167.6
RUS,Russian Federation,1990.0,BCG,91.3,PERTUSSIS,167.5
EST,Estonia,1999.0,BCG,99.0,PERTUSSIS,167.4
EST,Estonia,1999.0,DTPCV1,98.0,PERTUSSIS,167.4
EST,Estonia,1999.0,DTPCV3,91.0,PERTUSSIS,167.4
EST,Estonia,1999.0,MCV1,92.0,PERTUSSIS,167.4
EST,Estonia,1999.0,POL3,91.0,PERTUSSIS,167.4
EST,Estonia,1999.0,RCV1,92.0,PERTUSSIS,167.4
VNM,Viet Nam,1994.0,BCG,96.0,MEASLES,167.3
VNM,Viet Nam,1994.0,DTPCV1,97.0,MEASLES,167.3
VNM,Viet Nam,1994.0,DTPCV3,94.0,MEASLES,167.3
VNM,Viet Nam,1994.0,MCV1,96.0,MEASLES,167.3
VNM,Viet Nam,1994.0,POL3,94.0,MEASLES,167.3
GNB,Guinea-Bissau,1987.0,BCG,92.0,TTETANUS,167.2
GBR,United Kingdom of Great Britain and Northern Ireland,2004.0,DTPCV1,97.0,MUMPS,167.1
GBR,United Kingdom of Great Britain and Northern Ireland,2004.0,DTPCV3,92.0,MUMPS,167.1
GBR,United Kingdom of Great Britain and Northern Ireland,2004.0,HIB3,92.0,MUMPS,167.1
GBR,United Kingdom of Great Britain and Northern Ireland,2004.0,POL3,92.0,MUMPS,167.1
NCL,New Caledonia,2014.0,BCG,95.7,PERTUSSIS,167.1
NCL,New Caledonia,2014.0,DTPCV1,99.3,PERTUSSIS,167.1
NCL,New Caledonia,2014.0,DTPCV3,98.3,PERTUSSIS,167.1
NCL,New Caledonia,2014.0,HEPB3,92.8,PERTUSSIS,167.1
NCL,New Caledonia,2014.0,HEPB_BD,97.6,PERTUSSIS,167.1
NCL,New Caledonia,2014.0,HIB3,98.3,PERTUSSIS,167.1
NCL,New Caledonia,2014.0,IPV1,99.3,PERTUSSIS,167.1
NCL,New Caledonia,2014.0,MCV1,96.4,PERTUSSIS,167.1
NCL,New Caledonia,2014.0,POL3,98.3,PERTUSSIS,167.1
NCL,New Caledonia,2014.0,RCV1,96.4,PERTUSSIS,167.1
DEU,Germany,2016.0,DTPCV1,98.47,PERTUSSIS,166.9
DEU,Germany,2016.0,DTPCV3,91.0,PERTUSSIS,166.9
DEU,Germany,2016.0,HIB3,92.2,PERTUSSIS,166.9
DEU,Germany,2016.0,IPV1,98.2,PERTUSSIS,166.9
DEU,Germany,2016.0,MCV1,96.87,PERTUSSIS,166.9
DEU,Germany,2016.0,MCV2,92.87,PERTUSSIS,166.9
DEU,Germany,2016.0,POL3,93.33,PERTUSSIS,166.9
DEU,Germany,2016.0,RCV1,96.67,PERTUSSIS,166.9
PSE,"occupied Palestinian territory, including east Jerusalem",2000.0,BCG,92.0,MUMPS,166.9
PSE,"occupied Palestinian territory, including east Jerusalem",2000.0,DTPCV1,95.0,MUMPS,166.9
PSE,"occupied Palestinian territory, including east Jerusalem",2000.0,DTPCV3,93.0,MUMPS,166.9
PSE,"occupied Palestinian territory, including east Jerusalem",2000.0,HEPB3,95.0,MUMPS,166.9
PSE,"occupied Palestinian territory, including east Jerusalem",2000.0,HEPB_BD,94.93,MUMPS,166.9
PSE,"occupied Palestinian territory, including east Jerusalem",2000.0,MCV1,93.0,MUMPS,166.9
PSE,"occupied Palestinian territory, including east Jerusalem",2000.0,MCV2,91.4,MUMPS,166.9
PSE,"occupied Palestinian territory, including east Jerusalem",2000.0,POL3,93.0,MUMPS,166.9
PSE,"occupied Palestinian territory, including east Jerusalem",2000.0,RCV1,95.0,MUMPS,166.9
ARM,Armenia,2004.0,BCG,95.87,MUMPS,166.7
ARM,Armenia,2004.0,DTPCV1,97.0,MUMPS,166.7
ARM,Armenia,2004.0,DTPCV3,90.7,MUMPS,166.7
ARM,Armenia,2004.0,HEPB3,90.87,MUMPS,166.7
ARM,Armenia,2004.0,HEPB_BD,94.0,MUMPS,166.7
ARM,Armenia,2004.0,MCV1,91.67,MUMPS,166.7
ARM,Armenia,2004.0,MCV2,94.27,MUMPS,166.7
ARM,Armenia,2004.0,POL3,93.0,MUMPS,166.7
ARM,Armenia,2004.0,RCV1,91.67,MUMPS,166.7
SYR,Syrian Arab Republic,1993.0,BCG,91.0,MEASLES,166.7
SYR,Syrian Arab Republic,1993.0,DTPCV1,98.0,MEASLES,166.7
SYR,Syrian Arab Republic,1993.0,DTPCV3,90.0,MEASLES,166.7
SYR,Syrian Arab Republic,1993.0,POL3,90.0,MEASLES,166.7
URY,Uruguay,1985.0,BCG,92.0,PERTUSSIS,166.7
NAM,Namibia,1999.0,DTPCV1,90.0,MEASLES,166.6
SGP,Singapore,2008.0,BCG,99.0,MUMPS,166.6
SGP,Singapore,2008.0,DTPCV1,98.0,MUMPS,166.6
SGP,Singapore,2008.0,DTPCV3,97.0,MUMPS,166.6
SGP,Singapore,2008.0,HEPB3,97.0,MUMPS,166.6
SGP,Singapore,2008.0,MCV1,95.0,MUMPS,166.6
SGP,Singapore,2008.0,MCV2,95.94,MUMPS,166.6
SGP,Singapore,2008.0,POL3,97.0,MUMPS,166.6
SGP,Singapore,2008.0,RCV1,95.0,MUMPS,166.6
CHE,Switzerland,2001.0,DTPCV1,95.0,RUBELLA,166.1
CHE,Switzerland,2001.0,DTPCV3,93.0,RUBELLA,166.1
CHE,Switzerland,2001.0,HIB3,91.0,RUBELLA,166.1
CHE,Switzerland,2001.0,POL3,95.0,RUBELLA,166.1
LBR,Liberia,2016.0,DTPCV1,91.0,MEASLES,165.9
LBR,Liberia,2016.0,PCV1,99.0,MEASLES,165.9
BLR,Belarus,2003.0,BCG,99.1,RUBELLA,165.8
BLR,Belarus,2003.0,MCV1,98.87,RUBELLA,165.8
BLR,Belarus,2003.0,MCV2,98.2,RUBELLA,165.8
BLR,Belarus,2003.0,RCV1,99.0,RUBELLA,165.8
KAZ,Kazakhstan,2007.0,BCG,99.0,RUBELLA,165.6
KAZ,Kazakhstan,2007.0,DTPCV1,97.0,RUBELLA,165.6
KAZ,Kazakhstan,2007.0,DTPCV3,93.0,RUBELLA,165.6
KAZ,Kazakhstan,2007.0,HEPB3,94.0,RUBELLA,165.6
KAZ,Kazakhstan,2007.0,HEPB_BD,96.2,RUBELLA,165.6
KAZ,Kazakhstan,2007.0,MCV1,99.67,RUBELLA,165.6
KAZ,Kazakhstan,2007.0,MCV2,99.05,RUBELLA,165.6
KAZ,Kazakhstan,2007.0,POL3,94.0,RUBELLA,165.6
KAZ,Kazakhstan,2007.0,RCV1,99.45,RUBELLA,165.6
MLT,Malta,1984.0,POL3,90.0,MEASLES,165.5
VUT,Vanuatu,1994.0,DTPCV1,90.0,MEASLES,165.3
KIR,Kiribati,1993.0,DTPCV1,99.0,PERTUSSIS,164.9
KIR,Kiribati,1993.0,DTPCV3,99.67,PERTUSSIS,164.9
KIR,Kiribati,1993.0,POL3,99.67,PERTUSSIS,164.9
ISL,Iceland,1983.0,DTPCV1,97.0,MEASLES,164.6
ISL,Iceland,1983.0,DTPCV3,94.0,MEASLES,164.6
ISL,Iceland,1983.0,POL3,97.0,MEASLES,164.6
THA,Thailand,2004.0,BCG,99.25,MUMPS,164.5
THA,Thailand,2004.0,DTPCV1,99.2,MUMPS,164.5
THA,Thailand,2004.0,DTPCV3,97.8,MUMPS,164.5
THA,Thailand,2004.0,HEPB3,96.0,MUMPS,164.5
THA,Thailand,2004.0,HEPB_BD,99.3,MUMPS,164.5
THA,Thailand,2004.0,MCV1,96.05,MUMPS,164.5
THA,Thailand,2004.0,MCV2,95.0,MUMPS,164.5
THA,Thailand,2004.0,POL3,97.8,MUMPS,164.5
THA,Thailand,2004.0,RCV1,96.0,MUMPS,164.5
THA,Thailand,2004.0,TT2PLUS,93.3,MUMPS,164.5
MNE,Montenegro,2012.0,BCG,94.8,MUMPS,164.2
MNE,Montenegro,2012.0,DTPCV1,97.73,MUMPS,164.2
MNE,Montenegro,2012.0,DTPCV3,94.2,MUMPS,164.2
MNE,Montenegro,2012.0,HIB3,93.8,MUMPS,164.2
MNE,Montenegro,2012.0,MCV1,90.2,MUMPS,164.2
MNE,Montenegro,2012.0,MCV2,97.13,MUMPS,164.2
MNE,Montenegro,2012.0,POL3,94.13,MUMPS,164.2
MNE,Montenegro,2012.0,RCV1,90.2,MUMPS,164.2
CHL,Chile,1998.0,BCG,92.0,PERTUSSIS,164.1
CHL,Chile,1998.0,DTPCV1,94.5,PERTUSSIS,164.1
CHL,Chile,1998.0,DTPCV3,90.0,PERTUSSIS,164.1
CHL,Chile,1998.0,HIB3,90.0,PERTUSSIS,164.1
CHL,Chile,1998.0,MCV1,98.0,PERTUSSIS,164.1
CHL,Chile,1998.0,POL3,90.0,PERTUSSIS,164.1
CHL,Chile,1998.0,RCV1,98.0,PERTUSSIS,164.1
ISR,Israel,2009.0,DTPCV1,96.0,PERTUSSIS,164.0
ISR,Israel,2009.0,DTPCV3,96.0,PERTUSSIS,164.0
ISR,Israel,2009.0,HEPB3,98.0,PERTUSSIS,164.0
ISR,Israel,2009.0,HEPB_BD,98.0,PERTUSSIS,164.0
ISR,Israel,2009.0,HIB3,96.0,PERTUSSIS,164.0
ISR,Israel,2009.0,MCV1,97.0,PERTUSSIS,164.0
ISR,Israel,2009.0,MCV2,92.0,PERTUSSIS,164.0
ISR,Israel,2009.0,POL3,96.0,PERTUSSIS,164.0
ISR,Israel,2009.0,RCV1,97.0,PERTUSSIS,164.0
MNG,Mongolia,2004.0,BCG,98.0,MUMPS,164.0
MNG,Mongolia,2004.0,DTPCV1,98.6,MUMPS,164.0
MNG,Mongolia,2004.0,DTPCV3,98.3,MUMPS,164.0
MNG,Mongolia,2004.0,HEPB3,98.0,MUMPS,164.0
MNG,Mongolia,2004.0,HEPB_BD,97.8,MUMPS,164.0
MNG,Mongolia,2004.0,MCV1,99.0,MUMPS,164.0
MNG,Mongolia,2004.0,MCV2,97.87,MUMPS,164.0
MNG,Mongolia,2004.0,POL3,99.0,MUMPS,164.0
VNM,Viet Nam,2014.0,BCG,96.05,MEASLES,164.0
VNM,Viet Nam,2014.0,DTPCV1,95.18,MEASLES,164.0
VNM,Viet Nam,2014.0,DTPCV3,95.11,MEASLES,164.0
VNM,Viet Nam,2014.0,HEPB3,95.11,MEASLES,164.0
VNM,Viet Nam,2014.0,HIB3,95.11,MEASLES,164.0
VNM,Viet Nam,2014.0,JAPENC,93.66,MEASLES,164.0
VNM,Viet Nam,2014.0,MCV1,97.21,MEASLES,164.0
VNM,Viet Nam,2014.0,MCV2,93.89,MEASLES,164.0
VNM,Viet Nam,2014.0,PAB,91.0,MEASLES,164.0
VNM,Viet Nam,2014.0,POL3,95.76,MEASLES,164.0
VNM,Viet Nam,2014.0,TT2PLUS,90.78,MEASLES,164.0
VNM,Viet Nam,2014.0,VAD1,92.0,MEASLES,164.0
POL,Poland,2012.0,BCG,93.87,RUBELLA,163.7
POL,Poland,2012.0,DTPCV1,99.0,RUBELLA,163.7
POL,Poland,2012.0,DTPCV3,98.8,RUBELLA,163.7
POL,Poland,2012.0,HEPB3,97.2,RUBELLA,163.7
POL,Poland,2012.0,HEPB_BD,99.0,RUBELLA,163.7
POL,Poland,2012.0,HIB3,98.8,RUBELLA,163.7
POL,Poland,2012.0,MCV1,97.93,RUBELLA,163.7
POL,Poland,2012.0,MCV2,94.8,RUBELLA,163.7
POL,Poland,2012.0,POL3,95.2,RUBELLA,163.7
POL,Poland,2012.0,RCV1,97.93,RUBELLA,163.7
POL,Poland,2012.0,ROTA1,98.0,RUBELLA,163.7
ARE,United Arab Emirates,1996.0,BCG,98.0,MEASLES,163.6
ARE,United Arab Emirates,1996.0,DTPCV1,96.0,MEASLES,163.6
ARE,United Arab Emirates,1996.0,DTPCV3,90.0,MEASLES,163.6
ARE,United Arab Emirates,1996.0,HEPB3,90.0,MEASLES,163.6
ARE,United Arab Emirates,1996.0,MCV1,90.0,MEASLES,163.6
ARE,United Arab Emirates,1996.0,POL3,90.0,MEASLES,163.6
ARE,United Arab Emirates,1996.0,RCV1,90.0,MEASLES,163.6
BDI,Burundi,1989.0,BCG,99.67,PERTUSSIS,163.6
BDI,Burundi,1989.0,DTPCV1,94.0,PERTUSSIS,163.6
IRL,Ireland,2014.0,DTPCV1,98.0,MUMPS,163.6
IRL,Ireland,2014.0,DTPCV3,95.69,MUMPS,163.6
IRL,Ireland,2014.0,HEPB3,95.3,MUMPS,163.6
IRL,Ireland,2014.0,HIB3,95.67,MUMPS,163.6
IRL,Ireland,2014.0,MCV1,93.0,MUMPS,163.6
IRL,Ireland,2014.0,PCV3,91.77,MUMPS,163.6
IRL,Ireland,2014.0,POL3,95.69,MUMPS,163.6
IRL,Ireland,2014.0,PRHPV1_F,91.0,MUMPS,163.6
IRL,Ireland,2014.0,RCV1,93.0,MUMPS,163.6
LKA,Sri Lanka,1988.0,DTPCV1,94.0,MEASLES,163.6
ITA,Italy,2002.0,DTPCV1,97.0,MEASLES,163.4
ITA,Italy,2002.0,DTPCV3,93.0,MEASLES,163.4
ITA,Italy,2002.0,HEPB3,95.0,MEASLES,163.4
ITA,Italy,2002.0,POL3,96.0,MEASLES,163.4
SLV,El Salvador,2006.0,BCG,93.0,MUMPS,163.3
SLV,El Salvador,2006.0,DTPCV3,96.0,MUMPS,163.3
SLV,El Salvador,2006.0,HEPB3,96.0,MUMPS,163.3
SLV,El Salvador,2006.0,HIB3,96.0,MUMPS,163.3
SLV,El Salvador,2006.0,MCV1,98.0,MUMPS,163.3
SLV,El Salvador,2006.0,PAB,91.0,MUMPS,163.3
SLV,El Salvador,2006.0,POL3,96.0,MUMPS,163.3
SLV,El Salvador,2006.0,RCV1,98.0,MUMPS,163.3
SLV,El Salvador,2006.0,TT2PLUS,96.11,MUMPS,163.3
SLV,El Salvador,2006.0,YFV,100.0,MUMPS,163.3
TJK,Tajikistan,2010.0,BCG,98.0,POLIO,163.3
TJK,Tajikistan,2010.0,DTPCV1,95.0,POLIO,163.3
TJK,Tajikistan,2010.0,DTPCV3,93.0,POLIO,163.3
TJK,Tajikistan,2010.0,HEPB3,93.0,POLIO,163.3
TJK,Tajikistan,2010.0,HEPB_BD,96.0,POLIO,163.3
TJK,Tajikistan,2010.0,HIB3,93.0,POLIO,163.3
TJK,Tajikistan,2010.0,MCV1,94.0,POLIO,163.3
TJK,Tajikistan,2010.0,POL3,95.0,POLIO,163.3
TJK,Tajikistan,2010.0,RCV1,94.0,POLIO,163.3
TJK,Tajikistan,2010.0,VAD1,98.1,POLIO,163.3
LSO,Lesotho,2021.0,DTPCV1,92.0,MEASLES,162.7
LSO,Lesotho,2021.0,DTPCV1,92.0,RUBELLA,162.7
LSO,Lesotho,2021.0,DTPCV3,90.77,MEASLES,162.7
LSO,Lesotho,2021.0,DTPCV3,90.77,RUBELLA,162.7
LSO,Lesotho,2021.0,HEPB3,90.77,MEASLES,162.7
LSO,Lesotho,2021.0,HEPB3,90.77,RUBELLA,162.7
LSO,Lesotho,2021.0,HIB3,90.77,MEASLES,162.7
LSO,Lesotho,2021.0,HIB3,90.77,RUBELLA,162.7
LSO,Lesotho,2021.0,IPV1,93.61,MEASLES,162.7
LSO,Lesotho,2021.0,IPV1,93.61,RUBELLA,162.7
LSO,Lesotho,2021.0,MCV1,90.13,MEASLES,162.7
LSO,Lesotho,2021.0,MCV1,90.13,RUBELLA,162.7
LSO,Lesotho,2021.0,PCV1,95.65,MEASLES,162.7
LSO,Lesotho,2021.0,PCV1,95.65,RUBELLA,162.7
LSO,Lesotho,2021.0,PCV2,95.83,MEASLES,162.7
LSO,Lesotho,2021.0,PCV2,95.83,RUBELLA,162.7
LSO,Lesotho,2021.0,PCV3,90.77,MEASLES,162.7
LSO,Lesotho,2021.0,PCV3,90.77,RUBELLA,162.7
LSO,Lesotho,2021.0,POL3,94.25,MEASLES,162.7
LSO,Lesotho,2021.0,POL3,94.25,RUBELLA,162.7
LSO,Lesotho,2021.0,RCV1,90.13,MEASLES,162.7
LSO,Lesotho,2021.0,RCV1,90.13,RUBELLA,162.7
NPL,Nepal,2022.0,BCG,96.0,PERTUSSIS,162.5
NPL,Nepal,2022.0,DTPCV1,96.33,PERTUSSIS,162.5
NPL,Nepal,2022.0,DTPCV3,91.67,PERTUSSIS,162.5
NPL,Nepal,2022.0,HEPB3,91.67,PERTUSSIS,162.5
NPL,Nepal,2022.0,HIB3,91.67,PERTUSSIS,162.5
NPL,Nepal,2022.0,IPV1_FRAC,94.0,PERTUSSIS,162.5
NPL,Nepal,2022.0,JAPENC,91.5,PERTUSSIS,162.5
NPL,Nepal,2022.0,MCV1,91.67,PERTUSSIS,162.5
NPL,Nepal,2022.0,PAB,91.0,PERTUSSIS,162.5
NPL,Nepal,2022.0,PCV1,95.5,PERTUSSIS,162.5
NPL,Nepal,2022.0,PCV2,93.5,PERTUSSIS,162.5
NPL,Nepal,2022.0,RCV1,91.67,PERTUSSIS,162.5
NPL,Nepal,2022.0,ROTA1,90.5,PERTUSSIS,162.5
CHL,Chile,1984.0,BCG,95.0,PERTUSSIS,162.2
CHL,Chile,1984.0,DTPCV1,97.0,PERTUSSIS,162.2
CHL,Chile,1984.0,DTPCV3,99.67,PERTUSSIS,162.2
CHL,Chile,1984.0,MCV1,94.0,PERTUSSIS,162.2
CHL,Chile,1984.0,POL3,99.67,PERTUSSIS,162.2
MDA,Republic of Moldova,2000.0,BCG,99.0,MEASLES,162.2
MDA,Republic of Moldova,2000.0,DTPCV1,96.0,MEASLES,162.2
MDA,Republic of Moldova,2000.0,DTPCV3,95.0,MEASLES,162.2
MDA,Republic of Moldova,2000.0,HEPB3,92.0,MEASLES,162.2
MDA,Republic of Moldova,2000.0,HEPB_BD,93.0,MEASLES,162.2
MDA,Republic of Moldova,2000.0,POL3,97.0,MEASLES,162.2
KEN,Kenya,1994.0,DTPCV1,96.0,MEASLES,161.7
MEX,Mexico,1981.0,POL3,94.33,MEASLES,161.6
VUT,Vanuatu,1995.0,DTPCV1,90.0,MEASLES,161.5
FIN,Finland,1998.0,BCG,99.0,PERTUSSIS,161.4
FIN,Finland,1998.0,DTPCV1,99.0,PERTUSSIS,161.4
FIN,Finland,1998.0,DTPCV3,99.0,PERTUSSIS,161.4
FIN,Finland,1998.0,HIB3,96.0,PERTUSSIS,161.4
FIN,Finland,1998.0,MCV1,96.0,PERTUSSIS,161.4
FIN,Finland,1998.0,POL3,95.0,PERTUSSIS,161.4
FIN,Finland,1998.0,RCV1,96.0,PERTUSSIS,161.4
TKM,Turkmenistan,2004.0,BCG,99.07,MUMPS,160.9
TKM,Turkmenistan,2004.0,DTPCV1,98.13,MUMPS,160.9
TKM,Turkmenistan,2004.0,DTPCV3,97.13,MUMPS,160.9
TKM,Turkmenistan,2004.0,HEPB3,96.33,MUMPS,160.9
TKM,Turkmenistan,2004.0,HEPB_BD,99.47,MUMPS,160.9
TKM,Turkmenistan,2004.0,MCV1,97.2,MUMPS,160.9
TKM,Turkmenistan,2004.0,MCV2,90.0,MUMPS,160.9
TKM,Turkmenistan,2004.0,POL3,97.87,MUMPS,160.9
PAN,Panama,1988.0,BCG,92.0,MEASLES,160.7
PAN,Panama,1988.0,DTPCV1,91.0,MEASLES,160.7
FSM,Micronesia (Federated States of),2022.0,DTPCV1,94.43,PERTUSSIS,160.6
FSM,Micronesia (Federated States of),2022.0,IPV1,91.19,PERTUSSIS,160.6
FSM,Micronesia (Federated States of),2022.0,IPV1_FRAC,91.38,PERTUSSIS,160.6
FSM,Micronesia (Federated States of),2022.0,PCV1,94.53,PERTUSSIS,160.6
THA,Thailand,2002.0,BCG,98.85,MEASLES,160.5
THA,Thailand,2002.0,DTPCV1,98.25,MEASLES,160.5
THA,Thailand,2002.0,DTPCV3,96.25,MEASLES,160.5
THA,Thailand,2002.0,HEPB3,95.0,MEASLES,160.5
THA,Thailand,2002.0,HEPB_BD,99.0,MEASLES,160.5
THA,Thailand,2002.0,MCV1,94.1,MEASLES,160.5
THA,Thailand,2002.0,POL3,96.8,MEASLES,160.5
THA,Thailand,2002.0,RCV1,94.0,MEASLES,160.5
AUT,Austria,2017.0,DTPCV1,93.85,PERTUSSIS,160.4
AUT,Austria,2017.0,IPV1,93.85,PERTUSSIS,160.4
AUT,Austria,2017.0,MCV1,96.0,PERTUSSIS,160.4
AUT,Austria,2017.0,RCV1,96.0,PERTUSSIS,160.4
BHS,Bahamas,1987.0,DTPCV1,95.0,MEASLES,160.3
DJI,Djibouti,2008.0,BCG,90.0,MEASLES,160.2
DJI,Djibouti,2008.0,DTPCV1,90.0,MEASLES,160.2
TJK,Tajikistan,2009.0,DTPCV1,96.0,MUMPS,160.2
TJK,Tajikistan,2009.0,DTPCV3,93.0,MUMPS,160.2
TJK,Tajikistan,2009.0,HEPB3,93.0,MUMPS,160.2
TJK,Tajikistan,2009.0,HEPB_BD,97.15,MUMPS,160.2
TJK,Tajikistan,2009.0,HIB3,93.0,MUMPS,160.2
TJK,Tajikistan,2009.0,MCV2,93.1,MUMPS,160.2
TJK,Tajikistan,2009.0,POL3,93.0,MUMPS,160.2
TJK,Tajikistan,2009.0,VAD1,96.5,MUMPS,160.2
MDG,Madagascar,2004.0,MCV1,91.67,PERTUSSIS,159.8
GMB,Gambia,1981.0,BCG,97.0,PERTUSSIS,159.6
TJK,Tajikistan,2008.0,DTPCV1,92.0,MUMPS,159.6
TJK,Tajikistan,2008.0,VAD1,97.2,MUMPS,159.6
TUN,Tunisia,1993.0,DTPCV1,97.0,MEASLES,159.5
TUN,Tunisia,1993.0,DTPCV3,97.33,MEASLES,159.5
TUN,Tunisia,1993.0,MCV1,90.67,MEASLES,159.5
TUN,Tunisia,1993.0,POL3,97.33,MEASLES,159.5
DNK,Denmark,1991.0,DTPCV1,98.0,PERTUSSIS,159.3
DNK,Denmark,1991.0,DTPCV3,93.0,PERTUSSIS,159.3
DNK,Denmark,1991.0,POL3,98.33,PERTUSSIS,159.3
DNK,Denmark,1991.0,TT2PLUS,99.0,PERTUSSIS,159.3
UZB,Uzbekistan,2000.0,BCG,98.0,MUMPS,159.3
UZB,Uzbekistan,2000.0,DTPCV1,97.85,MUMPS,159.3
UZB,Uzbekistan,2000.0,DTPCV3,99.0,MUMPS,159.3
UZB,Uzbekistan,2000.0,MCV1,98.97,MUMPS,159.3
UZB,Uzbekistan,2000.0,MCV2,98.25,MUMPS,159.3
UZB,Uzbekistan,2000.0,POL3,99.0,MUMPS,159.3
FSM,Micronesia (Federated States of),1993.0,DTPCV1,92.0,PERTUSSIS,158.8
KGZ,Kyrgyzstan,2018.0,BCG,96.87,MEASLES,158.8
KGZ,Kyrgyzstan,2018.0,DIPHCV4,97.1,MEASLES,158.8
KGZ,Kyrgyzstan,2018.0,DIPHCV5,96.1,MEASLES,158.8
KGZ,Kyrgyzstan,2018.0,DIPHCV6,96.15,MEASLES,158.8
KGZ,Kyrgyzstan,2018.0,DTPCV1,98.37,MEASLES,158.8
KGZ,Kyrgyzstan,2018.0,DTPCV3,94.27,MEASLES,158.8
KGZ,Kyrgyzstan,2018.0,HEPB3,94.0,MEASLES,158.8
KGZ,Kyrgyzstan,2018.0,HEPB_BD,96.73,MEASLES,158.8
KGZ,Kyrgyzstan,2018.0,HIB3,93.0,MEASLES,158.8
KGZ,Kyrgyzstan,2018.0,MCV1,96.13,MEASLES,158.8
KGZ,Kyrgyzstan,2018.0,MCV2,96.0,MEASLES,158.8
KGZ,Kyrgyzstan,2018.0,PCV1,98.9,MEASLES,158.8
KGZ,Kyrgyzstan,2018.0,PCV2,93.1,MEASLES,158.8
KGZ,Kyrgyzstan,2018.0,PCV3,92.13,MEASLES,158.8
KGZ,Kyrgyzstan,2018.0,PERCV4,96.8,MEASLES,158.8
KGZ,Kyrgyzstan,2018.0,POL3,92.0,MEASLES,158.8
KGZ,Kyrgyzstan,2018.0,RCV1,96.07,MEASLES,158.8
KGZ,Kyrgyzstan,2018.0,TTCV4,96.9,MEASLES,158.8
KGZ,Kyrgyzstan,2018.0,TTCV5,96.2,MEASLES,158.8
KGZ,Kyrgyzstan,2018.0,TTCV6,96.3,MEASLES,158.8
NPL,Nepal,2015.0,BCG,93.95,PERTUSSIS,158.7
NPL,Nepal,2015.0,DTPCV1,93.9,PERTUSSIS,158.7
NPL,Nepal,2015.0,DTPCV3,90.91,PERTUSSIS,158.7
NPL,Nepal,2015.0,HEPB3,90.91,PERTUSSIS,158.7
NPL,Nepal,2015.0,HIB3,90.91,PERTUSSIS,158.7
NPL,Nepal,2015.0,POL3,90.14,PERTUSSIS,158.7
ECU,Ecuador,2018.0,BCG,90.0,MUMPS,158.3
ECU,Ecuador,2018.0,FLU_ALL,98.0,MUMPS,158.3
ECU,Ecuador,2018.0,FLU_CHILD1,94.0,MUMPS,158.3
ECU,Ecuador,2018.0,PRHPV1_F,98.0,MUMPS,158.3
COL,Colombia,2014.0,DTPCV1,91.23,MUMPS,158.2
COL,Colombia,2014.0,DTPCV3,90.17,MUMPS,158.2
COL,Colombia,2014.0,HEPB3,90.17,MUMPS,158.2
COL,Colombia,2014.0,HIB3,90.17,MUMPS,158.2
COL,Colombia,2014.0,MCV1,91.17,MUMPS,158.2
COL,Colombia,2014.0,PCV1,90.81,MUMPS,158.2
COL,Colombia,2014.0,PCV2,90.41,MUMPS,158.2
COL,Colombia,2014.0,POL3,90.0,MUMPS,158.2
COL,Colombia,2014.0,RCV1,91.17,MUMPS,158.2
COL,Colombia,2014.0,YFV,91.85,MUMPS,158.2
ALB,Albania,1988.0,BCG,92.0,PERTUSSIS,158.1
ALB,Albania,1988.0,DTPCV1,98.0,PERTUSSIS,158.1
ALB,Albania,1988.0,DTPCV3,96.0,PERTUSSIS,158.1
ALB,Albania,1988.0,MCV1,96.0,PERTUSSIS,158.1
ALB,Albania,1988.0,POL3,96.0,PERTUSSIS,158.1
LBY,Libya,2018.0,BCG,91.33,MEASLES,158.0
LBY,Libya,2018.0,DIPHCV4,96.15,MEASLES,158.0
LBY,Libya,2018.0,DIPHCV5,97.0,MEASLES,158.0
LBY,Libya,2018.0,DIPHCV6,97.0,MEASLES,158.0
LBY,Libya,2018.0,DTPCV1,90.37,MEASLES,158.0
LBY,Libya,2018.0,HEPB_BDALL,100.0,MEASLES,158.0
LBY,Libya,2018.0,IPV1,90.37,MEASLES,158.0
LBY,Libya,2018.0,PCV1,98.55,MEASLES,158.0
LBY,Libya,2018.0,PCV2,97.7,MEASLES,158.0
LBY,Libya,2018.0,PERCV4,96.15,MEASLES,158.0
LBY,Libya,2018.0,ROTA1,98.55,MEASLES,158.0
LBY,Libya,2018.0,TTCV4,96.15,MEASLES,158.0
LBY,Libya,2018.0,TTCV5,97.0,MEASLES,158.0
LBY,Libya,2018.0,TTCV6,97.0,MEASLES,158.0
SRB,Serbia,2000.0,BCG,94.5,MUMPS,157.9
SRB,Serbia,2000.0,DTPCV1,97.3,MUMPS,157.9
SRB,Serbia,2000.0,DTPCV3,95.67,MUMPS,157.9
SRB,Serbia,2000.0,MCV1,90.13,MUMPS,157.9
SRB,Serbia,2000.0,POL3,97.7,MUMPS,157.9
LBN,Lebanon,2018.0,DIPHCV4,90.01,MEASLES,157.8
LBN,Lebanon,2018.0,DTPCV1,94.07,MEASLES,157.8
LBN,Lebanon,2018.0,HEPB_BD,92.0,MEASLES,157.8
LBN,Lebanon,2018.0,IPV1,96.57,MEASLES,157.8
LBN,Lebanon,2018.0,PCV1,92.93,MEASLES,157.8
LBN,Lebanon,2018.0,PCV2,90.16,MEASLES,157.8
LBN,Lebanon,2018.0,PERCV4,90.01,MEASLES,157.8
LBN,Lebanon,2018.0,TTCV4,90.01,MEASLES,157.8
GNB,Guinea-Bissau,1989.0,BCG,95.0,PERTUSSIS,157.7
KIR,Kiribati,1996.0,BCG,99.67,MEASLES,157.3
KIR,Kiribati,1996.0,DTPCV1,92.0,MEASLES,157.3
BRN,Brunei Darussalam,1989.0,DTPCV1,97.0,MEASLES,157.2
BRN,Brunei Darussalam,1989.0,DTPCV3,91.0,MEASLES,157.2
BRN,Brunei Darussalam,1989.0,MCV1,99.0,MEASLES,157.2
BRN,Brunei Darussalam,1989.0,POL3,91.0,MEASLES,157.2
BRN,Brunei Darussalam,1989.0,RCV1,99.0,MEASLES,157.2
ECU,Ecuador,1990.0,BCG,92.67,MEASLES,157.2
ECU,Ecuador,1990.0,DTPCV1,93.0,MEASLES,157.2
ESP,Spain,1993.0,DTPCV1,95.0,PERTUSSIS,157.1
ESP,Spain,1993.0,MCV1,90.0,PERTUSSIS,157.1
ESP,Spain,1993.0,RCV1,90.0,PERTUSSIS,157.1
PAN,Panama,2001.0,BCG,99.0,MUMPS,157.0
PAN,Panama,2001.0,DTPCV3,99.67,MUMPS,157.0
PAN,Panama,2001.0,HIB3,99.67,MUMPS,157.0
PAN,Panama,2001.0,MCV1,95.0,MUMPS,157.0
PAN,Panama,2001.0,POL3,95.0,MUMPS,157.0
PAN,Panama,2001.0,RCV1,95.0,MUMPS,157.0
IRN,Iran (Islamic Republic of),2000.0,BCG,99.0,MUMPS,156.8
IRN,Iran (Islamic Republic of),2000.0,DTPCV1,99.67,MUMPS,156.8
IRN,Iran (Islamic Republic of),2000.0,DTPCV3,99.67,MUMPS,156.8
IRN,Iran (Islamic Republic of),2000.0,HEPB3,99.67,MUMPS,156.8
IRN,Iran (Islamic Republic of),2000.0,HEPB_BD,99.0,MUMPS,156.8
IRN,Iran (Islamic Republic of),2000.0,MCV1,99.67,MUMPS,156.8
IRN,Iran (Islamic Republic of),2000.0,MCV2,99.67,MUMPS,156.8
IRN,Iran (Islamic Republic of),2000.0,POL3,99.67,MUMPS,156.8
EGY,Egypt,1988.0,DTPCV1,95.0,TTETANUS,156.3
NLD,Netherlands (Kingdom of the),2023.0,DTPCV1,97.0,PERTUSSIS,156.3
NLD,Netherlands (Kingdom of the),2023.0,DTPCV3,91.89,PERTUSSIS,156.3
NLD,Netherlands (Kingdom of the),2023.0,HEPB_BD,99.32,PERTUSSIS,156.3
NLD,Netherlands (Kingdom of the),2023.0,HEPB_BDALL,99.32,PERTUSSIS,156.3
NLD,Netherlands (Kingdom of the),2023.0,IPV1,97.0,PERTUSSIS,156.3
NLD,Netherlands (Kingdom of the),2023.0,POL3,91.89,PERTUSSIS,156.3
NOR,Norway,1987.0,DTPCV1,93.0,PERTUSSIS,156.0
EST,Estonia,1994.0,BCG,98.0,MEASLES,155.9
EST,Estonia,1994.0,DTPCV1,92.0,MEASLES,155.9
EST,Estonia,2002.0,BCG,99.0,PERTUSSIS,155.9
EST,Estonia,2002.0,DTPCV1,99.0,PERTUSSIS,155.9
EST,Estonia,2002.0,DTPCV3,94.0,PERTUSSIS,155.9
EST,Estonia,2002.0,MCV1,95.0,PERTUSSIS,155.9
EST,Estonia,2002.0,MCV2,94.0,PERTUSSIS,155.9
EST,Estonia,2002.0,POL3,94.0,PERTUSSIS,155.9
EST,Estonia,2002.0,RCV1,95.0,PERTUSSIS,155.9
UKR,Ukraine,2002.0,BCG,98.27,MEASLES,155.9
UKR,Ukraine,2002.0,DTPCV1,97.53,MEASLES,155.9
UKR,Ukraine,2002.0,DTPCV3,99.2,MEASLES,155.9
UKR,Ukraine,2002.0,MCV1,98.93,MEASLES,155.9
UKR,Ukraine,2002.0,MCV2,98.0,MEASLES,155.9
UKR,Ukraine,2002.0,POL3,99.0,MEASLES,155.9
UKR,Ukraine,2002.0,RCV1,99.0,MEASLES,155.9
ECU,Ecuador,2019.0,15HPV1_F,91.0,MUMPS,155.8
ECU,Ecuador,2019.0,FLU_CHILD1,99.13,MUMPS,155.8
ECU,Ecuador,2019.0,FLU_HCW,94.19,MUMPS,155.8
ECU,Ecuador,2019.0,FLU_OTHER,92.73,MUMPS,155.8
LSO,Lesotho,1995.0,DTPCV1,95.0,MEASLES,155.8
MDA,Republic of Moldova,1998.0,BCG,98.0,MEASLES,155.8
MDA,Republic of Moldova,1998.0,DTPCV1,99.0,MEASLES,155.8
MDA,Republic of Moldova,1998.0,DTPCV3,96.95,MEASLES,155.8
MDA,Republic of Moldova,1998.0,HEPB3,93.67,MEASLES,155.8
MDA,Republic of Moldova,1998.0,MCV1,93.0,MEASLES,155.8
MDA,Republic of Moldova,1998.0,POL3,98.0,MEASLES,155.8
GMB,Gambia,1981.0,BCG,97.0,TTETANUS,155.6
ZAF,South Africa,1994.0,BCG,95.0,MEASLES,155.6
ZAF,South Africa,1994.0,DTPCV1,90.0,MEASLES,155.6
KWT,Kuwait,1993.0,DTPCV1,98.0,MEASLES,155.5
KWT,Kuwait,1993.0,DTPCV3,97.0,MEASLES,155.5
KWT,Kuwait,1993.0,HEPB3,91.0,MEASLES,155.5
KWT,Kuwait,1993.0,MCV1,95.0,MEASLES,155.5
KWT,Kuwait,1993.0,POL3,97.0,MEASLES,155.5
LBR,Liberia,1981.0,MCV1,99.0,TTETANUS,155.5
SDN,Sudan,2011.0,BCG,91.73,MEASLES,155.4
SDN,Sudan,2011.0,DTPCV1,99.0,MEASLES,155.4
SDN,Sudan,2011.0,DTPCV3,93.31,MEASLES,155.4
SDN,Sudan,2011.0,HEPB3,93.31,MEASLES,155.4
SDN,Sudan,2011.0,HIB3,93.31,MEASLES,155.4
SDN,Sudan,2011.0,POL3,93.29,MEASLES,155.4
SDN,Sudan,2011.0,ROTA1,91.76,MEASLES,155.4
BFA,Burkina Faso,2010.0,BCG,98.85,MEASLES,155.2
BFA,Burkina Faso,2010.0,DTPCV1,93.15,MEASLES,155.2
BFA,Burkina Faso,2010.0,DTPCV3,91.0,MEASLES,155.2
BFA,Burkina Faso,2010.0,HEPB3,91.0,MEASLES,155.2
BFA,Burkina Faso,2010.0,HIB3,91.0,MEASLES,155.2
BFA,Burkina Faso,2010.0,POL3,90.0,MEASLES,155.2
VNM,Viet Nam,1998.0,BCG,93.0,MEASLES,155.2
VNM,Viet Nam,1998.0,DTPCV1,98.0,MEASLES,155.2
VNM,Viet Nam,1998.0,DTPCV3,94.0,MEASLES,155.2
VNM,Viet Nam,1998.0,MCV1,96.0,MEASLES,155.2
VNM,Viet Nam,1998.0,POL3,94.0,MEASLES,155.2
GBR,United Kingdom of Great Britain and Northern Ireland,1995.0,DTPCV1,97.0,MEASLES,155.1
GBR,United Kingdom of Great Britain and Northern Ireland,1995.0,DTPCV3,93.33,MEASLES,155.1
GBR,United Kingdom of Great Britain and Northern Ireland,1995.0,HIB3,94.0,MEASLES,155.1
GBR,United Kingdom of Great Britain and Northern Ireland,1995.0,MCV1,92.0,MEASLES,155.1
GBR,United Kingdom of Great Britain and Northern Ireland,1995.0,POL3,94.67,MEASLES,155.1
GBR,United Kingdom of Great Britain and Northern Ireland,1995.0,RCV1,92.0,MEASLES,155.1
GBR,United Kingdom of Great Britain and Northern Ireland,1995.0,TT2PLUS,93.0,MEASLES,155.1
NLD,Netherlands (Kingdom of the),2013.0,DTPCV1,99.0,MEASLES,155.1
NLD,Netherlands (Kingdom of the),2013.0,DTPCV3,96.7,MEASLES,155.1
NLD,Netherlands (Kingdom of the),2013.0,HEPB_BD,98.57,MEASLES,155.1
NLD,Netherlands (Kingdom of the),2013.0,HIB3,96.69,MEASLES,155.1
NLD,Netherlands (Kingdom of the),2013.0,MCV1,96.0,MEASLES,155.1
NLD,Netherlands (Kingdom of the),2013.0,MCV2,92.27,MEASLES,155.1
NLD,Netherlands (Kingdom of the),2013.0,PCV3,95.85,MEASLES,155.1
NLD,Netherlands (Kingdom of the),2013.0,POL3,96.7,MEASLES,155.1
NLD,Netherlands (Kingdom of the),2013.0,RCV1,96.0,MEASLES,155.1
LBY,Libya,1993.0,BCG,99.0,MEASLES,154.9
LBY,Libya,1993.0,DTPCV1,98.0,MEASLES,154.9
LBY,Libya,1993.0,DTPCV3,96.0,MEASLES,154.9
LBY,Libya,1993.0,HEPB3,91.0,MEASLES,154.9
LBY,Libya,1993.0,MCV1,91.0,MEASLES,154.9
LBY,Libya,1993.0,POL3,96.0,MEASLES,154.9
DEU,Germany,2018.0,DIPHCV4,93.6,PERTUSSIS,154.8
DEU,Germany,2018.0,DTPCV1,98.33,PERTUSSIS,154.8
DEU,Germany,2018.0,DTPCV3,91.0,PERTUSSIS,154.8
DEU,Germany,2018.0,HIB3,91.07,PERTUSSIS,154.8
DEU,Germany,2018.0,IPV1,98.0,PERTUSSIS,154.8
DEU,Germany,2018.0,MCV1,97.07,PERTUSSIS,154.8
DEU,Germany,2018.0,MCV2,92.87,PERTUSSIS,154.8
DEU,Germany,2018.0,PERCV4,93.2,PERTUSSIS,154.8
DEU,Germany,2018.0,POL3,92.27,PERTUSSIS,154.8
DEU,Germany,2018.0,RCV1,96.93,PERTUSSIS,154.8
DEU,Germany,2018.0,TTCV4,93.8,PERTUSSIS,154.8
VNM,Viet Nam,2001.0,BCG,97.0,MEASLES,154.7
VNM,Viet Nam,2001.0,DTPCV1,99.5,MEASLES,154.7
VNM,Viet Nam,2001.0,DTPCV3,96.0,MEASLES,154.7
VNM,Viet Nam,2001.0,HEPB3,96.5,MEASLES,154.7
VNM,Viet Nam,2001.0,MCV1,98.0,MEASLES,154.7
VNM,Viet Nam,2001.0,POL3,96.0,MEASLES,154.7
LAO,Lao People's Democratic Republic,2019.0,DTPCV1,92.12,MEASLES,154.6
LAO,Lao People's Democratic Republic,2019.0,PAB,90.0,MEASLES,154.6
LAO,Lao People's Democratic Republic,2019.0,PCV1,94.74,MEASLES,154.6
LAO,Lao People's Democratic Republic,2019.0,PCV2,92.41,MEASLES,154.6
PHL,Philippines,1989.0,BCG,96.0,PERTUSSIS,154.5
PHL,Philippines,1989.0,DTPCV1,95.0,PERTUSSIS,154.5
MCO,Monaco,2003.0,DTPCV1,99.0,MUMPS,154.4
MCO,Monaco,2003.0,DTPCV1,99.0,PERTUSSIS,154.4
MCO,Monaco,2003.0,DTPCV1,99.0,RUBELLA,154.4
MCO,Monaco,2003.0,DTPCV3,99.0,MUMPS,154.4
MCO,Monaco,2003.0,DTPCV3,99.0,PERTUSSIS,154.4
MCO,Monaco,2003.0,DTPCV3,99.0,RUBELLA,154.4
MCO,Monaco,2003.0,HEPB3,99.0,MUMPS,154.4
MCO,Monaco,2003.0,HEPB3,99.0,PERTUSSIS,154.4
MCO,Monaco,2003.0,HEPB3,99.0,RUBELLA,154.4
MCO,Monaco,2003.0,HIB3,99.0,MUMPS,154.4
MCO,Monaco,2003.0,HIB3,99.0,PERTUSSIS,154.4
MCO,Monaco,2003.0,HIB3,99.0,RUBELLA,154.4
MCO,Monaco,2003.0,MCV1,97.0,MUMPS,154.4
MCO,Monaco,2003.0,MCV1,97.0,PERTUSSIS,154.4
MCO,Monaco,2003.0,MCV1,97.0,RUBELLA,154.4
MCO,Monaco,2003.0,POL3,99.0,MUMPS,154.4
MCO,Monaco,2003.0,POL3,99.0,PERTUSSIS,154.4
MCO,Monaco,2003.0,POL3,99.0,RUBELLA,154.4
MCO,Monaco,2003.0,RCV1,97.0,MUMPS,154.4
MCO,Monaco,2003.0,RCV1,97.0,PERTUSSIS,154.4
MCO,Monaco,2003.0,RCV1,97.0,RUBELLA,154.4
NAM,Namibia,2014.0,BCG,97.0,RUBELLA,154.4
NAM,Namibia,2014.0,DTPCV1,92.0,RUBELLA,154.4
MKD,North Macedonia,1999.0,BCG,95.57,MUMPS,154.3
MKD,North Macedonia,1999.0,DTPCV1,98.0,MUMPS,154.3
MKD,North Macedonia,1999.0,DTPCV3,95.0,MUMPS,154.3
MKD,North Macedonia,1999.0,MCV1,98.13,MUMPS,154.3
MKD,North Macedonia,1999.0,POL3,95.13,MUMPS,154.3
MKD,North Macedonia,1999.0,RCV1,98.0,MUMPS,154.3
ISL,Iceland,1994.0,DTPCV1,99.0,PERTUSSIS,154.1
ISL,Iceland,1994.0,DTPCV3,99.0,PERTUSSIS,154.1
ISL,Iceland,1994.0,HIB3,99.0,PERTUSSIS,154.1
ISL,Iceland,1994.0,MCV1,98.0,PERTUSSIS,154.1
ISL,Iceland,1994.0,POL3,99.0,PERTUSSIS,154.1
ISL,Iceland,1994.0,RCV1,98.0,PERTUSSIS,154.1
ISL,Iceland,1994.0,TT2PLUS,99.0,PERTUSSIS,154.1
ATG,Antigua and Barbuda,1983.0,DTPCV1,99.0,MEASLES,154.0
ATG,Antigua and Barbuda,1983.0,DTPCV3,96.33,MEASLES,154.0
ATG,Antigua and Barbuda,1983.0,POL3,99.0,MEASLES,154.0
STP,Sao Tome and Principe,1988.0,DTPCV1,91.0,TTETANUS,153.9
BEN,Benin,2009.0,BCG,93.0,MEASLES,153.6
BEN,Benin,2009.0,DTPCV3,91.67,MEASLES,153.6
BEN,Benin,2009.0,HEPB3,91.67,MEASLES,153.6
BEN,Benin,2009.0,HIB3,91.67,MEASLES,153.6
BEN,Benin,2009.0,PAB,92.0,MEASLES,153.6
BEN,Benin,2009.0,POL3,92.0,MEASLES,153.6
CHL,Chile,1991.0,BCG,99.67,MEASLES,153.6
CHL,Chile,1991.0,DTPCV1,98.0,MEASLES,153.6
CHL,Chile,1991.0,DTPCV3,94.0,MEASLES,153.6
CHL,Chile,1991.0,MCV1,99.0,MEASLES,153.6
CHL,Chile,1991.0,POL3,94.0,MEASLES,153.6
CHL,Chile,1991.0,RCV1,99.0,MEASLES,153.6
CZE,Czechia,2015.0,DTPCV1,99.0,MUMPS,153.5
CZE,Czechia,2015.0,DTPCV3,97.0,MUMPS,153.5
CZE,Czechia,2015.0,HEPB3,97.1,MUMPS,153.5
CZE,Czechia,2015.0,HIB3,97.1,MUMPS,153.5
CZE,Czechia,2015.0,IPV1,99.0,MUMPS,153.5
CZE,Czechia,2015.0,MCV1,99.0,MUMPS,153.5
CZE,Czechia,2015.0,MCV2,98.67,MUMPS,153.5
CZE,Czechia,2015.0,POL3,97.1,MUMPS,153.5
CZE,Czechia,2015.0,RCV1,98.67,MUMPS,153.5
ARG,Argentina,1985.0,BCG,90.0,PERTUSSIS,153.4
MLT,Malta,1995.0,BCG,92.0,PERTUSSIS,153.4
MLT,Malta,1995.0,DTPCV1,97.0,PERTUSSIS,153.4
MLT,Malta,1995.0,DTPCV3,92.0,PERTUSSIS,153.4
MLT,Malta,1995.0,POL3,92.0,PERTUSSIS,153.4
MLT,Malta,1995.0,TT2PLUS,92.0,PERTUSSIS,153.4
UZB,Uzbekistan,2007.0,BCG,99.0,MUMPS,153.3
UZB,Uzbekistan,2007.0,DTPCV1,95.33,MUMPS,153.3
UZB,Uzbekistan,2007.0,DTPCV3,96.0,MUMPS,153.3
UZB,Uzbekistan,2007.0,HEPB3,99.0,MUMPS,153.3
UZB,Uzbekistan,2007.0,HEPB_BD,99.3,MUMPS,153.3
UZB,Uzbekistan,2007.0,MCV1,98.67,MUMPS,153.3
UZB,Uzbekistan,2007.0,POL3,98.0,MUMPS,153.3
UZB,Uzbekistan,2007.0,RCV1,98.95,MUMPS,153.3
LVA,Latvia,2001.0,BCG,99.33,RUBELLA,153.1
LVA,Latvia,2001.0,DTPCV1,99.67,RUBELLA,153.1
LVA,Latvia,2001.0,DTPCV3,97.0,RUBELLA,153.1
LVA,Latvia,2001.0,HEPB3,94.67,RUBELLA,153.1
LVA,Latvia,2001.0,HEPB_BD,99.4,RUBELLA,153.1
LVA,Latvia,2001.0,MCV1,97.33,RUBELLA,153.1
LVA,Latvia,2001.0,MCV2,94.83,RUBELLA,153.1
LVA,Latvia,2001.0,POL3,97.0,RUBELLA,153.1
LVA,Latvia,2001.0,RCV1,98.0,RUBELLA,153.1
BGR,Bulgaria,1986.0,BCG,99.33,MEASLES,152.8
BGR,Bulgaria,1986.0,DTPCV1,99.0,MEASLES,152.8
BGR,Bulgaria,1986.0,DTPCV3,99.33,MEASLES,152.8
BGR,Bulgaria,1986.0,MCV1,99.33,MEASLES,152.8
BGR,Bulgaria,1986.0,POL3,99.67,MEASLES,152.8
KAZ,Kazakhstan,2006.0,BCG,99.0,RUBELLA,152.8
KAZ,Kazakhstan,2006.0,DTPCV1,99.0,RUBELLA,152.8
KAZ,Kazakhstan,2006.0,DTPCV3,99.67,RUBELLA,152.8
KAZ,Kazakhstan,2006.0,HEPB3,99.0,RUBELLA,152.8
KAZ,Kazakhstan,2006.0,HEPB_BD,97.13,RUBELLA,152.8
KAZ,Kazakhstan,2006.0,MCV1,99.0,RUBELLA,152.8
KAZ,Kazakhstan,2006.0,MCV2,99.0,RUBELLA,152.8
KAZ,Kazakhstan,2006.0,POL3,99.0,RUBELLA,152.8
KAZ,Kazakhstan,2006.0,RCV1,99.2,RUBELLA,152.8
FJI,Fiji,2006.0,BCG,95.0,MEASLES,152.7
FJI,Fiji,2006.0,HEPB_BD,94.0,MEASLES,152.7
FJI,Fiji,2006.0,MCV1,97.33,MEASLES,152.7
FJI,Fiji,2006.0,MCV2,97.0,MEASLES,152.7
FJI,Fiji,2006.0,PAB,93.0,MEASLES,152.7
FJI,Fiji,2006.0,RCV1,96.0,MEASLES,152.7
TCD,Chad,2022.0,BCG,92.19,RUBELLA,152.5
TCD,Chad,2022.0,DTPCV1,93.23,RUBELLA,152.5
FIN,Finland,1983.0,BCG,90.0,PERTUSSIS,152.4
FIN,Finland,1983.0,DTPCV1,97.0,PERTUSSIS,152.4
FIN,Finland,1983.0,DTPCV3,94.0,PERTUSSIS,152.4
NZL,New Zealand,2009.0,DTPCV1,94.0,PERTUSSIS,152.4
NZL,New Zealand,2009.0,DTPCV3,92.0,PERTUSSIS,152.4
NZL,New Zealand,2009.0,HEPB3,93.0,PERTUSSIS,152.4
NZL,New Zealand,2009.0,HIB3,98.0,PERTUSSIS,152.4
NZL,New Zealand,2009.0,PCV1,90.0,PERTUSSIS,152.4
NZL,New Zealand,2009.0,POL3,92.0,PERTUSSIS,152.4
SWE,Sweden,2004.0,DTPCV1,99.0,PERTUSSIS,152.4
SWE,Sweden,2004.0,DTPCV3,99.0,PERTUSSIS,152.4
SWE,Sweden,2004.0,HIB3,99.0,PERTUSSIS,152.4
SWE,Sweden,2004.0,MCV1,96.0,PERTUSSIS,152.4
SWE,Sweden,2004.0,MCV2,95.1,PERTUSSIS,152.4
SWE,Sweden,2004.0,POL3,98.8,PERTUSSIS,152.4
SWE,Sweden,2004.0,RCV1,95.25,PERTUSSIS,152.4
PHL,Philippines,1987.0,BCG,90.67,PERTUSSIS,152.3
PHL,Philippines,1987.0,DTPCV1,90.0,PERTUSSIS,152.3
USA,United States of America,2012.0,DTPCV1,97.0,PERTUSSIS,152.2
USA,United States of America,2012.0,DTPCV3,94.0,PERTUSSIS,152.2
USA,United States of America,2012.0,HEPB3,90.0,PERTUSSIS,152.2
USA,United States of America,2012.0,HIB3,93.0,PERTUSSIS,152.2
USA,United States of America,2012.0,MCV1,91.0,PERTUSSIS,152.2
USA,United States of America,2012.0,MCV2,91.0,PERTUSSIS,152.2
USA,United States of America,2012.0,PCV3,92.0,PERTUSSIS,152.2
USA,United States of America,2012.0,POL3,93.0,PERTUSSIS,152.2
USA,United States of America,2012.0,RCV1,91.0,PERTUSSIS,152.2
ESP,Spain,2006.0,DTPCV1,98.0,MUMPS,152.1
ESP,Spain,2006.0,DTPCV3,98.0,MUMPS,152.1
ESP,Spain,2006.0,HEPB3,96.97,MUMPS,152.1
ESP,Spain,2006.0,HIB3,98.0,MUMPS,152.1
ESP,Spain,2006.0,MCV1,97.0,MUMPS,152.1
ESP,Spain,2006.0,MCV2,94.07,MUMPS,152.1
ESP,Spain,2006.0,POL3,98.0,MUMPS,152.1
ESP,Spain,2006.0,RCV1,97.0,MUMPS,152.1
HRV,Croatia,1996.0,BCG,99.0,PERTUSSIS,152.1
HRV,Croatia,1996.0,DTPCV1,97.0,PERTUSSIS,152.1
HRV,Croatia,1996.0,DTPCV3,91.0,PERTUSSIS,152.1
HRV,Croatia,1996.0,MCV1,91.87,PERTUSSIS,152.1
HRV,Croatia,1996.0,MCV2,95.6,PERTUSSIS,152.1
HRV,Croatia,1996.0,POL3,91.0,PERTUSSIS,152.1
HRV,Croatia,1996.0,RCV1,91.8,PERTUSSIS,152.1
HRV,Croatia,1996.0,TT2PLUS,91.0,PERTUSSIS,152.1
DMA,Dominica,1983.0,BCG,99.67,PERTUSSIS,152.0
DMA,Dominica,1983.0,DTPCV1,97.0,PERTUSSIS,152.0
DMA,Dominica,1983.0,DTPCV3,93.0,PERTUSSIS,152.0
DMA,Dominica,1983.0,POL3,92.0,PERTUSSIS,152.0
ROU,Romania,2006.0,BCG,99.0,MEASLES,151.9
ROU,Romania,2006.0,DTPCV1,97.0,MEASLES,151.9
ROU,Romania,2006.0,DTPCV3,97.0,MEASLES,151.9
ROU,Romania,2006.0,HEPB3,99.0,MEASLES,151.9
ROU,Romania,2006.0,HEPB_BD,99.4,MEASLES,151.9
ROU,Romania,2006.0,MCV1,95.0,MEASLES,151.9
ROU,Romania,2006.0,MCV2,96.0,MEASLES,151.9
ROU,Romania,2006.0,POL3,97.0,MEASLES,151.9
ROU,Romania,2006.0,RCV1,95.0,MEASLES,151.9
RWA,Rwanda,2016.0,BCG,99.0,MUMPS,151.8
RWA,Rwanda,2016.0,DTPCV1,99.05,MUMPS,151.8
RWA,Rwanda,2016.0,DTPCV3,98.0,MUMPS,151.8
RWA,Rwanda,2016.0,HEPB3,98.0,MUMPS,151.8
RWA,Rwanda,2016.0,HIB3,98.0,MUMPS,151.8
RWA,Rwanda,2016.0,MCV1,96.49,MUMPS,151.8
RWA,Rwanda,2016.0,MCV2,90.1,MUMPS,151.8
RWA,Rwanda,2016.0,PAB,90.0,MUMPS,151.8
RWA,Rwanda,2016.0,PCV1,99.0,MUMPS,151.8
RWA,Rwanda,2016.0,PCV2,99.0,MUMPS,151.8
RWA,Rwanda,2016.0,PCV3,98.0,MUMPS,151.8
RWA,Rwanda,2016.0,POL3,99.0,MUMPS,151.8
RWA,Rwanda,2016.0,RCV1,96.49,MUMPS,151.8
RWA,Rwanda,2016.0,ROTA1,99.1,MUMPS,151.8
RWA,Rwanda,2016.0,ROTAC,98.0,MUMPS,151.8
CHL,Chile,2000.0,BCG,93.0,MUMPS,151.7
CHL,Chile,2000.0,DTPCV1,97.93,MUMPS,151.7
CHL,Chile,2000.0,DTPCV3,91.0,MUMPS,151.7
CHL,Chile,2000.0,HIB3,91.0,MUMPS,151.7
CHL,Chile,2000.0,MCV1,97.2,MUMPS,151.7
CHL,Chile,2000.0,POL3,91.0,MUMPS,151.7
CHL,Chile,2000.0,RCV1,97.0,MUMPS,151.7
DNK,Denmark,2014.0,DTPCV1,95.0,PERTUSSIS,151.5
DNK,Denmark,2014.0,DTPCV3,93.0,PERTUSSIS,151.5
DNK,Denmark,2014.0,HIB3,93.0,PERTUSSIS,151.5
DNK,Denmark,2014.0,IPV1,94.5,PERTUSSIS,151.5
DNK,Denmark,2014.0,PCV1,92.5,PERTUSSIS,151.5
DNK,Denmark,2014.0,PCV2,92.5,PERTUSSIS,151.5
DNK,Denmark,2014.0,PCV3,92.0,PERTUSSIS,151.5
DNK,Denmark,2014.0,POL3,93.0,PERTUSSIS,151.5
SWE,Sweden,2002.0,DTPCV1,99.0,PERTUSSIS,151.3
SWE,Sweden,2002.0,DTPCV3,99.0,PERTUSSIS,151.3
SWE,Sweden,2002.0,HIB3,98.1,PERTUSSIS,151.3
SWE,Sweden,2002.0,MCV1,95.0,PERTUSSIS,151.3
SWE,Sweden,2002.0,MCV2,94.0,PERTUSSIS,151.3
SWE,Sweden,2002.0,POL3,99.0,PERTUSSIS,151.3
SWE,Sweden,2002.0,RCV1,95.0,PERTUSSIS,151.3
MLT,Malta,1999.0,DTPCV1,97.0,PERTUSSIS,151.2
MLT,Malta,1999.0,DTPCV3,93.0,PERTUSSIS,151.2
MLT,Malta,1999.0,HIB3,91.0,PERTUSSIS,151.2
MLT,Malta,1999.0,POL3,93.0,PERTUSSIS,151.2
HRV,Croatia,1995.0,BCG,99.0,MEASLES,150.9
HRV,Croatia,1995.0,DTPCV1,96.0,MEASLES,150.9
HRV,Croatia,1995.0,DTPCV3,90.0,MEASLES,150.9
HRV,Croatia,1995.0,MCV1,92.0,MEASLES,150.9
HRV,Croatia,1995.0,MCV2,93.7,MEASLES,150.9
HRV,Croatia,1995.0,POL3,90.0,MEASLES,150.9
HRV,Croatia,1995.0,RCV1,92.05,MEASLES,150.9
HRV,Croatia,1995.0,TT2PLUS,90.0,MEASLES,150.9
NOR,Norway,2020.0,15HPV1_F,92.0,PERTUSSIS,150.9
NOR,Norway,2020.0,DIPHCV4,95.62,PERTUSSIS,150.9
NOR,Norway,2020.0,DIPHCV5,94.32,PERTUSSIS,150.9
NOR,Norway,2020.0,DTPCV1,98.25,PERTUSSIS,150.9
NOR,Norway,2020.0,DTPCV3,97.04,PERTUSSIS,150.9
NOR,Norway,2020.0,HEPB3,96.71,PERTUSSIS,150.9
NOR,Norway,2020.0,HIB3,97.06,PERTUSSIS,150.9
NOR,Norway,2020.0,IPV1,98.26,PERTUSSIS,150.9
NOR,Norway,2020.0,MCV1,96.8,PERTUSSIS,150.9
NOR,Norway,2020.0,MCV2,94.99,PERTUSSIS,150.9
NOR,Norway,2020.0,PCV1,98.13,PERTUSSIS,150.9
NOR,Norway,2020.0,PCV2,97.73,PERTUSSIS,150.9
NOR,Norway,2020.0,PCV3,95.92,PERTUSSIS,150.9
NOR,Norway,2020.0,PERCV4,95.57,PERTUSSIS,150.9
NOR,Norway,2020.0,POL3,97.03,PERTUSSIS,150.9
NOR,Norway,2020.0,PRHPV1_F,94.0,PERTUSSIS,150.9
NOR,Norway,2020.0,PRHPV1_M,93.0,PERTUSSIS,150.9
NOR,Norway,2020.0,PRHPVC_F,90.0,PERTUSSIS,150.9
NOR,Norway,2020.0,RCV1,96.8,PERTUSSIS,150.9
NOR,Norway,2020.0,ROTA1,95.49,PERTUSSIS,150.9
NOR,Norway,2020.0,ROTAC,95.31,PERTUSSIS,150.9
NOR,Norway,2020.0,TTCV4,95.65,PERTUSSIS,150.9
NOR,Norway,2020.0,TTCV5,94.37,PERTUSSIS,150.9
RUS,Russian Federation,1999.0,BCG,95.87,PERTUSSIS,150.9
RUS,Russian Federation,1999.0,DTPCV1,97.0,PERTUSSIS,150.9
RUS,Russian Federation,1999.0,DTPCV3,95.0,PERTUSSIS,150.9
RUS,Russian Federation,1999.0,MCV1,96.93,PERTUSSIS,150.9
RUS,Russian Federation,1999.0,POL3,97.07,PERTUSSIS,150.9
DEU,Germany,1984.0,DTPCV1,97.0,MEASLES,150.8
DEU,Germany,1984.0,DTPCV3,94.0,MEASLES,150.8
DEU,Germany,1984.0,POL3,90.0,MEASLES,150.8
DEU,Germany,2014.0,DTPCV1,98.6,PERTUSSIS,150.7
DEU,Germany,2014.0,DTPCV3,93.0,PERTUSSIS,150.7
DEU,Germany,2014.0,HIB3,92.77,PERTUSSIS,150.7
DEU,Germany,2014.0,IPV1,98.5,PERTUSSIS,150.7
DEU,Germany,2014.0,MCV1,96.8,PERTUSSIS,150.7
DEU,Germany,2014.0,MCV2,92.73,PERTUSSIS,150.7
DEU,Germany,2014.0,POL3,94.4,PERTUSSIS,150.7
DEU,Germany,2014.0,RCV1,96.6,PERTUSSIS,150.7
FIN,Finland,1986.0,DTPCV1,98.0,MEASLES,150.7
FIN,Finland,1986.0,DTPCV3,97.0,MEASLES,150.7
FIN,Finland,1986.0,POL3,95.0,MEASLES,150.7
GRC,Greece,1984.0,POL3,98.0,PERTUSSIS,150.7
SWE,Sweden,2005.0,DTPCV1,99.15,PERTUSSIS,150.6
SWE,Sweden,2005.0,DTPCV3,98.0,PERTUSSIS,150.6
SWE,Sweden,2005.0,HIB3,98.0,PERTUSSIS,150.6
SWE,Sweden,2005.0,MCV1,96.0,PERTUSSIS,150.6
SWE,Sweden,2005.0,MCV2,95.0,PERTUSSIS,150.6
SWE,Sweden,2005.0,POL3,98.0,PERTUSSIS,150.6
SWE,Sweden,2005.0,RCV1,95.7,PERTUSSIS,150.6
CAF,Central African Republic,2021.0,HEPB_BD,97.88,INVASIVE_MENING,150.2
CAF,Central African Republic,2021.0,HEPB_BDALL,97.88,INVASIVE_MENING,150.2
CAF,Central African Republic,2021.0,PCV1,97.69,INVASIVE_MENING,150.2
UGA,Uganda,1990.0,BCG,91.67,MEASLES,150.1
MDV,Maldives,2006.0,BCG,99.0,MEASLES,149.8
MDV,Maldives,2006.0,DTPCV1,98.67,MEASLES,149.8
MDV,Maldives,2006.0,DTPCV3,98.0,MEASLES,149.8
MDV,Maldives,2006.0,HEPB3,98.0,MEASLES,149.8
MDV,Maldives,2006.0,HEPB_BD,99.0,MEASLES,149.8
MDV,Maldives,2006.0,MCV1,97.0,MEASLES,149.8
MDV,Maldives,2006.0,PAB,94.0,MEASLES,149.8
MDV,Maldives,2006.0,POL3,98.0,MEASLES,149.8
MDV,Maldives,2006.0,TT2PLUS,96.5,MEASLES,149.8
ARG,Argentina,1988.0,BCG,91.0,MEASLES,149.5
ARG,Argentina,1988.0,DTPCV1,93.0,MEASLES,149.5
ARG,Argentina,1988.0,POL3,90.0,MEASLES,149.5
KOR,Republic of Korea,2023.0,BCG,97.99,MUMPS,149.5
KOR,Republic of Korea,2023.0,DIPHCV4,95.51,MUMPS,149.5
KOR,Republic of Korea,2023.0,DIPHCV5,94.56,MUMPS,149.5
KOR,Republic of Korea,2023.0,DTPCV1,97.85,MUMPS,149.5
KOR,Republic of Korea,2023.0,DTPCV3,97.67,MUMPS,149.5
KOR,Republic of Korea,2023.0,HEPB3,97.04,MUMPS,149.5
KOR,Republic of Korea,2023.0,HEPB_BD,92.47,MUMPS,149.5
KOR,Republic of Korea,2023.0,HEPB_BDALL,98.1,MUMPS,149.5
KOR,Republic of Korea,2023.0,HIB3,96.31,MUMPS,149.5
KOR,Republic of Korea,2023.0,IPV1,97.84,MUMPS,149.5
KOR,Republic of Korea,2023.0,JAPENC,92.0,MUMPS,149.5
KOR,Republic of Korea,2023.0,JAPENC_1,96.54,MUMPS,149.5
KOR,Republic of Korea,2023.0,JAPENC_C,93.84,MUMPS,149.5
KOR,Republic of Korea,2023.0,MCV1,97.0,MUMPS,149.5
KOR,Republic of Korea,2023.0,MCV2,96.08,MUMPS,149.5
KOR,Republic of Korea,2023.0,PCV1,97.86,MUMPS,149.5
KOR,Republic of Korea,2023.0,PCV2,97.74,MUMPS,149.5
KOR,Republic of Korea,2023.0,PCV3,96.19,MUMPS,149.5
KOR,Republic of Korea,2023.0,PERCV4,95.51,MUMPS,149.5
KOR,Republic of Korea,2023.0,POL3,96.99,MUMPS,149.5
KOR,Republic of Korea,2023.0,RCV1,97.0,MUMPS,149.5
KOR,Republic of Korea,2023.0,TTCV4,95.51,MUMPS,149.5
KOR,Republic of Korea,2023.0,TTCV5,94.56,MUMPS,149.5
KGZ,Kyrgyzstan,1995.0,BCG,96.27,DIPHTHERIA,149.4
KGZ,Kyrgyzstan,1995.0,DTPCV1,97.0,DIPHTHERIA,149.4
KGZ,Kyrgyzstan,1995.0,DTPCV3,93.03,DIPHTHERIA,149.4
KGZ,Kyrgyzstan,1995.0,MCV1,97.03,DIPHTHERIA,149.4
KGZ,Kyrgyzstan,1995.0,POL3,96.13,DIPHTHERIA,149.4
KGZ,Kyrgyzstan,1995.0,TT2PLUS,93.0,DIPHTHERIA,149.4
FIN,Finland,1984.0,DTPCV1,98.0,MEASLES,149.3
FIN,Finland,1984.0,DTPCV3,95.0,MEASLES,149.3
ISR,Israel,2003.0,DTPCV1,95.0,PERTUSSIS,149.2
ISR,Israel,2003.0,DTPCV3,94.33,PERTUSSIS,149.2
ISR,Israel,2003.0,HEPB3,96.0,PERTUSSIS,149.2
ISR,Israel,2003.0,HEPB_BD,96.0,PERTUSSIS,149.2
ISR,Israel,2003.0,HIB3,93.0,PERTUSSIS,149.2
ISR,Israel,2003.0,MCV1,95.67,PERTUSSIS,149.2
ISR,Israel,2003.0,MCV2,97.0,PERTUSSIS,149.2
ISR,Israel,2003.0,POL3,93.0,PERTUSSIS,149.2
ISR,Israel,2003.0,RCV1,96.0,PERTUSSIS,149.2
PYF,French Polynesia,1991.0,BCG,97.0,MEASLES,149.2
GMB,Gambia,1991.0,BCG,97.0,MEASLES,149.1
GMB,Gambia,1991.0,DTPCV1,96.0,MEASLES,149.1
GMB,Gambia,1991.0,POL3,94.0,MEASLES,149.1
STP,Sao Tome and Principe,1981.0,BCG,95.0,TTETANUS,149.1
ARG,Argentina,1993.0,BCG,99.0,MEASLES,148.9
ARG,Argentina,1993.0,DTPCV1,96.0,MEASLES,148.9
ARG,Argentina,1993.0,MCV1,95.0,MEASLES,148.9
BDI,Burundi,2002.0,BCG,92.5,MEASLES,148.9
BDI,Burundi,2002.0,DTPCV1,91.0,MEASLES,148.9
BDI,Burundi,2002.0,DTPCV3,90.33,MEASLES,148.9
TCD,Chad,2006.0,VAD1,93.0,MEASLES,148.9
CHL,Chile,2011.0,BCG,91.13,PERTUSSIS,148.8
CHL,Chile,2011.0,DTPCV1,93.67,PERTUSSIS,148.8
CHL,Chile,2011.0,DTPCV3,93.8,PERTUSSIS,148.8
CHL,Chile,2011.0,HEPB3,93.8,PERTUSSIS,148.8
CHL,Chile,2011.0,HIB3,93.86,PERTUSSIS,148.8
CHL,Chile,2011.0,MCV1,90.87,PERTUSSIS,148.8
CHL,Chile,2011.0,POL3,93.21,PERTUSSIS,148.8
CHL,Chile,2011.0,RCV1,90.87,PERTUSSIS,148.8
BLR,Belarus,1995.0,BCG,96.07,MEASLES,148.7
BLR,Belarus,1995.0,DTPCV1,98.0,MEASLES,148.7
BLR,Belarus,1995.0,DTPCV3,96.03,MEASLES,148.7
BLR,Belarus,1995.0,MCV1,92.93,MEASLES,148.7
BLR,Belarus,1995.0,POL3,96.07,MEASLES,148.7
BLR,Belarus,1995.0,TT2PLUS,96.1,MEASLES,148.7
NLD,Netherlands (Kingdom of the),1999.0,DTPCV1,99.0,MEASLES,148.6
NLD,Netherlands (Kingdom of the),1999.0,DTPCV3,97.13,MEASLES,148.6
NLD,Netherlands (Kingdom of the),1999.0,HIB3,95.73,MEASLES,148.6
NLD,Netherlands (Kingdom of the),1999.0,MCV1,95.73,MEASLES,148.6
NLD,Netherlands (Kingdom of the),1999.0,MCV2,96.0,MEASLES,148.6
NLD,Netherlands (Kingdom of the),1999.0,POL3,97.13,MEASLES,148.6
NLD,Netherlands (Kingdom of the),1999.0,RCV1,96.0,MEASLES,148.6
BGR,Bulgaria,2009.0,BCG,97.87,MUMPS,148.4
BGR,Bulgaria,2009.0,DTPCV1,95.87,MUMPS,148.4
BGR,Bulgaria,2009.0,DTPCV3,94.07,MUMPS,148.4
BGR,Bulgaria,2009.0,HEPB3,95.73,MUMPS,148.4
BGR,Bulgaria,2009.0,HEPB_BD,98.27,MUMPS,148.4
BGR,Bulgaria,2009.0,MCV1,96.03,MUMPS,148.4
BGR,Bulgaria,2009.0,MCV2,92.87,MUMPS,148.4
BGR,Bulgaria,2009.0,POL3,94.2,MUMPS,148.4
BGR,Bulgaria,2009.0,RCV1,96.07,MUMPS,148.4
GHA,Ghana,2010.0,BCG,99.5,MUMPS,148.4
GHA,Ghana,2010.0,DTPCV1,95.63,MUMPS,148.4
GHA,Ghana,2010.0,DTPCV3,93.22,MUMPS,148.4
GHA,Ghana,2010.0,HEPB3,93.22,MUMPS,148.4
GHA,Ghana,2010.0,HIB3,93.22,MUMPS,148.4
GHA,Ghana,2010.0,MCV1,92.76,MUMPS,148.4
GHA,Ghana,2010.0,POL3,93.14,MUMPS,148.4
GHA,Ghana,2010.0,YFV,92.7,MUMPS,148.4
HND,Honduras,1999.0,BCG,93.0,MUMPS,148.4
HND,Honduras,1999.0,DTPCV1,98.0,MUMPS,148.4
HND,Honduras,1999.0,DTPCV3,95.0,MUMPS,148.4
HND,Honduras,1999.0,HEPB3,95.0,MUMPS,148.4
HND,Honduras,1999.0,MCV1,98.0,MUMPS,148.4
HND,Honduras,1999.0,PAB,90.0,MUMPS,148.4
HND,Honduras,1999.0,POL3,95.0,MUMPS,148.4
HND,Honduras,1999.0,RCV1,98.0,MUMPS,148.4
LVA,Latvia,1995.0,BCG,98.33,DIPHTHERIA,148.4
LVA,Latvia,1995.0,DTPCV1,99.0,DIPHTHERIA,148.4
LVA,Latvia,1995.0,DTPCV3,95.0,DIPHTHERIA,148.4
LVA,Latvia,1995.0,POL3,95.67,DIPHTHERIA,148.4
LVA,Latvia,1995.0,TT2PLUS,93.1,DIPHTHERIA,148.4
RWA,Rwanda,1987.0,BCG,90.0,PERTUSSIS,148.3
RWA,Rwanda,1987.0,DTPCV1,96.0,PERTUSSIS,148.3
TGO,Togo,1989.0,BCG,97.33,PERTUSSIS,148.3
TGO,Togo,1989.0,DTPCV1,93.0,PERTUSSIS,148.3
QAT,Qatar,2006.0,BCG,99.67,MEASLES,148.0
QAT,Qatar,2006.0,DTPCV1,99.67,MEASLES,148.0
QAT,Qatar,2006.0,DTPCV3,96.0,MEASLES,148.0
QAT,Qatar,2006.0,HEPB3,96.0,MEASLES,148.0
QAT,Qatar,2006.0,HEPB_BD,99.67,MEASLES,148.0
QAT,Qatar,2006.0,HIB3,96.0,MEASLES,148.0
QAT,Qatar,2006.0,MCV1,99.0,MEASLES,148.0
QAT,Qatar,2006.0,POL3,95.0,MEASLES,148.0
QAT,Qatar,2006.0,RCV1,99.0,MEASLES,148.0
SAU,Saudi Arabia,1999.0,BCG,92.0,MUMPS,148.0
SAU,Saudi Arabia,1999.0,DTPCV1,94.0,MUMPS,148.0
SAU,Saudi Arabia,1999.0,DTPCV3,93.0,MUMPS,148.0
SAU,Saudi Arabia,1999.0,HEPB3,92.0,MUMPS,148.0
SAU,Saudi Arabia,1999.0,MCV1,92.0,MUMPS,148.0
SAU,Saudi Arabia,1999.0,POL3,93.0,MUMPS,148.0
SAU,Saudi Arabia,1999.0,RCV1,92.0,MUMPS,148.0
GRC,Greece,1985.0,POL3,96.0,MEASLES,147.9
NPL,Nepal,2018.0,BCG,94.68,PERTUSSIS,147.9
NPL,Nepal,2018.0,DTPCV1,93.44,PERTUSSIS,147.9
CAN,Canada,1997.0,DTPCV1,95.0,PERTUSSIS,147.7
CAN,Canada,1997.0,MCV1,96.0,PERTUSSIS,147.7
CAN,Canada,1997.0,RCV1,96.0,PERTUSSIS,147.7
CZE,Czechia,2013.0,DTPCV1,99.0,MUMPS,147.7
CZE,Czechia,2013.0,DTPCV3,98.0,MUMPS,147.7
CZE,Czechia,2013.0,HEPB3,99.11,MUMPS,147.7
CZE,Czechia,2013.0,HIB3,99.11,MUMPS,147.7
CZE,Czechia,2013.0,MCV1,99.0,MUMPS,147.7
CZE,Czechia,2013.0,MCV2,98.67,MUMPS,147.7
CZE,Czechia,2013.0,POL3,99.11,MUMPS,147.7
CZE,Czechia,2013.0,RCV1,98.76,MUMPS,147.7
CRI,Costa Rica,2009.0,DTPCV1,90.98,PERTUSSIS,147.6
NLD,Netherlands (Kingdom of the),1986.0,DTPCV1,98.0,PERTUSSIS,147.6
NLD,Netherlands (Kingdom of the),1986.0,DTPCV3,96.93,PERTUSSIS,147.6
NLD,Netherlands (Kingdom of the),1986.0,MCV1,92.8,PERTUSSIS,147.6
NLD,Netherlands (Kingdom of the),1986.0,POL3,96.93,PERTUSSIS,147.6
NLD,Netherlands (Kingdom of the),1986.0,RCV1,93.0,PERTUSSIS,147.6
VNM,Viet Nam,1991.0,BCG,91.0,MEASLES,147.6
VNM,Viet Nam,1991.0,DTPCV1,96.0,MEASLES,147.6
YEM,Yemen,2006.0,DTPCV1,90.0,PERTUSSIS,147.6
MAC,"China, Macao SAR",2018.0,BCG,99.8,MUMPS,147.2
MAC,"China, Macao SAR",2018.0,DIPHCV4,93.4,MUMPS,147.2
MAC,"China, Macao SAR",2018.0,DTPCV1,96.4,MUMPS,147.2
MAC,"China, Macao SAR",2018.0,DTPCV3,94.8,MUMPS,147.2
MAC,"China, Macao SAR",2018.0,FLU_RESIDENT,93.0,MUMPS,147.2
MAC,"China, Macao SAR",2018.0,HEPB3,95.0,MUMPS,147.2
MAC,"China, Macao SAR",2018.0,HEPB_BD,100.0,MUMPS,147.2
MAC,"China, Macao SAR",2018.0,HEPB_BDALL,100.0,MUMPS,147.2
MAC,"China, Macao SAR",2018.0,HIB3,94.1,MUMPS,147.2
MAC,"China, Macao SAR",2018.0,IPV1,96.4,MUMPS,147.2
MAC,"China, Macao SAR",2018.0,MCV1,94.9,MUMPS,147.2
MAC,"China, Macao SAR",2018.0,MCV2,93.5,MUMPS,147.2
MAC,"China, Macao SAR",2018.0,PCV1,96.2,MUMPS,147.2
MAC,"China, Macao SAR",2018.0,PCV2,95.2,MUMPS,147.2
MAC,"China, Macao SAR",2018.0,PCV3,93.9,MUMPS,147.2
MAC,"China, Macao SAR",2018.0,PERCV4,93.4,MUMPS,147.2
MAC,"China, Macao SAR",2018.0,RCV1,94.9,MUMPS,147.2
MAC,"China, Macao SAR",2018.0,TTCV4,93.2,MUMPS,147.2
PYF,French Polynesia,1990.0,BCG,96.0,MEASLES,147.2
CHL,Chile,1999.0,BCG,95.0,MUMPS,147.1
CHL,Chile,1999.0,DTPCV1,96.0,MUMPS,147.1
CHL,Chile,1999.0,DTPCV3,95.0,MUMPS,147.1
CHL,Chile,1999.0,HIB3,95.0,MUMPS,147.1
CHL,Chile,1999.0,MCV1,94.0,MUMPS,147.1
CHL,Chile,1999.0,POL3,95.0,MUMPS,147.1
CHL,Chile,1999.0,RCV1,94.0,MUMPS,147.1
GEO,Georgia,2018.0,BCG,97.0,PERTUSSIS,147.0
GEO,Georgia,2018.0,DIPHCV4,92.0,PERTUSSIS,147.0
GEO,Georgia,2018.0,DIPHCV5,92.0,PERTUSSIS,147.0
GEO,Georgia,2018.0,DTPCV1,99.0,PERTUSSIS,147.0
GEO,Georgia,2018.0,DTPCV3,93.0,PERTUSSIS,147.0
GEO,Georgia,2018.0,HEPB3,93.0,PERTUSSIS,147.0
GEO,Georgia,2018.0,HEPB_BD,96.67,PERTUSSIS,147.0
GEO,Georgia,2018.0,HEPB_BDALL,96.5,PERTUSSIS,147.0
GEO,Georgia,2018.0,HIB3,93.0,PERTUSSIS,147.0
GEO,Georgia,2018.0,IPV1,99.0,PERTUSSIS,147.0
GEO,Georgia,2018.0,MCV1,98.0,PERTUSSIS,147.0
GEO,Georgia,2018.0,MCV2,96.0,PERTUSSIS,147.0
GEO,Georgia,2018.0,PCV1,97.0,PERTUSSIS,147.0
GEO,Georgia,2018.0,PCV2,93.0,PERTUSSIS,147.0
GEO,Georgia,2018.0,PERCV4,92.0,PERTUSSIS,147.0
GEO,Georgia,2018.0,POL3,93.0,PERTUSSIS,147.0
GEO,Georgia,2018.0,RCV1,98.0,PERTUSSIS,147.0
GEO,Georgia,2018.0,TTCV4,92.0,PERTUSSIS,147.0
GEO,Georgia,2018.0,TTCV5,92.0,PERTUSSIS,147.0
TUN,Tunisia,1991.0,DTPCV1,97.0,MEASLES,147.0
TUN,Tunisia,1991.0,DTPCV3,93.0,MEASLES,147.0
TUN,Tunisia,1991.0,POL3,93.0,MEASLES,147.0
VUT,Vanuatu,2015.0,BCG,93.59,MEASLES,146.6
VUT,Vanuatu,2015.0,DTPCV1,90.38,MEASLES,146.6
OMN,Oman,1986.0,BCG,98.33,PERTUSSIS,146.5
OMN,Oman,1986.0,DTPCV1,94.0,PERTUSSIS,146.5
PYF,French Polynesia,1992.0,BCG,97.0,PERTUSSIS,146.5
PYF,French Polynesia,1992.0,DTPCV3,92.0,PERTUSSIS,146.5
PYF,French Polynesia,1992.0,MCV1,91.0,PERTUSSIS,146.5
PYF,French Polynesia,1992.0,POL3,92.0,PERTUSSIS,146.5
NZL,New Zealand,2003.0,DTPCV1,91.0,PERTUSSIS,146.4
NZL,New Zealand,2003.0,DTPCV3,90.0,PERTUSSIS,146.4
IRL,Ireland,2003.0,BCG,90.0,MEASLES,146.3
IRL,Ireland,2003.0,DTPCV1,95.0,MEASLES,146.3
SLE,Sierra Leone,2014.0,BCG,91.67,MEASLES,146.3
SLE,Sierra Leone,2014.0,ROTA1,90.5,MEASLES,146.3
SLE,Sierra Leone,2014.0,TT2PLUS,90.0,MEASLES,146.3
MDV,Maldives,2004.0,BCG,98.0,MUMPS,146.0
MDV,Maldives,2004.0,DTPCV1,98.0,MUMPS,146.0
MDV,Maldives,2004.0,DTPCV3,96.0,MUMPS,146.0
MDV,Maldives,2004.0,HEPB3,97.0,MUMPS,146.0
MDV,Maldives,2004.0,HEPB_BD,98.0,MUMPS,146.0
MDV,Maldives,2004.0,MCV1,97.0,MUMPS,146.0
MDV,Maldives,2004.0,PAB,94.0,MUMPS,146.0
MDV,Maldives,2004.0,POL3,96.0,MUMPS,146.0
MDV,Maldives,2004.0,TT2PLUS,98.0,MUMPS,146.0
THA,Thailand,2011.0,BCG,99.45,MUMPS,146.0
THA,Thailand,2011.0,DTPCV1,99.4,MUMPS,146.0
THA,Thailand,2011.0,DTPCV3,98.85,MUMPS,146.0
THA,Thailand,2011.0,HEPB3,98.15,MUMPS,146.0
THA,Thailand,2011.0,HEPB_BD,99.9,MUMPS,146.0
THA,Thailand,2011.0,JAPENC,94.6,MUMPS,146.0
THA,Thailand,2011.0,MCV1,98.05,MUMPS,146.0
THA,Thailand,2011.0,MCV2,91.1,MUMPS,146.0
THA,Thailand,2011.0,PAB,91.0,MUMPS,146.0
THA,Thailand,2011.0,POL3,98.85,MUMPS,146.0
THA,Thailand,2011.0,RCV1,98.0,MUMPS,146.0
THA,Thailand,2011.0,TT2PLUS,96.7,MUMPS,146.0
MNG,Mongolia,2014.0,BCG,99.09,MUMPS,145.9
MNG,Mongolia,2014.0,DTPCV1,98.49,MUMPS,145.9
MNG,Mongolia,2014.0,DTPCV3,97.99,MUMPS,145.9
MNG,Mongolia,2014.0,HEPB3,97.99,MUMPS,145.9
MNG,Mongolia,2014.0,HEPB_BD,97.01,MUMPS,145.9
MNG,Mongolia,2014.0,HIB3,97.99,MUMPS,145.9
MNG,Mongolia,2014.0,MCV1,96.25,MUMPS,145.9
MNG,Mongolia,2014.0,MCV2,98.08,MUMPS,145.9
MNG,Mongolia,2014.0,POL3,97.99,MUMPS,145.9
MNG,Mongolia,2014.0,RCV1,96.25,MUMPS,145.9
DOM,Dominican Republic,2018.0,BCG,99.0,MUMPS,145.8
DOM,Dominican Republic,2018.0,DTPCV1,98.0,MUMPS,145.8
DOM,Dominican Republic,2018.0,DTPCV3,91.67,MUMPS,145.8
DOM,Dominican Republic,2018.0,IPV1,97.0,MUMPS,145.8
DOM,Dominican Republic,2018.0,MCV1,93.67,MUMPS,145.8
DOM,Dominican Republic,2018.0,PAB,99.0,MUMPS,145.8
DOM,Dominican Republic,2018.0,PCV1,97.0,MUMPS,145.8
DOM,Dominican Republic,2018.0,RCV1,93.67,MUMPS,145.8
DOM,Dominican Republic,2018.0,ROTA1,92.0,MUMPS,145.8
DOM,Dominican Republic,2018.0,TT2PLUS,97.0,MUMPS,145.8
HRV,Croatia,1998.0,BCG,97.0,MEASLES,145.8
HRV,Croatia,1998.0,DTPCV1,96.0,MEASLES,145.8
HRV,Croatia,1998.0,DTPCV3,93.0,MEASLES,145.8
HRV,Croatia,1998.0,MCV1,90.97,MEASLES,145.8
HRV,Croatia,1998.0,MCV2,97.2,MEASLES,145.8
HRV,Croatia,1998.0,POL3,93.13,MEASLES,145.8
HRV,Croatia,1998.0,RCV1,90.95,MEASLES,145.8
CHL,Chile,1990.0,BCG,94.0,MEASLES,145.7
CHL,Chile,1990.0,DTPCV1,96.0,MEASLES,145.7
CHL,Chile,1990.0,DTPCV3,95.0,MEASLES,145.7
CHL,Chile,1990.0,MCV1,97.0,MEASLES,145.7
CHL,Chile,1990.0,POL3,95.0,MEASLES,145.7
CHL,Chile,1990.0,RCV1,97.0,MEASLES,145.7
VNM,Viet Nam,2019.0,BCG,96.13,MEASLES,145.7
VNM,Viet Nam,2019.0,DIPHCV4,91.09,MEASLES,145.7
VNM,Viet Nam,2019.0,DTPCV1,96.03,MEASLES,145.7
VNM,Viet Nam,2019.0,JAPENC,90.4,MEASLES,145.7
VNM,Viet Nam,2019.0,MCV1,95.2,MEASLES,145.7
VNM,Viet Nam,2019.0,MCV2,92.22,MEASLES,145.7
VNM,Viet Nam,2019.0,PAB,92.05,MEASLES,145.7
VNM,Viet Nam,2019.0,RCV1,92.22,MEASLES,145.7
VNM,Viet Nam,2019.0,VAD1,98.7,MEASLES,145.7
TKM,Turkmenistan,2001.0,BCG,99.0,MUMPS,145.4
TKM,Turkmenistan,2001.0,DTPCV1,96.0,MUMPS,145.4
TKM,Turkmenistan,2001.0,DTPCV3,95.27,MUMPS,145.4
TKM,Turkmenistan,2001.0,MCV1,97.73,MUMPS,145.4
TKM,Turkmenistan,2001.0,MCV2,93.8,MUMPS,145.4
TKM,Turkmenistan,2001.0,POL3,94.2,MUMPS,145.4
AUT,Austria,2016.0,DTPCV1,95.0,PERTUSSIS,145.3
AUT,Austria,2016.0,IPV1,95.0,PERTUSSIS,145.3
AUT,Austria,2016.0,MCV1,95.0,PERTUSSIS,145.3
AUT,Austria,2016.0,RCV1,95.0,PERTUSSIS,145.3
ERI,Eritrea,1998.0,DTPCV1,90.0,MEASLES,144.9
QAT,Qatar,1992.0,BCG,99.0,MEASLES,144.8
QAT,Qatar,1992.0,DTPCV1,96.0,MEASLES,144.8
ARG,Argentina,2009.0,BCG,99.0,MUMPS,144.7
ARG,Argentina,2009.0,DTPCV1,94.0,MUMPS,144.7
ARG,Argentina,2009.0,DTPCV3,94.13,MUMPS,144.7
ARG,Argentina,2009.0,HEPB3,94.07,MUMPS,144.7
ARG,Argentina,2009.0,HIB3,94.13,MUMPS,144.7
ARG,Argentina,2009.0,MCV1,96.0,MUMPS,144.7
ARG,Argentina,2009.0,MCV2,96.47,MUMPS,144.7
ARG,Argentina,2009.0,POL3,96.73,MUMPS,144.7
ARG,Argentina,2009.0,RCV1,98.0,MUMPS,144.7
MAC,"China, Macao SAR",2012.0,BCG,99.9,MUMPS,144.7
MAC,"China, Macao SAR",2012.0,DTPCV1,94.6,MUMPS,144.7
MAC,"China, Macao SAR",2012.0,DTPCV3,93.25,MUMPS,144.7
MAC,"China, Macao SAR",2012.0,HEPB3,93.3,MUMPS,144.7
MAC,"China, Macao SAR",2012.0,HEPB_BD,100.0,MUMPS,144.7
MAC,"China, Macao SAR",2012.0,HIB3,92.2,MUMPS,144.7
MAC,"China, Macao SAR",2012.0,MCV1,93.35,MUMPS,144.7
MAC,"China, Macao SAR",2012.0,MCV2,90.15,MUMPS,144.7
MAC,"China, Macao SAR",2012.0,PCV1,94.62,MUMPS,144.7
MAC,"China, Macao SAR",2012.0,PCV2,93.6,MUMPS,144.7
MAC,"China, Macao SAR",2012.0,PCV3,91.86,MUMPS,144.7
MAC,"China, Macao SAR",2012.0,POL3,94.01,MUMPS,144.7
MAC,"China, Macao SAR",2012.0,RCV1,92.2,MUMPS,144.7
ERI,Eritrea,1999.0,DTPCV1,97.0,MEASLES,144.6
TCD,Chad,2021.0,BCG,91.89,MEASLES,144.5
TCD,Chad,2021.0,DTPCV1,91.6,MEASLES,144.5
CHL,Chile,2001.0,BCG,98.0,MUMPS,144.2
CHL,Chile,2001.0,DTPCV1,99.27,MUMPS,144.2
CHL,Chile,2001.0,DTPCV3,97.0,MUMPS,144.2
CHL,Chile,2001.0,HIB3,97.0,MUMPS,144.2
CHL,Chile,2001.0,MCV1,96.0,MUMPS,144.2
CHL,Chile,2001.0,POL3,96.0,MUMPS,144.2
CHL,Chile,2001.0,RCV1,96.0,MUMPS,144.2
KOR,Republic of Korea,2012.0,BCG,93.99,MUMPS,144.1
KOR,Republic of Korea,2012.0,DTPCV1,98.31,MUMPS,144.1
KOR,Republic of Korea,2012.0,DTPCV3,98.13,MUMPS,144.1
KOR,Republic of Korea,2012.0,HEPB3,97.97,MUMPS,144.1
KOR,Republic of Korea,2012.0,JAPENC,95.9,MUMPS,144.1
KOR,Republic of Korea,2012.0,MCV1,97.74,MUMPS,144.1
KOR,Republic of Korea,2012.0,MCV2,95.51,MUMPS,144.1
KOR,Republic of Korea,2012.0,POL3,97.85,MUMPS,144.1
KOR,Republic of Korea,2012.0,RCV1,97.74,MUMPS,144.1
ZAF,South Africa,1996.0,BCG,95.0,MEASLES,144.1
ZAF,South Africa,1996.0,DTPCV1,90.0,MEASLES,144.1
AZE,Azerbaijan,2005.0,BCG,92.67,MEASLES,144.0
AZE,Azerbaijan,2005.0,DTPCV1,90.33,MEASLES,144.0
AZE,Azerbaijan,2005.0,HEPB_BD,92.8,MEASLES,144.0
AZE,Azerbaijan,2005.0,POL3,91.0,MEASLES,144.0
AZE,Azerbaijan,2005.0,VAD1,98.2,MEASLES,144.0
MCO,Monaco,2012.0,DTPCV1,99.0,MEASLES,144.0
MCO,Monaco,2012.0,DTPCV3,99.0,MEASLES,144.0
MCO,Monaco,2012.0,HEPB3,99.0,MEASLES,144.0
MCO,Monaco,2012.0,HIB3,99.0,MEASLES,144.0
MCO,Monaco,2012.0,MCV1,91.0,MEASLES,144.0
MCO,Monaco,2012.0,POL3,99.0,MEASLES,144.0
MCO,Monaco,2012.0,RCV1,91.0,MEASLES,144.0
PRK,Democratic People's Republic of Korea,2007.0,BCG,96.0,MEASLES,144.0
PRK,Democratic People's Republic of Korea,2007.0,DTPCV1,93.0,MEASLES,144.0
PRK,Democratic People's Republic of Korea,2007.0,DTPCV3,92.0,MEASLES,144.0
PRK,Democratic People's Republic of Korea,2007.0,HEPB3,92.0,MEASLES,144.0
PRK,Democratic People's Republic of Korea,2007.0,HEPB_BD,96.33,MEASLES,144.0
PRK,Democratic People's Republic of Korea,2007.0,MCV1,99.0,MEASLES,144.0
PRK,Democratic People's Republic of Korea,2007.0,PAB,91.0,MEASLES,144.0
PRK,Democratic People's Republic of Korea,2007.0,POL3,99.0,MEASLES,144.0
PRK,Democratic People's Republic of Korea,2007.0,TT2PLUS,96.5,MEASLES,144.0
PRK,Democratic People's Republic of Korea,2007.0,VAD1,99.9,MEASLES,144.0
VEN,Venezuela (Bolivarian Republic of),2002.0,BCG,90.0,RUBELLA,144.0
ISL,Iceland,1986.0,DTPCV1,99.0,PERTUSSIS,143.9
ISL,Iceland,1986.0,DTPCV3,99.0,PERTUSSIS,143.9
ISL,Iceland,1986.0,MCV1,95.0,PERTUSSIS,143.9
ISL,Iceland,1986.0,POL3,99.0,PERTUSSIS,143.9
ISL,Iceland,1986.0,RCV1,95.0,PERTUSSIS,143.9
AZE,Azerbaijan,2002.0,BCG,93.37,RUBELLA,143.8
AZE,Azerbaijan,2002.0,DTPCV1,92.23,RUBELLA,143.8
AZE,Azerbaijan,2002.0,DTPCV3,90.04,RUBELLA,143.8
AZE,Azerbaijan,2002.0,HEPB_BD,93.34,RUBELLA,143.8
AZE,Azerbaijan,2002.0,POL3,93.01,RUBELLA,143.8
SYC,Seychelles,1985.0,BCG,94.0,MEASLES,143.2
SYC,Seychelles,1985.0,DTPCV1,95.0,MEASLES,143.2
SYC,Seychelles,1985.0,MCV1,90.0,MEASLES,143.2
SYC,Seychelles,1985.0,RCV1,90.0,MEASLES,143.2
NPL,Nepal,2004.0,DTPCV1,90.17,PERTUSSIS,142.5
NPL,Nepal,2004.0,PAB,90.0,PERTUSSIS,142.5
NPL,Nepal,2004.0,VAD1,95.0,PERTUSSIS,142.5
GRC,Greece,1981.0,BCG,95.0,MEASLES,142.4
GRC,Greece,1981.0,DTPCV1,98.0,MEASLES,142.4
GRC,Greece,1981.0,DTPCV3,95.0,MEASLES,142.4
GRC,Greece,1981.0,POL3,95.0,MEASLES,142.4
NLD,Netherlands (Kingdom of the),1998.0,DTPCV1,99.0,PERTUSSIS,142.3
NLD,Netherlands (Kingdom of the),1998.0,DTPCV3,97.2,PERTUSSIS,142.3
NLD,Netherlands (Kingdom of the),1998.0,HIB3,95.8,PERTUSSIS,142.3
NLD,Netherlands (Kingdom of the),1998.0,MCV1,95.87,PERTUSSIS,142.3
NLD,Netherlands (Kingdom of the),1998.0,MCV2,95.7,PERTUSSIS,142.3
NLD,Netherlands (Kingdom of the),1998.0,POL3,97.2,PERTUSSIS,142.3
NLD,Netherlands (Kingdom of the),1998.0,RCV1,96.0,PERTUSSIS,142.3
QAT,Qatar,2013.0,BCG,98.33,MUMPS,142.2
QAT,Qatar,2013.0,DTPCV1,99.67,MUMPS,142.2
QAT,Qatar,2013.0,DTPCV3,97.83,MUMPS,142.2
QAT,Qatar,2013.0,HEPB3,97.83,MUMPS,142.2
QAT,Qatar,2013.0,HEPB_BD,93.9,MUMPS,142.2
QAT,Qatar,2013.0,HIB3,95.17,MUMPS,142.2
QAT,Qatar,2013.0,MCV1,97.97,MUMPS,142.2
QAT,Qatar,2013.0,MCV2,99.67,MUMPS,142.2
QAT,Qatar,2013.0,PCV1,100.0,MUMPS,142.2
QAT,Qatar,2013.0,PCV2,100.0,MUMPS,142.2
QAT,Qatar,2013.0,PCV3,99.67,MUMPS,142.2
QAT,Qatar,2013.0,POL3,99.67,MUMPS,142.2
QAT,Qatar,2013.0,RCV1,98.93,MUMPS,142.2
QAT,Qatar,2013.0,ROTA1,97.2,MUMPS,142.2
QAT,Qatar,2013.0,ROTAC,93.73,MUMPS,142.2
IRN,Iran (Islamic Republic of),2001.0,BCG,91.0,MEASLES,142.1
IRN,Iran (Islamic Republic of),2001.0,DTPCV1,96.0,MEASLES,142.1
IRN,Iran (Islamic Republic of),2001.0,DTPCV3,95.33,MEASLES,142.1
IRN,Iran (Islamic Republic of),2001.0,HEPB3,93.33,MEASLES,142.1
IRN,Iran (Islamic Republic of),2001.0,HEPB_BD,93.07,MEASLES,142.1
IRN,Iran (Islamic Republic of),2001.0,MCV1,96.0,MEASLES,142.1
IRN,Iran (Islamic Republic of),2001.0,MCV2,94.0,MEASLES,142.1
IRN,Iran (Islamic Republic of),2001.0,POL3,95.0,MEASLES,142.1
MAC,"China, Macao SAR",2013.0,BCG,99.9,MUMPS,142.0
MAC,"China, Macao SAR",2013.0,DTPCV1,94.6,MUMPS,142.0
MAC,"China, Macao SAR",2013.0,DTPCV3,93.25,MUMPS,142.0
MAC,"China, Macao SAR",2013.0,HEPB3,93.3,MUMPS,142.0
MAC,"China, Macao SAR",2013.0,HEPB_BD,100.0,MUMPS,142.0
MAC,"China, Macao SAR",2013.0,HIB3,92.2,MUMPS,142.0
MAC,"China, Macao SAR",2013.0,MCV1,93.35,MUMPS,142.0
MAC,"China, Macao SAR",2013.0,MCV2,90.15,MUMPS,142.0
MAC,"China, Macao SAR",2013.0,PCV1,94.62,MUMPS,142.0
MAC,"China, Macao SAR",2013.0,PCV2,93.6,MUMPS,142.0
MAC,"China, Macao SAR",2013.0,PCV3,91.86,MUMPS,142.0
MAC,"China, Macao SAR",2013.0,POL3,94.01,MUMPS,142.0
MAC,"China, Macao SAR",2013.0,RCV1,92.2,MUMPS,142.0
THA,Thailand,2001.0,BCG,98.23,MUMPS,142.0
THA,Thailand,2001.0,DTPCV1,98.25,MUMPS,142.0
THA,Thailand,2001.0,DTPCV3,93.89,MUMPS,142.0
THA,Thailand,2001.0,HEPB3,93.69,MUMPS,142.0
THA,Thailand,2001.0,HEPB_BD,99.0,MUMPS,142.0
THA,Thailand,2001.0,MCV1,90.6,MUMPS,142.0
THA,Thailand,2001.0,POL3,94.59,MUMPS,142.0
THA,Thailand,2001.0,RCV1,94.0,MUMPS,142.0
THA,Thailand,2001.0,TT2PLUS,92.65,MUMPS,142.0
TZA,United Republic of Tanzania,2002.0,DTPCV1,96.0,MEASLES,142.0
TZA,United Republic of Tanzania,2002.0,POL3,90.33,MEASLES,142.0
TJK,Tajikistan,2002.0,BCG,97.83,MEASLES,141.9
TJK,Tajikistan,2002.0,DTPCV1,96.67,MEASLES,141.9
TJK,Tajikistan,2002.0,DTPCV3,93.4,MEASLES,141.9
TJK,Tajikistan,2002.0,MCV1,93.73,MEASLES,141.9
TJK,Tajikistan,2002.0,POL3,92.67,MEASLES,141.9
EST,Estonia,1991.0,BCG,98.0,PERTUSSIS,141.8
FIN,Finland,1990.0,BCG,91.0,PERTUSSIS,141.8
FIN,Finland,1990.0,DTPCV1,96.0,PERTUSSIS,141.8
FIN,Finland,1990.0,DTPCV3,90.0,PERTUSSIS,141.8
FIN,Finland,1990.0,MCV1,97.0,PERTUSSIS,141.8
FIN,Finland,1990.0,POL3,90.0,PERTUSSIS,141.8
FIN,Finland,1990.0,RCV1,97.0,PERTUSSIS,141.8
ROU,Romania,2007.0,BCG,99.0,RUBELLA,141.7
ROU,Romania,2007.0,DTPCV1,97.0,RUBELLA,141.7
ROU,Romania,2007.0,DTPCV3,96.0,RUBELLA,141.7
ROU,Romania,2007.0,HEPB3,99.0,RUBELLA,141.7
ROU,Romania,2007.0,MCV1,97.0,RUBELLA,141.7
ROU,Romania,2007.0,MCV2,96.07,RUBELLA,141.7
ROU,Romania,2007.0,POL3,96.0,RUBELLA,141.7
DMA,Dominica,1988.0,BCG,98.0,MEASLES,141.6
DMA,Dominica,1988.0,DTPCV1,98.0,MEASLES,141.6
DMA,Dominica,1988.0,DTPCV3,96.0,MEASLES,141.6
DMA,Dominica,1988.0,MCV1,90.0,MEASLES,141.6
DMA,Dominica,1988.0,POL3,97.0,MEASLES,141.6
NPL,Nepal,2023.0,BCG,97.0,PERTUSSIS,141.6
NPL,Nepal,2023.0,DTPCV1,96.0,PERTUSSIS,141.6
NPL,Nepal,2023.0,DTPCV3,95.54,PERTUSSIS,141.6
NPL,Nepal,2023.0,HEPB3,95.54,PERTUSSIS,141.6
NPL,Nepal,2023.0,HIB3,95.54,PERTUSSIS,141.6
NPL,Nepal,2023.0,JAPENC,92.53,PERTUSSIS,141.6
NPL,Nepal,2023.0,MCV1,94.3,PERTUSSIS,141.6
NPL,Nepal,2023.0,MCV2,90.89,PERTUSSIS,141.6
NPL,Nepal,2023.0,PAB,93.0,PERTUSSIS,141.6
NPL,Nepal,2023.0,PCV1,95.6,PERTUSSIS,141.6
NPL,Nepal,2023.0,PCV2,94.53,PERTUSSIS,141.6
NPL,Nepal,2023.0,POL3,94.77,PERTUSSIS,141.6
NPL,Nepal,2023.0,RCV1,94.3,PERTUSSIS,141.6
NPL,Nepal,2023.0,ROTA1,96.53,PERTUSSIS,141.6
NPL,Nepal,2023.0,ROTAC,93.74,PERTUSSIS,141.6
NPL,Nepal,2023.0,VAD1,98.3,PERTUSSIS,141.6
VEN,Venezuela (Bolivarian Republic of),2002.0,BCG,90.0,MUMPS,141.6
GNQ,Equatorial Guinea,1990.0,BCG,94.0,PERTUSSIS,141.3
GNQ,Equatorial Guinea,1990.0,DTPCV1,96.0,PERTUSSIS,141.3
BTN,Bhutan,1989.0,BCG,93.0,TTETANUS,141.2
BTN,Bhutan,1989.0,DTPCV1,91.0,TTETANUS,141.2
BWA,Botswana,1981.0,DTPCV1,93.0,PERTUSSIS,141.2
ETH,Ethiopia,2021.0,PCV1,97.59,INVASIVE_MENING,141.2
ETH,Ethiopia,2021.0,ROTA1,96.56,INVASIVE_MENING,141.2
HRV,Croatia,1993.0,BCG,98.0,PERTUSSIS,140.8
HRV,Croatia,1993.0,DTPCV1,95.0,PERTUSSIS,140.8
HRV,Croatia,1993.0,MCV1,90.5,PERTUSSIS,140.8
HRV,Croatia,1993.0,MCV2,95.4,PERTUSSIS,140.8
HRV,Croatia,1993.0,RCV1,90.25,PERTUSSIS,140.8
TUN,Tunisia,1989.0,DTPCV1,97.0,MEASLES,140.7
TUN,Tunisia,1989.0,DTPCV3,92.33,MEASLES,140.7
TUN,Tunisia,1989.0,POL3,92.33,MEASLES,140.7
IRN,Iran (Islamic Republic of),2002.0,BCG,97.0,MEASLES,140.5
IRN,Iran (Islamic Republic of),2002.0,DTPCV1,99.0,MEASLES,140.5
IRN,Iran (Islamic Republic of),2002.0,DTPCV3,98.9,MEASLES,140.5
IRN,Iran (Islamic Republic of),2002.0,HEPB3,99.0,MEASLES,140.5
IRN,Iran (Islamic Republic of),2002.0,HEPB_BD,99.0,MEASLES,140.5
IRN,Iran (Islamic Republic of),2002.0,MCV1,99.5,MEASLES,140.5
IRN,Iran (Islamic Republic of),2002.0,MCV2,96.0,MEASLES,140.5
IRN,Iran (Islamic Republic of),2002.0,POL3,99.6,MEASLES,140.5
OMN,Oman,2015.0,BCG,99.5,MUMPS,140.5
OMN,Oman,2015.0,DTPCV1,99.5,MUMPS,140.5
OMN,Oman,2015.0,DTPCV3,99.46,MUMPS,140.5
OMN,Oman,2015.0,HEPB3,99.11,MUMPS,140.5
OMN,Oman,2015.0,HEPB_BD,99.5,MUMPS,140.5
OMN,Oman,2015.0,HIB3,99.11,MUMPS,140.5
OMN,Oman,2015.0,IPV1,99.5,MUMPS,140.5
OMN,Oman,2015.0,MCV1,99.54,MUMPS,140.5
OMN,Oman,2015.0,MCV2,97.6,MUMPS,140.5
OMN,Oman,2015.0,PAB,98.14,MUMPS,140.5
OMN,Oman,2015.0,PCV1,99.89,MUMPS,140.5
OMN,Oman,2015.0,PCV2,99.79,MUMPS,140.5
OMN,Oman,2015.0,PCV3,98.13,MUMPS,140.5
OMN,Oman,2015.0,POL3,99.11,MUMPS,140.5
OMN,Oman,2015.0,RCV1,99.54,MUMPS,140.5
OMN,Oman,2015.0,VAD1,99.82,MUMPS,140.5
YEM,Yemen,2021.0,PCV1,94.0,PERTUSSIS,140.2
YEM,Yemen,2021.0,ROTA1,92.0,PERTUSSIS,140.2
MAC,"China, Macao SAR",2019.0,BCG,99.2,MUMPS,140.1
MAC,"China, Macao SAR",2019.0,DIPHCV4,96.82,MUMPS,140.1
MAC,"China, Macao SAR",2019.0,DTPCV1,98.84,MUMPS,140.1
MAC,"China, Macao SAR",2019.0,DTPCV3,97.96,MUMPS,140.1
MAC,"China, Macao SAR",2019.0,FLU_RESIDENT,99.0,MUMPS,140.1
MAC,"China, Macao SAR",2019.0,HEPB3,98.03,MUMPS,140.1
MAC,"China, Macao SAR",2019.0,HEPB_BD,99.23,MUMPS,140.1
MAC,"China, Macao SAR",2019.0,HEPB_BDALL,99.23,MUMPS,140.1
MAC,"China, Macao SAR",2019.0,HIB3,97.18,MUMPS,140.1
MAC,"China, Macao SAR",2019.0,IPV1,98.84,MUMPS,140.1
MAC,"China, Macao SAR",2019.0,MCV1,97.78,MUMPS,140.1
MAC,"China, Macao SAR",2019.0,MCV2,96.16,MUMPS,140.1
MAC,"China, Macao SAR",2019.0,PCV1,98.81,MUMPS,140.1
MAC,"China, Macao SAR",2019.0,PCV2,98.09,MUMPS,140.1
MAC,"China, Macao SAR",2019.0,PCV3,97.22,MUMPS,140.1
MAC,"China, Macao SAR",2019.0,PERCV4,96.82,MUMPS,140.1
MAC,"China, Macao SAR",2019.0,POL3,97.95,MUMPS,140.1
MAC,"China, Macao SAR",2019.0,RCV1,97.78,MUMPS,140.1
MAC,"China, Macao SAR",2019.0,TTCV4,96.82,MUMPS,140.1
COL,Colombia,2015.0,DTPCV1,92.9,MUMPS,139.9
COL,Colombia,2015.0,DTPCV3,91.26,MUMPS,139.9
COL,Colombia,2015.0,HEPB3,91.26,MUMPS,139.9
COL,Colombia,2015.0,HIB3,91.26,MUMPS,139.9
COL,Colombia,2015.0,IPV1,92.06,MUMPS,139.9
COL,Colombia,2015.0,MCV1,94.01,MUMPS,139.9
COL,Colombia,2015.0,PCV1,92.75,MUMPS,139.9
COL,Colombia,2015.0,PCV2,91.4,MUMPS,139.9
COL,Colombia,2015.0,PCV3,91.02,MUMPS,139.9
COL,Colombia,2015.0,POL3,91.23,MUMPS,139.9
COL,Colombia,2015.0,RCV1,94.01,MUMPS,139.9
COL,Colombia,2015.0,ROTA1,90.39,MUMPS,139.9
COL,Colombia,2015.0,ROTAC,90.82,MUMPS,139.9
KGZ,Kyrgyzstan,2002.0,BCG,99.07,MUMPS,139.8
KGZ,Kyrgyzstan,2002.0,DTPCV1,98.93,MUMPS,139.8
KGZ,Kyrgyzstan,2002.0,DTPCV3,98.13,MUMPS,139.8
KGZ,Kyrgyzstan,2002.0,HEPB3,98.95,MUMPS,139.8
KGZ,Kyrgyzstan,2002.0,HEPB_BD,98.73,MUMPS,139.8
KGZ,Kyrgyzstan,2002.0,MCV1,98.0,MUMPS,139.8
KGZ,Kyrgyzstan,2002.0,MCV2,97.73,MUMPS,139.8
KGZ,Kyrgyzstan,2002.0,POL3,98.73,MUMPS,139.8
KGZ,Kyrgyzstan,2002.0,RCV1,98.0,MUMPS,139.8
THA,Thailand,1992.0,BCG,99.67,MEASLES,139.6
THA,Thailand,1992.0,DTPCV1,95.0,MEASLES,139.6
KIR,Kiribati,1993.0,DTPCV1,99.0,TTETANUS,139.5
KIR,Kiribati,1993.0,DTPCV3,99.67,TTETANUS,139.5
KIR,Kiribati,1993.0,POL3,99.67,TTETANUS,139.5
SRB,Serbia,2002.0,BCG,92.97,MUMPS,139.4
SRB,Serbia,2002.0,DTPCV1,94.5,MUMPS,139.4
SRB,Serbia,2002.0,DTPCV3,92.2,MUMPS,139.4
SRB,Serbia,2002.0,MCV1,92.4,MUMPS,139.4
SRB,Serbia,2002.0,POL3,92.17,MUMPS,139.4
SRB,Serbia,2002.0,RCV1,92.0,MUMPS,139.4
MAC,"China, Macao SAR",2014.0,BCG,99.9,MUMPS,139.3
MAC,"China, Macao SAR",2014.0,DTPCV1,94.95,MUMPS,139.3
MAC,"China, Macao SAR",2014.0,DTPCV3,93.1,MUMPS,139.3
MAC,"China, Macao SAR",2014.0,HEPB3,93.1,MUMPS,139.3
MAC,"China, Macao SAR",2014.0,HEPB_BD,100.0,MUMPS,139.3
MAC,"China, Macao SAR",2014.0,HIB3,92.25,MUMPS,139.3
MAC,"China, Macao SAR",2014.0,IPV1,94.9,MUMPS,139.3
MAC,"China, Macao SAR",2014.0,MCV1,93.15,MUMPS,139.3
MAC,"China, Macao SAR",2014.0,MCV2,90.6,MUMPS,139.3
MAC,"China, Macao SAR",2014.0,PAB,99.8,MUMPS,139.3
MAC,"China, Macao SAR",2014.0,PCV1,94.8,MUMPS,139.3
MAC,"China, Macao SAR",2014.0,PCV2,93.6,MUMPS,139.3
MAC,"China, Macao SAR",2014.0,PCV3,92.3,MUMPS,139.3
MAC,"China, Macao SAR",2014.0,POL3,93.3,MUMPS,139.3
MAC,"China, Macao SAR",2014.0,RCV1,93.2,MUMPS,139.3
MDA,Republic of Moldova,1991.0,BCG,98.15,MEASLES,139.3
MDA,Republic of Moldova,1991.0,MCV1,93.0,MEASLES,139.3
VCT,Saint Vincent and the Grenadines,1984.0,DTPCV1,95.0,MEASLES,139.3
VCT,Saint Vincent and the Grenadines,1984.0,MCV1,92.0,MEASLES,139.3
VCT,Saint Vincent and the Grenadines,1984.0,POL3,90.0,MEASLES,139.3
ISR,Israel,2016.0,DTPCV1,94.0,PERTUSSIS,139.2
ISR,Israel,2016.0,DTPCV3,94.0,PERTUSSIS,139.2
ISR,Israel,2016.0,HEPB3,95.0,PERTUSSIS,139.2
ISR,Israel,2016.0,HEPB_BD,95.0,PERTUSSIS,139.2
ISR,Israel,2016.0,HIB3,94.0,PERTUSSIS,139.2
ISR,Israel,2016.0,IPV1,94.0,PERTUSSIS,139.2
ISR,Israel,2016.0,MCV1,97.0,PERTUSSIS,139.2
ISR,Israel,2016.0,MCV2,97.0,PERTUSSIS,139.2
ISR,Israel,2016.0,PCV3,93.0,PERTUSSIS,139.2
ISR,Israel,2016.0,POL3,94.0,PERTUSSIS,139.2
ISR,Israel,2016.0,RCV1,97.0,PERTUSSIS,139.2
KAZ,Kazakhstan,2004.0,HEPB3,99.33,MEASLES,139.1
KAZ,Kazakhstan,2004.0,HEPB_BD,99.0,MEASLES,139.1
KAZ,Kazakhstan,2004.0,MCV1,98.93,MEASLES,139.1
KAZ,Kazakhstan,2004.0,MCV2,99.67,MEASLES,139.1
KAZ,Kazakhstan,2004.0,POL3,99.13,MEASLES,139.1
KAZ,Kazakhstan,2004.0,RCV1,99.0,MEASLES,139.1
RUS,Russian Federation,1995.0,BCG,93.27,PERTUSSIS,139.1
RUS,Russian Federation,1995.0,DTPCV1,92.0,PERTUSSIS,139.1
RUS,Russian Federation,1995.0,TT2PLUS,92.7,PERTUSSIS,139.1
CHN,China,1985.0,DTPCV1,92.0,PERTUSSIS,139.0
MAC,"China, Macao SAR",2004.0,BCG,96.2,MUMPS,138.9
MAC,"China, Macao SAR",2004.0,DTPCV1,94.6,MUMPS,138.9
MAC,"China, Macao SAR",2004.0,DTPCV3,90.2,MUMPS,138.9
MAC,"China, Macao SAR",2004.0,HEPB_BD,99.7,MUMPS,138.9
MAC,"China, Macao SAR",2004.0,MCV1,91.1,MUMPS,138.9
MAC,"China, Macao SAR",2004.0,POL3,90.2,MUMPS,138.9
MAC,"China, Macao SAR",2004.0,RCV1,90.4,MUMPS,138.9
RUS,Russian Federation,2001.0,BCG,96.22,MUMPS,138.9
RUS,Russian Federation,2001.0,DTPCV1,97.0,MUMPS,138.9
RUS,Russian Federation,2001.0,DTPCV3,95.87,MUMPS,138.9
RUS,Russian Federation,2001.0,MCV1,97.5,MUMPS,138.9
RUS,Russian Federation,2001.0,MCV2,91.83,MUMPS,138.9
RUS,Russian Federation,2001.0,POL3,96.82,MUMPS,138.9
RUS,Russian Federation,2001.0,RCV1,97.0,MUMPS,138.9
SLB,Solomon Islands,1990.0,DTPCV1,91.0,TTETANUS,138.8
CAN,Canada,2012.0,DTPCV1,97.5,PERTUSSIS,138.7
CAN,Canada,2012.0,DTPCV3,91.0,PERTUSSIS,138.7
CAN,Canada,2012.0,HIB3,90.0,PERTUSSIS,138.7
CAN,Canada,2012.0,PCV1,98.0,PERTUSSIS,138.7
CAN,Canada,2012.0,PCV2,97.0,PERTUSSIS,138.7
CAN,Canada,2012.0,POL3,91.0,PERTUSSIS,138.7
CAN,Canada,2012.0,RCV1,93.5,PERTUSSIS,138.7
GBR,United Kingdom of Great Britain and Northern Ireland,2009.0,DTPCV1,97.0,MUMPS,138.7
GBR,United Kingdom of Great Britain and Northern Ireland,2009.0,DTPCV3,93.0,MUMPS,138.7
GBR,United Kingdom of Great Britain and Northern Ireland,2009.0,HIB3,93.0,MUMPS,138.7
GBR,United Kingdom of Great Britain and Northern Ireland,2009.0,PCV1,92.0,MUMPS,138.7
GBR,United Kingdom of Great Britain and Northern Ireland,2009.0,POL3,93.0,MUMPS,138.7
MDV,Maldives,2010.0,BCG,97.0,MUMPS,138.6
MDV,Maldives,2010.0,DTPCV1,97.0,MUMPS,138.6
MDV,Maldives,2010.0,DTPCV3,96.0,MUMPS,138.6
MDV,Maldives,2010.0,HEPB3,97.0,MUMPS,138.6
MDV,Maldives,2010.0,HEPB_BD,97.0,MUMPS,138.6
MDV,Maldives,2010.0,MCV1,97.0,MUMPS,138.6
MDV,Maldives,2010.0,MCV2,96.0,MUMPS,138.6
MDV,Maldives,2010.0,PAB,95.0,MUMPS,138.6
MDV,Maldives,2010.0,POL3,97.0,MUMPS,138.6
MDV,Maldives,2010.0,RCV1,96.67,MUMPS,138.6
MDV,Maldives,2010.0,TT2PLUS,95.0,MUMPS,138.6
SVN,Slovenia,2011.0,DTPCV1,98.0,PERTUSSIS,138.6
SVN,Slovenia,2011.0,DTPCV3,96.05,PERTUSSIS,138.6
SVN,Slovenia,2011.0,HEPB3,92.0,PERTUSSIS,138.6
SVN,Slovenia,2011.0,HIB3,96.0,PERTUSSIS,138.6
SVN,Slovenia,2011.0,MCV1,95.75,PERTUSSIS,138.6
SVN,Slovenia,2011.0,MCV2,96.0,PERTUSSIS,138.6
SVN,Slovenia,2011.0,POL3,96.0,PERTUSSIS,138.6
SVN,Slovenia,2011.0,RCV1,96.0,PERTUSSIS,138.6
THA,Thailand,2007.0,BCG,99.5,MUMPS,138.6
THA,Thailand,2007.0,DTPCV1,99.0,MUMPS,138.6
THA,Thailand,2007.0,DTPCV3,98.0,MUMPS,138.6
THA,Thailand,2007.0,HEPB3,96.0,MUMPS,138.6
THA,Thailand,2007.0,HEPB_BD,99.3,MUMPS,138.6
THA,Thailand,2007.0,MCV1,96.0,MUMPS,138.6
THA,Thailand,2007.0,MCV2,94.05,MUMPS,138.6
THA,Thailand,2007.0,POL3,98.0,MUMPS,138.6
THA,Thailand,2007.0,RCV1,96.0,MUMPS,138.6
THA,Thailand,2007.0,TT2PLUS,93.3,MUMPS,138.6
GRC,Greece,1981.0,BCG,95.0,PERTUSSIS,138.5
GRC,Greece,1981.0,DTPCV1,98.0,PERTUSSIS,138.5
GRC,Greece,1981.0,DTPCV3,95.0,PERTUSSIS,138.5
GRC,Greece,1981.0,POL3,95.0,PERTUSSIS,138.5
GTM,Guatemala,2005.0,BCG,96.33,MUMPS,138.1
GTM,Guatemala,2005.0,DTPCV1,97.0,MUMPS,138.1
GTM,Guatemala,2005.0,DTPCV3,90.48,MUMPS,138.1
GTM,Guatemala,2005.0,HEPB3,91.0,MUMPS,138.1
GTM,Guatemala,2005.0,HIB3,91.0,MUMPS,138.1
GTM,Guatemala,2005.0,MCV1,93.67,MUMPS,138.1
GTM,Guatemala,2005.0,POL3,90.19,MUMPS,138.1
GTM,Guatemala,2005.0,RCV1,92.98,MUMPS,138.1
GTM,Guatemala,2005.0,TT2PLUS,92.27,MUMPS,138.1
UKR,Ukraine,1997.0,BCG,97.0,MEASLES,137.8
UKR,Ukraine,1997.0,DTPCV1,99.0,MEASLES,137.8
UKR,Ukraine,1997.0,DTPCV3,99.0,MEASLES,137.8
UKR,Ukraine,1997.0,MCV1,98.0,MEASLES,137.8
UKR,Ukraine,1997.0,POL3,99.0,MEASLES,137.8
UKR,Ukraine,1997.0,TT2PLUS,100.0,MEASLES,137.8
BFA,Burkina Faso,2002.0,BCG,90.0,MEASLES,137.5
MDA,Republic of Moldova,2023.0,BCG,96.2,PERTUSSIS,137.3
MDA,Republic of Moldova,2023.0,DIPHCV5,93.3,PERTUSSIS,137.3
MDA,Republic of Moldova,2023.0,DIPHCV6,92.8,PERTUSSIS,137.3
MDA,Republic of Moldova,2023.0,HEPB_BD,95.73,PERTUSSIS,137.3
MDA,Republic of Moldova,2023.0,HEPB_BDALL,96.3,PERTUSSIS,137.3
MDA,Republic of Moldova,2023.0,MCV2,92.87,PERTUSSIS,137.3
MDA,Republic of Moldova,2023.0,PCV1,90.1,PERTUSSIS,137.3
MDA,Republic of Moldova,2023.0,TTCV5,93.3,PERTUSSIS,137.3
MDA,Republic of Moldova,2023.0,TTCV6,92.8,PERTUSSIS,137.3
MYS,Malaysia,1988.0,BCG,99.17,MEASLES,137.2
SYR,Syrian Arab Republic,1996.0,BCG,97.0,MEASLES,137.2
SYR,Syrian Arab Republic,1996.0,DTPCV1,98.0,MEASLES,137.2
SYR,Syrian Arab Republic,1996.0,DTPCV3,93.33,MEASLES,137.2
SYR,Syrian Arab Republic,1996.0,MCV1,91.67,MEASLES,137.2
SYR,Syrian Arab Republic,1996.0,POL3,93.33,MEASLES,137.2
CZE,Czechia,2019.0,DIPHCV4,97.48,PERTUSSIS,137.0
CZE,Czechia,2019.0,DTPCV1,99.0,PERTUSSIS,137.0
CZE,Czechia,2019.0,DTPCV3,96.79,PERTUSSIS,137.0
CZE,Czechia,2019.0,HEPB3,96.79,PERTUSSIS,137.0
CZE,Czechia,2019.0,HIB3,96.79,PERTUSSIS,137.0
CZE,Czechia,2019.0,IPV1,99.0,PERTUSSIS,137.0
CZE,Czechia,2019.0,MCV1,92.29,PERTUSSIS,137.0
CZE,Czechia,2019.0,PERCV4,97.48,PERTUSSIS,137.0
CZE,Czechia,2019.0,POL3,96.79,PERTUSSIS,137.0
CZE,Czechia,2019.0,RCV1,92.29,PERTUSSIS,137.0
CZE,Czechia,2019.0,TTCV4,97.48,PERTUSSIS,137.0
MNG,Mongolia,1990.0,DTPCV1,94.0,MEASLES,136.7
MNG,Mongolia,1990.0,MCV1,92.0,MEASLES,136.7
BLZ,Belize,1990.0,BCG,90.67,MEASLES,136.6
BLZ,Belize,1990.0,DTPCV1,95.0,MEASLES,136.6
BLZ,Belize,1990.0,DTPCV3,91.0,MEASLES,136.6
NAM,Namibia,2003.0,BCG,92.0,MEASLES,136.6
MKD,North Macedonia,2007.0,BCG,95.0,MUMPS,136.4
MKD,North Macedonia,2007.0,DTPCV1,95.0,MUMPS,136.4
MKD,North Macedonia,2007.0,DTPCV3,95.0,MUMPS,136.4
MKD,North Macedonia,2007.0,HEPB3,96.0,MUMPS,136.4
MKD,North Macedonia,2007.0,HEPB_BD,90.0,MUMPS,136.4
MKD,North Macedonia,2007.0,MCV1,96.0,MUMPS,136.4
MKD,North Macedonia,2007.0,MCV2,95.07,MUMPS,136.4
MKD,North Macedonia,2007.0,POL3,96.0,MUMPS,136.4
MKD,North Macedonia,2007.0,RCV1,95.87,MUMPS,136.4
NZL,New Zealand,2011.0,DTPCV1,95.24,MEASLES,136.2
NZL,New Zealand,2011.0,DTPCV3,94.69,MEASLES,136.2
NZL,New Zealand,2011.0,HEPB3,94.7,MEASLES,136.2
NZL,New Zealand,2011.0,HIB3,94.05,MEASLES,136.2
NZL,New Zealand,2011.0,MCV1,93.17,MEASLES,136.2
NZL,New Zealand,2011.0,PCV1,93.67,MEASLES,136.2
NZL,New Zealand,2011.0,PCV3,92.27,MEASLES,136.2
NZL,New Zealand,2011.0,POL3,94.69,MEASLES,136.2
NZL,New Zealand,2011.0,RCV1,93.17,MEASLES,136.2
FIN,Finland,1991.0,BCG,99.0,PERTUSSIS,136.0
FIN,Finland,1991.0,DTPCV1,98.0,PERTUSSIS,136.0
FIN,Finland,1991.0,DTPCV3,95.0,PERTUSSIS,136.0
FIN,Finland,1991.0,MCV1,97.0,PERTUSSIS,136.0
FIN,Finland,1991.0,POL3,97.0,PERTUSSIS,136.0
FIN,Finland,1991.0,RCV1,97.0,PERTUSSIS,136.0
FIN,Finland,1991.0,TT2PLUS,95.0,PERTUSSIS,136.0
TUV,Tuvalu,1980.0,BCG,99.0,PERTUSSIS,135.8
COL,Colombia,2008.0,BCG,92.87,MUMPS,135.5
COL,Colombia,2008.0,DTPCV1,97.0,MUMPS,135.5
COL,Colombia,2008.0,DTPCV3,92.0,MUMPS,135.5
COL,Colombia,2008.0,HEPB3,92.13,MUMPS,135.5
COL,Colombia,2008.0,HEPB_BD,92.19,MUMPS,135.5
COL,Colombia,2008.0,HIB3,92.0,MUMPS,135.5
COL,Colombia,2008.0,MCV1,92.27,MUMPS,135.5
COL,Colombia,2008.0,POL3,92.0,MUMPS,135.5
COL,Colombia,2008.0,RCV1,92.27,MUMPS,135.5
ECU,Ecuador,1982.0,BCG,99.0,PERTUSSIS,135.3
CHN,China,2014.0,BCG,99.0,MUMPS,135.1
CHN,China,2014.0,DTPCV1,99.0,MUMPS,135.1
CHN,China,2014.0,DTPCV3,99.0,MUMPS,135.1
CHN,China,2014.0,HEPB3,99.0,MUMPS,135.1
CHN,China,2014.0,HEPB_BD,94.0,MUMPS,135.1
CHN,China,2014.0,JAPENC,99.0,MUMPS,135.1
CHN,China,2014.0,MCV1,99.0,MUMPS,135.1
CHN,China,2014.0,MCV2,99.0,MUMPS,135.1
CHN,China,2014.0,POL3,99.0,MUMPS,135.1
CHN,China,2014.0,RCV1,98.5,MUMPS,135.1
MAR,Morocco,1994.0,BCG,94.33,MEASLES,135.1
MAR,Morocco,1994.0,DTPCV1,92.0,MEASLES,135.1
LVA,Latvia,2003.0,BCG,97.0,RUBELLA,135.0
LVA,Latvia,2003.0,DTPCV1,98.0,RUBELLA,135.0
LVA,Latvia,2003.0,DTPCV3,98.0,RUBELLA,135.0
LVA,Latvia,2003.0,HEPB3,98.0,RUBELLA,135.0
LVA,Latvia,2003.0,HEPB_BD,97.8,RUBELLA,135.0
LVA,Latvia,2003.0,HIB3,96.0,RUBELLA,135.0
LVA,Latvia,2003.0,MCV1,98.0,RUBELLA,135.0
LVA,Latvia,2003.0,MCV2,97.0,RUBELLA,135.0
LVA,Latvia,2003.0,POL3,97.67,RUBELLA,135.0
LVA,Latvia,2003.0,RCV1,98.0,RUBELLA,135.0
BEL,Belgium,2017.0,DTPCV1,99.05,PERTUSSIS,134.9
BEL,Belgium,2017.0,DTPCV3,97.9,PERTUSSIS,134.9
BEL,Belgium,2017.0,HEPB3,97.1,PERTUSSIS,134.9
BEL,Belgium,2017.0,HIB3,97.2,PERTUSSIS,134.9
BEL,Belgium,2017.0,IPV1,99.25,PERTUSSIS,134.9
BEL,Belgium,2017.0,MCV1,95.85,PERTUSSIS,134.9
BEL,Belgium,2017.0,PCV1,97.9,PERTUSSIS,134.9
BEL,Belgium,2017.0,PCV2,97.0,PERTUSSIS,134.9
BEL,Belgium,2017.0,PCV3,93.8,PERTUSSIS,134.9
BEL,Belgium,2017.0,POL3,98.1,PERTUSSIS,134.9
BEL,Belgium,2017.0,RCV1,95.85,PERTUSSIS,134.9
BIH,Bosnia and Herzegovina,2009.0,BCG,97.0,RUBELLA,134.8
BIH,Bosnia and Herzegovina,2009.0,DTPCV1,95.0,RUBELLA,134.8
BIH,Bosnia and Herzegovina,2009.0,DTPCV3,90.0,RUBELLA,134.8
BIH,Bosnia and Herzegovina,2009.0,HEPB3,90.0,RUBELLA,134.8
BIH,Bosnia and Herzegovina,2009.0,HEPB_BD,97.0,RUBELLA,134.8
BIH,Bosnia and Herzegovina,2009.0,MCV1,93.0,RUBELLA,134.8
BIH,Bosnia and Herzegovina,2009.0,POL3,90.0,RUBELLA,134.8
BIH,Bosnia and Herzegovina,2009.0,RCV1,93.0,RUBELLA,134.8
SEN,Senegal,1990.0,BCG,90.33,PERTUSSIS,134.8
ARG,Argentina,2022.0,15HPV1_F,93.0,MUMPS,134.7
ARG,Argentina,2022.0,DIPHCV5,96.23,MUMPS,134.7
ARG,Argentina,2022.0,IPV1,90.25,MUMPS,134.7
ARG,Argentina,2022.0,MCV2,94.13,MUMPS,134.7
ARG,Argentina,2022.0,TTCV5,96.23,MUMPS,134.7
BDI,Burundi,2020.0,DTPCV1,98.0,MEASLES,134.7
BDI,Burundi,2020.0,DTPCV3,94.82,MEASLES,134.7
BDI,Burundi,2020.0,HEPB3,94.82,MEASLES,134.7
BDI,Burundi,2020.0,HIB3,94.82,MEASLES,134.7
BDI,Burundi,2020.0,IPV1,98.11,MEASLES,134.7
BDI,Burundi,2020.0,JAPENC,92.0,MEASLES,134.7
BDI,Burundi,2020.0,MCV1,92.59,MEASLES,134.7
BDI,Burundi,2020.0,PAB,90.0,MEASLES,134.7
BDI,Burundi,2020.0,PCV1,98.0,MEASLES,134.7
BDI,Burundi,2020.0,PCV2,96.0,MEASLES,134.7
BDI,Burundi,2020.0,PCV3,94.78,MEASLES,134.7
BDI,Burundi,2020.0,POL3,94.01,MEASLES,134.7
BDI,Burundi,2020.0,RCV1,92.59,MEASLES,134.7
BDI,Burundi,2020.0,ROTA1,98.0,MEASLES,134.7
BDI,Burundi,2020.0,ROTAC,96.0,MEASLES,134.7
BDI,Burundi,2020.0,VAD1,99.58,MEASLES,134.7
EGY,Egypt,2007.0,BCG,98.33,RUBELLA,134.7
EGY,Egypt,2007.0,DTPCV1,98.0,RUBELLA,134.7
EGY,Egypt,2007.0,DTPCV3,98.0,RUBELLA,134.7
EGY,Egypt,2007.0,HEPB3,98.0,RUBELLA,134.7
EGY,Egypt,2007.0,MCV1,97.33,RUBELLA,134.7
EGY,Egypt,2007.0,MCV2,97.11,RUBELLA,134.7
EGY,Egypt,2007.0,POL3,98.0,RUBELLA,134.7
EGY,Egypt,2007.0,RCV1,97.0,RUBELLA,134.7
FSM,Micronesia (Federated States of),1998.0,DTPCV1,91.0,PERTUSSIS,134.7
CHE,Switzerland,2007.0,DTPCV1,95.0,MEASLES,134.5
CHE,Switzerland,2007.0,DTPCV3,94.0,MEASLES,134.5
CHE,Switzerland,2007.0,HIB3,93.0,MEASLES,134.5
CHE,Switzerland,2007.0,POL3,94.0,MEASLES,134.5
NOR,Norway,1987.0,DTPCV1,93.0,MEASLES,134.5
KOR,Republic of Korea,2009.0,BCG,96.1,MUMPS,134.4
KOR,Republic of Korea,2009.0,DTPCV1,95.97,MUMPS,134.4
KOR,Republic of Korea,2009.0,DTPCV3,93.97,MUMPS,134.4
KOR,Republic of Korea,2009.0,HEPB3,94.0,MUMPS,134.4
KOR,Republic of Korea,2009.0,HEPB_BD,94.9,MUMPS,134.4
KOR,Republic of Korea,2009.0,MCV1,92.9,MUMPS,134.4
KOR,Republic of Korea,2009.0,MCV2,99.63,MUMPS,134.4
KOR,Republic of Korea,2009.0,POL3,95.07,MUMPS,134.4
KOR,Republic of Korea,2009.0,RCV1,92.9,MUMPS,134.4
AUS,Australia,2020.0,DIPHCV4,93.82,PERTUSSIS,134.3
AUS,Australia,2020.0,DIPHCV5,95.75,PERTUSSIS,134.3
AUS,Australia,2020.0,DTPCV1,98.0,PERTUSSIS,134.3
AUS,Australia,2020.0,DTPCV3,95.25,PERTUSSIS,134.3
AUS,Australia,2020.0,HEPB3,95.22,PERTUSSIS,134.3
AUS,Australia,2020.0,HIB3,95.17,PERTUSSIS,134.3
AUS,Australia,2020.0,IPV1,98.0,PERTUSSIS,134.3
AUS,Australia,2020.0,MCV1,93.0,PERTUSSIS,134.3
AUS,Australia,2020.0,MCV2,94.12,PERTUSSIS,134.3
AUS,Australia,2020.0,PCV3,96.73,PERTUSSIS,134.3
AUS,Australia,2020.0,PERCV4,93.82,PERTUSSIS,134.3
AUS,Australia,2020.0,POL3,95.24,PERTUSSIS,134.3
AUS,Australia,2020.0,RCV1,93.0,PERTUSSIS,134.3
AUS,Australia,2020.0,ROTAC,93.0,PERTUSSIS,134.3
AUS,Australia,2020.0,TTCV4,93.82,PERTUSSIS,134.3
AUS,Australia,2020.0,TTCV5,95.75,PERTUSSIS,134.3
LTU,Lithuania,2001.0,BCG,99.2,MUMPS,134.2
LTU,Lithuania,2001.0,DTPCV1,98.33,MUMPS,134.2
LTU,Lithuania,2001.0,DTPCV3,94.73,MUMPS,134.2
LTU,Lithuania,2001.0,HEPB3,94.87,MUMPS,134.2
LTU,Lithuania,2001.0,HEPB_BD,99.13,MUMPS,134.2
LTU,Lithuania,2001.0,MCV1,97.27,MUMPS,134.2
LTU,Lithuania,2001.0,MCV2,96.0,MUMPS,134.2
LTU,Lithuania,2001.0,POL3,97.27,MUMPS,134.2
LTU,Lithuania,2001.0,RCV1,97.0,MUMPS,134.2
GRC,Greece,1999.0,DTPCV1,96.0,RUBELLA,134.1
BEL,Belgium,2014.0,DTPCV1,99.31,PERTUSSIS,133.9
BEL,Belgium,2014.0,DTPCV3,98.93,PERTUSSIS,133.9
BEL,Belgium,2014.0,HEPB3,97.9,PERTUSSIS,133.9
BEL,Belgium,2014.0,HIB3,98.18,PERTUSSIS,133.9
BEL,Belgium,2014.0,IPV1,99.66,PERTUSSIS,133.9
BEL,Belgium,2014.0,MCV1,95.78,PERTUSSIS,133.9
BEL,Belgium,2014.0,PCV1,98.29,PERTUSSIS,133.9
BEL,Belgium,2014.0,PCV2,97.21,PERTUSSIS,133.9
BEL,Belgium,2014.0,PCV3,93.16,PERTUSSIS,133.9
BEL,Belgium,2014.0,POL3,98.99,PERTUSSIS,133.9
BEL,Belgium,2014.0,RCV1,95.78,PERTUSSIS,133.9
CZE,Czechia,2017.0,DTPCV1,99.0,MUMPS,133.5
CZE,Czechia,2017.0,DTPCV3,96.0,MUMPS,133.5
CZE,Czechia,2017.0,HEPB3,94.28,MUMPS,133.5
CZE,Czechia,2017.0,HEPB_BD,100.0,MUMPS,133.5
CZE,Czechia,2017.0,HEPB_BDALL,100.0,MUMPS,133.5
CZE,Czechia,2017.0,HIB3,94.28,MUMPS,133.5
CZE,Czechia,2017.0,IPV1,99.0,MUMPS,133.5
CZE,Czechia,2017.0,MCV1,96.99,MUMPS,133.5
CZE,Czechia,2017.0,POL3,94.28,MUMPS,133.5
CZE,Czechia,2017.0,RCV1,96.99,MUMPS,133.5
AZE,Azerbaijan,1999.0,BCG,93.33,MEASLES,133.4
AZE,Azerbaijan,1999.0,DTPCV1,93.67,MEASLES,133.4
AZE,Azerbaijan,1999.0,DTPCV3,91.0,MEASLES,133.4
AZE,Azerbaijan,1999.0,POL3,91.33,MEASLES,133.4
MAC,"China, Macao SAR",1994.0,BCG,93.0,MEASLES,133.3
THA,Thailand,2005.0,BCG,99.5,MUMPS,133.2
THA,Thailand,2005.0,DTPCV1,99.0,MUMPS,133.2
THA,Thailand,2005.0,DTPCV3,98.0,MUMPS,133.2
THA,Thailand,2005.0,HEPB3,96.0,MUMPS,133.2
THA,Thailand,2005.0,HEPB_BD,99.3,MUMPS,133.2
THA,Thailand,2005.0,MCV1,96.0,MUMPS,133.2
THA,Thailand,2005.0,MCV2,95.0,MUMPS,133.2
THA,Thailand,2005.0,POL3,98.0,MUMPS,133.2
THA,Thailand,2005.0,RCV1,96.0,MUMPS,133.2
THA,Thailand,2005.0,TT2PLUS,93.3,MUMPS,133.2
GRC,Greece,1991.0,BCG,90.0,MEASLES,133.0
GRC,Greece,1991.0,DTPCV1,95.0,MEASLES,133.0
JPN,Japan,2019.0,BCG,97.65,PERTUSSIS,133.0
JPN,Japan,2019.0,DTPCV1,98.07,PERTUSSIS,133.0
JPN,Japan,2019.0,DTPCV3,98.1,PERTUSSIS,133.0
JPN,Japan,2019.0,HEPB3,99.4,PERTUSSIS,133.0
JPN,Japan,2019.0,HIB3,97.8,PERTUSSIS,133.0
JPN,Japan,2019.0,IPV1,97.73,PERTUSSIS,133.0
JPN,Japan,2019.0,JAPENC_C,92.8,PERTUSSIS,133.0
JPN,Japan,2019.0,MCV1,96.0,PERTUSSIS,133.0
JPN,Japan,2019.0,MCV2,93.27,PERTUSSIS,133.0
JPN,Japan,2019.0,PCV1,99.0,PERTUSSIS,133.0
JPN,Japan,2019.0,PCV2,98.4,PERTUSSIS,133.0
JPN,Japan,2019.0,PCV3,96.8,PERTUSSIS,133.0
JPN,Japan,2019.0,POL3,98.15,PERTUSSIS,133.0
JPN,Japan,2019.0,RCV1,96.0,PERTUSSIS,133.0
LBY,Libya,2018.0,BCG,91.33,PERTUSSIS,132.9
LBY,Libya,2018.0,DIPHCV4,96.15,PERTUSSIS,132.9
LBY,Libya,2018.0,DIPHCV5,97.0,PERTUSSIS,132.9
LBY,Libya,2018.0,DIPHCV6,97.0,PERTUSSIS,132.9
LBY,Libya,2018.0,DTPCV1,90.37,PERTUSSIS,132.9
LBY,Libya,2018.0,HEPB_BDALL,100.0,PERTUSSIS,132.9
LBY,Libya,2018.0,IPV1,90.37,PERTUSSIS,132.9
LBY,Libya,2018.0,PCV1,98.55,PERTUSSIS,132.9
LBY,Libya,2018.0,PCV2,97.7,PERTUSSIS,132.9
LBY,Libya,2018.0,PERCV4,96.15,PERTUSSIS,132.9
LBY,Libya,2018.0,ROTA1,98.55,PERTUSSIS,132.9
LBY,Libya,2018.0,TTCV4,96.15,PERTUSSIS,132.9
LBY,Libya,2018.0,TTCV5,97.0,PERTUSSIS,132.9
LBY,Libya,2018.0,TTCV6,97.0,PERTUSSIS,132.9
TUR,Türkiye,2008.0,BCG,96.0,MUMPS,132.9
TUR,Türkiye,2008.0,DTPCV1,97.0,MUMPS,132.9
TUR,Türkiye,2008.0,DTPCV3,96.0,MUMPS,132.9
TUR,Türkiye,2008.0,HEPB3,92.0,MUMPS,132.9
TUR,Türkiye,2008.0,HEPB_BD,96.0,MUMPS,132.9
TUR,Türkiye,2008.0,HIB3,96.0,MUMPS,132.9
TUR,Türkiye,2008.0,MCV1,97.0,MUMPS,132.9
TUR,Türkiye,2008.0,MCV2,92.33,MUMPS,132.9
TUR,Türkiye,2008.0,POL3,96.0,MUMPS,132.9
TUR,Türkiye,2008.0,RCV1,97.0,MUMPS,132.9
WLF,Wallis and Futuna,2003.0,DTPCV1,100.0,MUMPS,132.9
WLF,Wallis and Futuna,2003.0,DTPCV3,100.0,MUMPS,132.9
WLF,Wallis and Futuna,2003.0,HEPB3,100.0,MUMPS,132.9
WLF,Wallis and Futuna,2003.0,HEPB_BD,100.0,MUMPS,132.9
WLF,Wallis and Futuna,2003.0,HIB3,100.0,MUMPS,132.9
WLF,Wallis and Futuna,2003.0,MCV1,100.0,MUMPS,132.9
WLF,Wallis and Futuna,2003.0,POL3,100.0,MUMPS,132.9
BLR,Belarus,1991.0,BCG,94.15,MEASLES,132.5
BLR,Belarus,1991.0,MCV1,94.95,MEASLES,132.5
BLR,Belarus,1991.0,POL3,90.05,MEASLES,132.5
UKR,Ukraine,1993.0,DTPCV1,97.0,PERTUSSIS,132.5
UKR,Ukraine,1993.0,DTPCV3,93.0,PERTUSSIS,132.5
UKR,Ukraine,1993.0,MCV1,94.0,PERTUSSIS,132.5
UKR,Ukraine,1993.0,POL3,91.0,PERTUSSIS,132.5
UKR,Ukraine,1993.0,TT2PLUS,93.0,PERTUSSIS,132.5
PSE,"occupied Palestinian territory, including east Jerusalem",2019.0,BCG,99.5,MUMPS,132.3
PSE,"occupied Palestinian territory, including east Jerusalem",2019.0,DIPHCV4,100.0,MUMPS,132.3
PSE,"occupied Palestinian territory, including east Jerusalem",2019.0,DIPHCV5,100.0,MUMPS,132.3
PSE,"occupied Palestinian territory, including east Jerusalem",2019.0,DIPHCV6,100.0,MUMPS,132.3
PSE,"occupied Palestinian territory, including east Jerusalem",2019.0,DTPCV1,99.5,MUMPS,132.3
PSE,"occupied Palestinian territory, including east Jerusalem",2019.0,DTPCV3,99.5,MUMPS,132.3
PSE,"occupied Palestinian territory, including east Jerusalem",2019.0,HEPB3,99.5,MUMPS,132.3
PSE,"occupied Palestinian territory, including east Jerusalem",2019.0,HEPB_BD,99.5,MUMPS,132.3
PSE,"occupied Palestinian territory, including east Jerusalem",2019.0,HEPB_BDALL,100.0,MUMPS,132.3
PSE,"occupied Palestinian territory, including east Jerusalem",2019.0,HIB3,99.5,MUMPS,132.3
PSE,"occupied Palestinian territory, including east Jerusalem",2019.0,IPV1,99.0,MUMPS,132.3
PSE,"occupied Palestinian territory, including east Jerusalem",2019.0,IPV1_FRAC,100.0,MUMPS,132.3
PSE,"occupied Palestinian territory, including east Jerusalem",2019.0,IPV2_FRAC,100.0,MUMPS,132.3
PSE,"occupied Palestinian territory, including east Jerusalem",2019.0,MCV1,99.5,MUMPS,132.3
PSE,"occupied Palestinian territory, including east Jerusalem",2019.0,MCV2,99.5,MUMPS,132.3
PSE,"occupied Palestinian territory, including east Jerusalem",2019.0,PCV1,100.0,MUMPS,132.3
PSE,"occupied Palestinian territory, including east Jerusalem",2019.0,PCV2,100.0,MUMPS,132.3
PSE,"occupied Palestinian territory, including east Jerusalem",2019.0,PCV3,99.5,MUMPS,132.3
PSE,"occupied Palestinian territory, including east Jerusalem",2019.0,PERCV4,100.0,MUMPS,132.3
PSE,"occupied Palestinian territory, including east Jerusalem",2019.0,POL3,99.5,MUMPS,132.3
PSE,"occupied Palestinian territory, including east Jerusalem",2019.0,RCV1,99.5,MUMPS,132.3
PSE,"occupied Palestinian territory, including east Jerusalem",2019.0,ROTA1,100.0,MUMPS,132.3
PSE,"occupied Palestinian territory, including east Jerusalem",2019.0,ROTAC,99.6,MUMPS,132.3
PSE,"occupied Palestinian territory, including east Jerusalem",2019.0,TTCV4,100.0,MUMPS,132.3
PSE,"occupied Palestinian territory, including east Jerusalem",2019.0,TTCV5,100.0,MUMPS,132.3
PSE,"occupied Palestinian territory, including east Jerusalem",2019.0,TTCV6,100.0,MUMPS,132.3
DJI,Djibouti,2008.0,BCG,90.0,RUBELLA,132.2
DJI,Djibouti,2008.0,DTPCV1,90.0,RUBELLA,132.2
PYF,French Polynesia,2018.0,BCG,96.4,PERTUSSIS,132.2
PYF,French Polynesia,2018.0,DIPHCV4,98.85,PERTUSSIS,132.2
PYF,French Polynesia,2018.0,DIPHCV5,98.85,PERTUSSIS,132.2
PYF,French Polynesia,2018.0,DIPHCV6,98.0,PERTUSSIS,132.2
PYF,French Polynesia,2018.0,DTPCV1,98.85,PERTUSSIS,132.2
PYF,French Polynesia,2018.0,DTPCV3,98.85,PERTUSSIS,132.2
PYF,French Polynesia,2018.0,HEPB3,97.0,PERTUSSIS,132.2
PYF,French Polynesia,2018.0,HEPB_BD,97.6,PERTUSSIS,132.2
PYF,French Polynesia,2018.0,HEPB_BDALL,97.3,PERTUSSIS,132.2
PYF,French Polynesia,2018.0,HIB3,99.0,PERTUSSIS,132.2
PYF,French Polynesia,2018.0,IPV1,98.0,PERTUSSIS,132.2
PYF,French Polynesia,2018.0,MCV1,97.25,PERTUSSIS,132.2
PYF,French Polynesia,2018.0,MCV2,97.25,PERTUSSIS,132.2
PYF,French Polynesia,2018.0,PCV1,94.0,PERTUSSIS,132.2
PYF,French Polynesia,2018.0,PCV2,94.0,PERTUSSIS,132.2
PYF,French Polynesia,2018.0,PCV3,94.0,PERTUSSIS,132.2
PYF,French Polynesia,2018.0,PERCV4,98.0,PERTUSSIS,132.2
PYF,French Polynesia,2018.0,RCV1,97.25,PERTUSSIS,132.2
PYF,French Polynesia,2018.0,TTCV4,98.0,PERTUSSIS,132.2
PYF,French Polynesia,2018.0,TTCV5,98.0,PERTUSSIS,132.2
PYF,French Polynesia,2018.0,TTCV6,98.0,PERTUSSIS,132.2
ARM,Armenia,1990.0,MCV1,95.0,PERTUSSIS,132.0
ARM,Armenia,1990.0,POL3,93.0,PERTUSSIS,132.0
YEM,Yemen,2021.0,PCV1,94.0,MEASLES,132.0
YEM,Yemen,2021.0,ROTA1,92.0,MEASLES,132.0
LTU,Lithuania,2001.0,BCG,99.2,RUBELLA,131.9
LTU,Lithuania,2001.0,DTPCV1,98.33,RUBELLA,131.9
LTU,Lithuania,2001.0,DTPCV3,94.73,RUBELLA,131.9
LTU,Lithuania,2001.0,HEPB3,94.87,RUBELLA,131.9
LTU,Lithuania,2001.0,HEPB_BD,99.13,RUBELLA,131.9
LTU,Lithuania,2001.0,MCV1,97.27,RUBELLA,131.9
LTU,Lithuania,2001.0,MCV2,96.0,RUBELLA,131.9
LTU,Lithuania,2001.0,POL3,97.27,RUBELLA,131.9
LTU,Lithuania,2001.0,RCV1,97.0,RUBELLA,131.9
SLB,Solomon Islands,1991.0,DTPCV1,91.0,MEASLES,131.7
BLZ,Belize,2012.0,BCG,97.99,PERTUSSIS,131.6
BLZ,Belize,2012.0,DTPCV1,97.07,PERTUSSIS,131.6
BLZ,Belize,2012.0,DTPCV3,98.14,PERTUSSIS,131.6
BLZ,Belize,2012.0,HEPB3,98.14,PERTUSSIS,131.6
BLZ,Belize,2012.0,HIB3,98.14,PERTUSSIS,131.6
BLZ,Belize,2012.0,MCV1,96.32,PERTUSSIS,131.6
BLZ,Belize,2012.0,MCV2,92.96,PERTUSSIS,131.6
BLZ,Belize,2012.0,POL3,98.15,PERTUSSIS,131.6
BLZ,Belize,2012.0,RCV1,96.32,PERTUSSIS,131.6
BLZ,Belize,2012.0,VAD1,97.2,PERTUSSIS,131.6
ISR,Israel,2019.0,DIPHCV4,95.9,MEASLES,131.6
ISR,Israel,2019.0,DIPHCV5,95.85,MEASLES,131.6
ISR,Israel,2019.0,DIPHCV6,94.8,MEASLES,131.6
ISR,Israel,2019.0,DTPCV1,99.5,MEASLES,131.6
ISR,Israel,2019.0,DTPCV3,98.03,MEASLES,131.6
ISR,Israel,2019.0,HEPB3,96.6,MEASLES,131.6
ISR,Israel,2019.0,HEPB_BD,95.0,MEASLES,131.6
ISR,Israel,2019.0,HEPB_BDALL,99.1,MEASLES,131.6
ISR,Israel,2019.0,HIB3,98.0,MEASLES,131.6
ISR,Israel,2019.0,IPV1,99.57,MEASLES,131.6
ISR,Israel,2019.0,MCV1,98.97,MEASLES,131.6
ISR,Israel,2019.0,MCV2,97.2,MEASLES,131.6
ISR,Israel,2019.0,PCV1,96.8,MEASLES,131.6
ISR,Israel,2019.0,PCV2,97.2,MEASLES,131.6
ISR,Israel,2019.0,PCV3,94.83,MEASLES,131.6
ISR,Israel,2019.0,PERCV4,95.9,MEASLES,131.6
ISR,Israel,2019.0,POL3,98.07,MEASLES,131.6
ISR,Israel,2019.0,RCV1,98.97,MEASLES,131.6
ISR,Israel,2019.0,ROTA1,92.1,MEASLES,131.6
ISR,Israel,2019.0,TTCV4,95.9,MEASLES,131.6
ISR,Israel,2019.0,TTCV5,95.85,MEASLES,131.6
ISR,Israel,2019.0,TTCV6,94.8,MEASLES,131.6
SLV,El Salvador,1999.0,DTPCV3,94.0,MUMPS,131.6
SLV,El Salvador,1999.0,MCV1,94.0,MUMPS,131.6
SLV,El Salvador,1999.0,POL3,92.0,MUMPS,131.6
SLV,El Salvador,1999.0,RCV1,94.0,MUMPS,131.6
ISR,Israel,2008.0,DTPCV1,94.0,MEASLES,131.4
ISR,Israel,2008.0,DTPCV3,94.0,MEASLES,131.4
ISR,Israel,2008.0,HEPB3,99.0,MEASLES,131.4
ISR,Israel,2008.0,HEPB_BD,99.0,MEASLES,131.4
ISR,Israel,2008.0,HIB3,94.0,MEASLES,131.4
ISR,Israel,2008.0,MCV1,98.0,MEASLES,131.4
ISR,Israel,2008.0,MCV2,91.0,MEASLES,131.4
ISR,Israel,2008.0,POL3,94.0,MEASLES,131.4
ISR,Israel,2008.0,RCV1,98.0,MEASLES,131.4
UKR,Ukraine,1990.0,BCG,91.0,MEASLES,131.4
ARG,Argentina,2011.0,BCG,99.0,MUMPS,131.3
ARG,Argentina,2011.0,DTPCV1,94.27,MUMPS,131.3
ARG,Argentina,2011.0,DTPCV3,91.0,MUMPS,131.3
ARG,Argentina,2011.0,HEPB3,91.0,MUMPS,131.3
ARG,Argentina,2011.0,HIB3,91.0,MUMPS,131.3
ARG,Argentina,2011.0,MCV1,95.13,MUMPS,131.3
ARG,Argentina,2011.0,MCV2,90.8,MUMPS,131.3
ARG,Argentina,2011.0,POL3,92.92,MUMPS,131.3
ARG,Argentina,2011.0,RCV1,95.28,MUMPS,131.3
CAN,Canada,2000.0,DTPCV1,95.0,PERTUSSIS,131.2
CAN,Canada,2000.0,MCV1,96.0,PERTUSSIS,131.2
CAN,Canada,2000.0,RCV1,96.0,PERTUSSIS,131.2
ERI,Eritrea,2017.0,PAB,98.95,RUBELLA,131.1
ERI,Eritrea,2017.0,VAD1,95.0,RUBELLA,131.1
CHN,China,2015.0,BCG,99.44,MUMPS,131.0
CHN,China,2015.0,DTPCV1,99.32,MUMPS,131.0
CHN,China,2015.0,DTPCV3,99.33,MUMPS,131.0
CHN,China,2015.0,HEPB3,99.29,MUMPS,131.0
CHN,China,2015.0,HEPB_BD,95.81,MUMPS,131.0
CHN,China,2015.0,JAPENC,99.6,MUMPS,131.0
CHN,China,2015.0,MCV1,99.27,MUMPS,131.0
CHN,China,2015.0,MCV2,99.19,MUMPS,131.0
CHN,China,2015.0,POL3,99.3,MUMPS,131.0
CHN,China,2015.0,RCV1,96.95,MUMPS,131.0
HND,Honduras,2002.0,BCG,94.0,MUMPS,131.0
HND,Honduras,2002.0,DTPCV1,93.33,MUMPS,131.0
HND,Honduras,2002.0,DTPCV3,95.0,MUMPS,131.0
HND,Honduras,2002.0,HEPB3,94.67,MUMPS,131.0
HND,Honduras,2002.0,HIB3,94.67,MUMPS,131.0
HND,Honduras,2002.0,MCV1,97.0,MUMPS,131.0
HND,Honduras,2002.0,PAB,94.0,MUMPS,131.0
HND,Honduras,2002.0,POL3,95.0,MUMPS,131.0
HND,Honduras,2002.0,RCV1,97.0,MUMPS,131.0
KGZ,Kyrgyzstan,1990.0,BCG,98.0,MEASLES,131.0
KGZ,Kyrgyzstan,1990.0,DTPCV3,99.0,MEASLES,131.0
KGZ,Kyrgyzstan,1990.0,MCV1,99.0,MEASLES,131.0
KGZ,Kyrgyzstan,1990.0,POL3,99.0,MEASLES,131.0
WSM,Samoa,2021.0,BCG,92.14,TYPHOID,131.0
WSM,Samoa,2021.0,DTPCV1,95.92,TYPHOID,131.0
WSM,Samoa,2021.0,HEPB_BDALL,91.99,TYPHOID,131.0
YEM,Yemen,2013.0,PCV1,94.17,MUMPS,130.9
PER,Peru,1994.0,BCG,91.67,PERTUSSIS,130.8
PER,Peru,1994.0,DTPCV1,93.5,PERTUSSIS,130.8
PHL,Philippines,1988.0,BCG,95.0,PERTUSSIS,130.8
PHL,Philippines,1988.0,DTPCV1,92.0,PERTUSSIS,130.8
PER,Peru,2005.0,BCG,93.67,RUBELLA,130.7
PER,Peru,2005.0,HEPB3,90.67,RUBELLA,130.7
PER,Peru,2005.0,HIB3,90.67,RUBELLA,130.7
KEN,Kenya,1996.0,BCG,93.33,MEASLES,130.6
KEN,Kenya,1996.0,DTPCV1,96.0,MEASLES,130.6
CAF,Central African Republic,2020.0,PCV1,99.23,PERTUSSIS,130.5
THA,Thailand,1999.0,BCG,97.47,MUMPS,130.1
THA,Thailand,1999.0,DTPCV1,99.0,MUMPS,130.1
THA,Thailand,1999.0,DTPCV3,96.7,MUMPS,130.1
THA,Thailand,1999.0,HEPB3,94.4,MUMPS,130.1
THA,Thailand,1999.0,MCV1,93.1,MUMPS,130.1
THA,Thailand,1999.0,MCV2,96.14,MUMPS,130.1
THA,Thailand,1999.0,POL3,96.67,MUMPS,130.1
THA,Thailand,1999.0,RCV1,96.0,MUMPS,130.1
THA,Thailand,1999.0,VAD1,100.0,MUMPS,130.1
TUR,Türkiye,2004.0,MCV2,97.0,MEASLES,130.1
CYM,Cayman Islands,1987.0,DTPCV3,90.0,MEASLES,130.0
CYM,Cayman Islands,1987.0,MCV1,91.0,MEASLES,130.0
CYM,Cayman Islands,1987.0,POL3,90.0,MEASLES,130.0
IND,India,1990.0,DTPCV3,90.0,PERTUSSIS,130.0
IRQ,Iraq,1991.0,DTPCV1,90.0,PERTUSSIS,130.0
SLB,Solomon Islands,2023.0,DTPCV1,91.94,MUMPS,130.0
SLB,Solomon Islands,2023.0,PAB,90.37,MUMPS,130.0
SLB,Solomon Islands,2023.0,PCV1,91.82,MUMPS,130.0
EST,Estonia,1992.0,BCG,98.0,PERTUSSIS,129.9
HND,Honduras,2000.0,BCG,99.0,MUMPS,129.7
HND,Honduras,2000.0,DTPCV1,98.0,MUMPS,129.7
HND,Honduras,2000.0,DTPCV3,94.0,MUMPS,129.7
HND,Honduras,2000.0,HEPB3,93.67,MUMPS,129.7
HND,Honduras,2000.0,HIB3,93.67,MUMPS,129.7
HND,Honduras,2000.0,MCV1,98.0,MUMPS,129.7
HND,Honduras,2000.0,PAB,95.5,MUMPS,129.7
HND,Honduras,2000.0,RCV1,98.0,MUMPS,129.7
HND,Honduras,2000.0,TT2PLUS,100.0,MUMPS,129.7
SVK,Slovakia,2020.0,DIPHCV4,96.7,PERTUSSIS,129.4
SVK,Slovakia,2020.0,DIPHCV5,97.9,PERTUSSIS,129.4
SVK,Slovakia,2020.0,DTPCV1,98.0,PERTUSSIS,129.4
SVK,Slovakia,2020.0,DTPCV3,96.8,PERTUSSIS,129.4
SVK,Slovakia,2020.0,HEPB3,96.8,PERTUSSIS,129.4
SVK,Slovakia,2020.0,HIB3,96.8,PERTUSSIS,129.4
SVK,Slovakia,2020.0,IPV1,98.0,PERTUSSIS,129.4
SVK,Slovakia,2020.0,MCV1,96.0,PERTUSSIS,129.4
SVK,Slovakia,2020.0,MCV2,97.95,PERTUSSIS,129.4
SVK,Slovakia,2020.0,PCV3,96.2,PERTUSSIS,129.4
SVK,Slovakia,2020.0,PERCV4,96.7,PERTUSSIS,129.4
SVK,Slovakia,2020.0,POL3,96.8,PERTUSSIS,129.4
SVK,Slovakia,2020.0,RCV1,96.0,PERTUSSIS,129.4
SVK,Slovakia,2020.0,TTCV4,96.7,PERTUSSIS,129.4
SLV,El Salvador,2022.0,BCG,93.85,TYPHOID,129.3
SLV,El Salvador,2022.0,DTPCV1,95.79,TYPHOID,129.3
SLV,El Salvador,2022.0,DTPCV3,94.77,TYPHOID,129.3
SLV,El Salvador,2022.0,HEPB3,94.77,TYPHOID,129.3
SLV,El Salvador,2022.0,HIB3,94.77,TYPHOID,129.3
SLV,El Salvador,2022.0,IPV1,94.95,TYPHOID,129.3
SLV,El Salvador,2022.0,IPV2,94.67,TYPHOID,129.3
SLV,El Salvador,2022.0,PAB,94.0,TYPHOID,129.3
SLV,El Salvador,2022.0,PCV1,96.87,TYPHOID,129.3
SLV,El Salvador,2022.0,PCV2,96.02,TYPHOID,129.3
SLV,El Salvador,2022.0,PCV3,90.17,TYPHOID,129.3
SLV,El Salvador,2022.0,PERCV_PW,97.38,TYPHOID,129.3
SLV,El Salvador,2022.0,POL3,93.01,TYPHOID,129.3
SLV,El Salvador,2022.0,ROTA1,96.59,TYPHOID,129.3
SLV,El Salvador,2022.0,ROTAC,95.83,TYPHOID,129.3
TKM,Turkmenistan,1999.0,BCG,98.87,RUBELLA,129.3
TKM,Turkmenistan,1999.0,DTPCV1,99.0,RUBELLA,129.3
TKM,Turkmenistan,1999.0,DTPCV3,98.27,RUBELLA,129.3
TKM,Turkmenistan,1999.0,MCV1,97.13,RUBELLA,129.3
TKM,Turkmenistan,1999.0,MCV2,90.7,RUBELLA,129.3
TKM,Turkmenistan,1999.0,POL3,98.13,RUBELLA,129.3
MAC,"China, Macao SAR",2009.0,BCG,99.9,MUMPS,129.2
MAC,"China, Macao SAR",2009.0,DTPCV1,94.8,MUMPS,129.2
MAC,"China, Macao SAR",2009.0,DTPCV3,91.9,MUMPS,129.2
MAC,"China, Macao SAR",2009.0,HEPB3,92.0,MUMPS,129.2
MAC,"China, Macao SAR",2009.0,HEPB_BD,100.0,MUMPS,129.2
MAC,"China, Macao SAR",2009.0,HIB3,90.2,MUMPS,129.2
MAC,"China, Macao SAR",2009.0,MCV1,90.9,MUMPS,129.2
MAC,"China, Macao SAR",2009.0,POL3,91.8,MUMPS,129.2
MAC,"China, Macao SAR",2009.0,RCV1,90.8,MUMPS,129.2
QAT,Qatar,2003.0,BCG,99.67,MUMPS,128.9
QAT,Qatar,2003.0,DTPCV1,95.67,MUMPS,128.9
QAT,Qatar,2003.0,DTPCV3,92.0,MUMPS,128.9
QAT,Qatar,2003.0,HEPB3,93.0,MUMPS,128.9
QAT,Qatar,2003.0,HEPB_BD,99.67,MUMPS,128.9
QAT,Qatar,2003.0,HIB3,92.0,MUMPS,128.9
QAT,Qatar,2003.0,MCV1,93.0,MUMPS,128.9
QAT,Qatar,2003.0,MCV2,91.0,MUMPS,128.9
QAT,Qatar,2003.0,POL3,93.0,MUMPS,128.9
QAT,Qatar,2003.0,RCV1,93.0,MUMPS,128.9
SVK,Slovakia,2019.0,DIPHCV4,95.9,PERTUSSIS,128.8
SVK,Slovakia,2019.0,DIPHCV5,97.6,PERTUSSIS,128.8
SVK,Slovakia,2019.0,DTPCV1,99.0,PERTUSSIS,128.8
SVK,Slovakia,2019.0,DTPCV3,96.8,PERTUSSIS,128.8
SVK,Slovakia,2019.0,HEPB3,96.8,PERTUSSIS,128.8
SVK,Slovakia,2019.0,HEPB_BD,100.0,PERTUSSIS,128.8
SVK,Slovakia,2019.0,HIB3,96.8,PERTUSSIS,128.8
SVK,Slovakia,2019.0,IPV1,99.0,PERTUSSIS,128.8
SVK,Slovakia,2019.0,MCV1,96.13,PERTUSSIS,128.8
SVK,Slovakia,2019.0,MCV2,97.87,PERTUSSIS,128.8
SVK,Slovakia,2019.0,PCV3,96.33,PERTUSSIS,128.8
SVK,Slovakia,2019.0,PERCV4,95.9,PERTUSSIS,128.8
SVK,Slovakia,2019.0,POL3,96.8,PERTUSSIS,128.8
SVK,Slovakia,2019.0,RCV1,96.13,PERTUSSIS,128.8
SVK,Slovakia,2019.0,TTCV4,95.9,PERTUSSIS,128.8
SVK,Slovakia,2019.0,TTCV5,97.6,PERTUSSIS,128.8
BRN,Brunei Darussalam,2000.0,BCG,99.67,MEASLES,128.7
BRN,Brunei Darussalam,2000.0,DTPCV1,98.73,MEASLES,128.7
BRN,Brunei Darussalam,2000.0,DTPCV3,98.87,MEASLES,128.7
BRN,Brunei Darussalam,2000.0,HEPB3,99.67,MEASLES,128.7
BRN,Brunei Darussalam,2000.0,HEPB_BD,100.0,MEASLES,128.7
BRN,Brunei Darussalam,2000.0,MCV1,99.0,MEASLES,128.7
BRN,Brunei Darussalam,2000.0,MCV2,95.0,MEASLES,128.7
BRN,Brunei Darussalam,2000.0,POL3,98.87,MEASLES,128.7
BRN,Brunei Darussalam,2000.0,RCV1,99.0,MEASLES,128.7
FIN,Finland,1987.0,BCG,90.0,MEASLES,128.7
FIN,Finland,1987.0,DTPCV1,98.0,MEASLES,128.7
FIN,Finland,1987.0,DTPCV3,98.0,MEASLES,128.7
FIN,Finland,1987.0,MCV1,92.0,MEASLES,128.7
FIN,Finland,1987.0,POL3,97.0,MEASLES,128.7
FIN,Finland,1987.0,RCV1,92.0,MEASLES,128.7
MLT,Malta,1987.0,DTPCV1,95.0,MEASLES,128.5
SLE,Sierra Leone,2018.0,BCG,93.88,TTETANUS,128.5
SLE,Sierra Leone,2018.0,DTPCV1,97.5,TTETANUS,128.5
SLE,Sierra Leone,2018.0,DTPCV3,93.5,TTETANUS,128.5
SLE,Sierra Leone,2018.0,HEPB3,93.5,TTETANUS,128.5
SLE,Sierra Leone,2018.0,HIB3,93.5,TTETANUS,128.5
SLE,Sierra Leone,2018.0,MCV1,91.62,TTETANUS,128.5
SLE,Sierra Leone,2018.0,PAB,90.0,TTETANUS,128.5
SLE,Sierra Leone,2018.0,PCV1,98.0,TTETANUS,128.5
SLE,Sierra Leone,2018.0,PCV2,96.0,TTETANUS,128.5
SLE,Sierra Leone,2018.0,PCV3,93.0,TTETANUS,128.5
SLE,Sierra Leone,2018.0,POL3,93.5,TTETANUS,128.5
SLE,Sierra Leone,2018.0,ROTA1,98.0,TTETANUS,128.5
SLE,Sierra Leone,2018.0,ROTAC,94.0,TTETANUS,128.5
SLE,Sierra Leone,2018.0,TT2PLUS,90.61,TTETANUS,128.5
SLE,Sierra Leone,2018.0,VAD1,97.0,TTETANUS,128.5
DMA,Dominica,1989.0,BCG,99.0,MEASLES,128.3
DMA,Dominica,1989.0,DTPCV1,97.0,MEASLES,128.3
DMA,Dominica,1989.0,DTPCV3,92.0,MEASLES,128.3
DMA,Dominica,1989.0,POL3,94.0,MEASLES,128.3
JAM,Jamaica,1991.0,BCG,94.0,MEASLES,128.3
JAM,Jamaica,1991.0,DTPCV1,94.5,MEASLES,128.3
MEX,Mexico,1986.0,POL3,96.0,MEASLES,128.3
FRA,France,2007.0,DTPCV1,99.0,MUMPS,128.1
FRA,France,2007.0,DTPCV3,99.0,MUMPS,128.1
FRA,France,2007.0,HIB3,97.0,MUMPS,128.1
FRA,France,2007.0,MCV1,90.0,MUMPS,128.1
FRA,France,2007.0,POL3,99.0,MUMPS,128.1
FRA,France,2007.0,RCV1,90.0,MUMPS,128.1
SLE,Sierra Leone,2016.0,BCG,91.5,MEASLES,127.7
SLE,Sierra Leone,2016.0,DTPCV1,97.0,MEASLES,127.7
SLE,Sierra Leone,2016.0,PAB,90.5,MEASLES,127.7
SLE,Sierra Leone,2016.0,PCV1,97.0,MEASLES,127.7
SLE,Sierra Leone,2016.0,PCV2,93.5,MEASLES,127.7
SLE,Sierra Leone,2016.0,ROTA1,97.0,MEASLES,127.7
SLE,Sierra Leone,2016.0,ROTAC,95.33,MEASLES,127.7
SLE,Sierra Leone,2016.0,TT2PLUS,92.5,MEASLES,127.7
LKA,Sri Lanka,1999.0,BCG,97.0,MEASLES,127.6
LKA,Sri Lanka,1999.0,DTPCV1,99.0,MEASLES,127.6
LKA,Sri Lanka,1999.0,DTPCV3,99.0,MEASLES,127.6
LKA,Sri Lanka,1999.0,MCV1,95.0,MEASLES,127.6
LKA,Sri Lanka,1999.0,POL3,99.0,MEASLES,127.6
LKA,Sri Lanka,1999.0,RCV1,95.0,MEASLES,127.6
LKA,Sri Lanka,1999.0,TT2PLUS,91.0,MEASLES,127.6
LVA,Latvia,2016.0,BCG,96.04,PERTUSSIS,127.6
LVA,Latvia,2016.0,DTPCV1,98.85,PERTUSSIS,127.6
LVA,Latvia,2016.0,DTPCV3,98.07,PERTUSSIS,127.6
LVA,Latvia,2016.0,HEPB3,97.75,PERTUSSIS,127.6
LVA,Latvia,2016.0,HIB3,97.84,PERTUSSIS,127.6
LVA,Latvia,2016.0,IPV1,98.85,PERTUSSIS,127.6
LVA,Latvia,2016.0,MCV1,93.17,PERTUSSIS,127.6
LVA,Latvia,2016.0,PCV1,93.31,PERTUSSIS,127.6
LVA,Latvia,2016.0,PCV2,93.36,PERTUSSIS,127.6
LVA,Latvia,2016.0,POL3,98.07,PERTUSSIS,127.6
LVA,Latvia,2016.0,RCV1,93.17,PERTUSSIS,127.6
HKG,"China, Hong Kong SAR",1984.0,BCG,99.0,MEASLES,127.5
HKG,"China, Hong Kong SAR",1984.0,POL3,91.0,MEASLES,127.5
AFG,Afghanistan,2022.0,PCV1,94.24,MEASLES,127.3
AFG,Afghanistan,2022.0,TT2PLUS,92.19,MEASLES,127.3
POL,Poland,2004.0,BCG,94.07,RUBELLA,127.3
POL,Poland,2004.0,DTPCV1,99.0,RUBELLA,127.3
POL,Poland,2004.0,DTPCV3,98.8,RUBELLA,127.3
POL,Poland,2004.0,HEPB3,97.83,RUBELLA,127.3
POL,Poland,2004.0,HEPB_BD,94.93,RUBELLA,127.3
POL,Poland,2004.0,MCV1,97.13,RUBELLA,127.3
POL,Poland,2004.0,MCV2,95.87,RUBELLA,127.3
POL,Poland,2004.0,POL3,99.0,RUBELLA,127.3
UGA,Uganda,2007.0,DTPCV1,94.33,MEASLES,127.3
ECU,Ecuador,1985.0,BCG,99.0,MEASLES,127.1
KOR,Republic of Korea,2011.0,DTPCV1,94.89,MUMPS,127.0
KOR,Republic of Korea,2011.0,DTPCV3,94.8,MUMPS,127.0
KOR,Republic of Korea,2011.0,HEPB3,96.38,MUMPS,127.0
KOR,Republic of Korea,2011.0,JAPENC,91.57,MUMPS,127.0
KOR,Republic of Korea,2011.0,MCV1,95.39,MUMPS,127.0
KOR,Republic of Korea,2011.0,MCV2,98.19,MUMPS,127.0
KOR,Republic of Korea,2011.0,POL3,94.15,MUMPS,127.0
KOR,Republic of Korea,2011.0,RCV1,95.39,MUMPS,127.0
SGP,Singapore,2009.0,BCG,99.0,MUMPS,127.0
SGP,Singapore,2009.0,DTPCV1,98.0,MUMPS,127.0
SGP,Singapore,2009.0,DTPCV3,97.0,MUMPS,127.0
SGP,Singapore,2009.0,HEPB3,96.0,MUMPS,127.0
SGP,Singapore,2009.0,MCV1,95.0,MUMPS,127.0
SGP,Singapore,2009.0,MCV2,96.33,MUMPS,127.0
SGP,Singapore,2009.0,POL3,97.0,MUMPS,127.0
SGP,Singapore,2009.0,RCV1,95.0,MUMPS,127.0
EGY,Egypt,1989.0,DTPCV1,96.0,TTETANUS,126.9
EGY,Egypt,1989.0,DTPCV3,90.0,TTETANUS,126.9
EGY,Egypt,1989.0,MCV1,90.0,TTETANUS,126.9
EGY,Egypt,1989.0,POL3,90.0,TTETANUS,126.9
PRY,Paraguay,1991.0,DTPCV1,90.5,MEASLES,126.9
CAN,Canada,1992.0,DTPCV1,96.0,PERTUSSIS,126.5
CAN,Canada,1992.0,MCV1,94.0,PERTUSSIS,126.5
CAN,Canada,1992.0,RCV1,94.0,PERTUSSIS,126.5
KIR,Kiribati,1999.0,DTPCV1,96.0,PERTUSSIS,126.3
LVA,Latvia,2012.0,BCG,94.0,PERTUSSIS,126.3
LVA,Latvia,2012.0,DTPCV1,92.0,PERTUSSIS,126.3
LVA,Latvia,2012.0,DTPCV3,91.0,PERTUSSIS,126.3
LVA,Latvia,2012.0,HEPB3,90.0,PERTUSSIS,126.3
LVA,Latvia,2012.0,HIB3,90.0,PERTUSSIS,126.3
LVA,Latvia,2012.0,IPV1,92.0,PERTUSSIS,126.3
LVA,Latvia,2012.0,MCV1,90.0,PERTUSSIS,126.3
LVA,Latvia,2012.0,MCV2,92.0,PERTUSSIS,126.3
LVA,Latvia,2012.0,POL3,91.0,PERTUSSIS,126.3
LVA,Latvia,2012.0,RCV1,90.2,PERTUSSIS,126.3
BWA,Botswana,1983.0,DTPCV1,97.0,PERTUSSIS,126.2
COK,Cook Islands,2000.0,BCG,99.67,MEASLES,126.1
COK,Cook Islands,2000.0,DTPCV1,99.0,MEASLES,126.1
COK,Cook Islands,2000.0,DTPCV3,92.0,MEASLES,126.1
COK,Cook Islands,2000.0,HEPB3,98.0,MEASLES,126.1
COK,Cook Islands,2000.0,POL3,92.0,MEASLES,126.1
ESP,Spain,1994.0,DTPCV1,96.0,PERTUSSIS,126.0
ESP,Spain,1994.0,MCV1,90.0,PERTUSSIS,126.0
ESP,Spain,1994.0,RCV1,90.0,PERTUSSIS,126.0
ETH,Ethiopia,2014.0,PCV1,90.16,MEASLES,126.0
ETH,Ethiopia,2014.0,PCV2,90.0,MEASLES,126.0
HRV,Croatia,1997.0,BCG,98.0,PERTUSSIS,125.9
HRV,Croatia,1997.0,DTPCV1,97.0,PERTUSSIS,125.9
HRV,Croatia,1997.0,DTPCV3,92.0,PERTUSSIS,125.9
HRV,Croatia,1997.0,MCV1,91.0,PERTUSSIS,125.9
HRV,Croatia,1997.0,MCV2,93.1,PERTUSSIS,125.9
HRV,Croatia,1997.0,POL3,92.0,PERTUSSIS,125.9
HRV,Croatia,1997.0,RCV1,91.15,PERTUSSIS,125.9
HRV,Croatia,1997.0,TT2PLUS,92.0,PERTUSSIS,125.9
URY,Uruguay,1987.0,BCG,98.33,PERTUSSIS,125.9
URY,Uruguay,1987.0,DTPCV1,95.0,PERTUSSIS,125.9
URY,Uruguay,1987.0,MCV1,91.67,PERTUSSIS,125.9
AZE,Azerbaijan,2003.0,BCG,93.6,RUBELLA,125.6
AZE,Azerbaijan,2003.0,DTPCV1,93.07,RUBELLA,125.6
AZE,Azerbaijan,2003.0,DTPCV3,90.6,RUBELLA,125.6
AZE,Azerbaijan,2003.0,HEPB_BD,93.8,RUBELLA,125.6
AZE,Azerbaijan,2003.0,POL3,92.0,RUBELLA,125.6
NER,Niger,2023.0,BCG,93.0,DIPHTHERIA,125.6
NER,Niger,2023.0,DTPCV1,94.0,DIPHTHERIA,125.6
NER,Niger,2023.0,PCV1,94.0,DIPHTHERIA,125.6
NER,Niger,2023.0,PCV2,92.0,DIPHTHERIA,125.6
NER,Niger,2023.0,ROTA1,93.0,DIPHTHERIA,125.6
NER,Niger,2023.0,ROTAC,91.92,DIPHTHERIA,125.6
CZE,Czechia,2007.0,BCG,99.0,MUMPS,125.5
CZE,Czechia,2007.0,DTPCV1,99.0,MUMPS,125.5
CZE,Czechia,2007.0,DTPCV3,99.0,MUMPS,125.5
CZE,Czechia,2007.0,HEPB3,99.67,MUMPS,125.5
CZE,Czechia,2007.0,HIB3,99.67,MUMPS,125.5
CZE,Czechia,2007.0,MCV1,98.0,MUMPS,125.5
CZE,Czechia,2007.0,MCV2,97.84,MUMPS,125.5
CZE,Czechia,2007.0,POL3,99.67,MUMPS,125.5
CZE,Czechia,2007.0,RCV1,98.0,MUMPS,125.5
CAF,Central African Republic,2018.0,PCV1,95.0,PERTUSSIS,125.4
DEU,Germany,1983.0,DTPCV1,97.0,MEASLES,125.3
DEU,Germany,1983.0,DTPCV3,93.0,MEASLES,125.3
DEU,Germany,1983.0,POL3,94.0,MEASLES,125.3
FIN,Finland,1985.0,DTPCV1,98.0,MEASLES,125.2
FIN,Finland,1985.0,DTPCV3,96.0,MEASLES,125.2
KOR,Republic of Korea,2010.0,BCG,91.28,MUMPS,125.2
KOR,Republic of Korea,2010.0,DTPCV1,95.07,MUMPS,125.2
KOR,Republic of Korea,2010.0,DTPCV3,92.09,MUMPS,125.2
KOR,Republic of Korea,2010.0,HEPB3,92.31,MUMPS,125.2
KOR,Republic of Korea,2010.0,HEPB_BD,95.0,MUMPS,125.2
KOR,Republic of Korea,2010.0,JAPENC,92.98,MUMPS,125.2
KOR,Republic of Korea,2010.0,MCV1,97.09,MUMPS,125.2
KOR,Republic of Korea,2010.0,MCV2,97.37,MUMPS,125.2
KOR,Republic of Korea,2010.0,POL3,92.89,MUMPS,125.2
KOR,Republic of Korea,2010.0,RCV1,97.09,MUMPS,125.2
CHL,Chile,2023.0,15HPV1_F,91.0,MUMPS,125.1
CHL,Chile,2023.0,BCG,98.15,MUMPS,125.1
CHL,Chile,2023.0,DTPCV1,99.23,MUMPS,125.1
CHL,Chile,2023.0,DTPCV3,95.78,MUMPS,125.1
CHL,Chile,2023.0,FLU_CHRONIC_PED,93.3,MUMPS,125.1
CHL,Chile,2023.0,FLU_OTHER,94.97,MUMPS,125.1
CHL,Chile,2023.0,HEPB3,95.78,MUMPS,125.1
CHL,Chile,2023.0,HEPB_BD,99.0,MUMPS,125.1
CHL,Chile,2023.0,HEPB_BDALL,99.08,MUMPS,125.1
CHL,Chile,2023.0,HIB3,95.78,MUMPS,125.1
CHL,Chile,2023.0,IPV1,99.23,MUMPS,125.1
CHL,Chile,2023.0,IPV2,98.12,MUMPS,125.1
CHL,Chile,2023.0,MCV1,93.72,MUMPS,125.1
CHL,Chile,2023.0,MENACYW_C,92.13,MUMPS,125.1
CHL,Chile,2023.0,MENB_C,94.84,MUMPS,125.1
CHL,Chile,2023.0,PCV1,98.94,MUMPS,125.1
CHL,Chile,2023.0,PCV2,97.78,MUMPS,125.1
CHL,Chile,2023.0,PCV3,92.83,MUMPS,125.1
CHL,Chile,2023.0,POL3,95.78,MUMPS,125.1
CHL,Chile,2023.0,RCV1,93.72,MUMPS,125.1
CHL,Chile,2023.0,TTCV5,91.07,MUMPS,125.1
IRL,Ireland,1997.0,DTPCV1,90.0,PERTUSSIS,125.0
KEN,Kenya,1995.0,BCG,93.67,MEASLES,124.9
KEN,Kenya,1995.0,DTPCV1,96.0,MEASLES,124.9
SWZ,Eswatini,2009.0,MCV2,99.0,RUBELLA,124.9
VNM,Viet Nam,1990.0,BCG,90.0,MEASLES,124.8
VNM,Viet Nam,1990.0,DTPCV1,96.0,MEASLES,124.8
PHL,Philippines,1997.0,BCG,90.33,MEASLES,124.7
PHL,Philippines,1997.0,DTPCV1,90.0,MEASLES,124.7
ZWE,Zimbabwe,2000.0,HEPB_BD,90.0,MEASLES,124.7
CHN,China,2016.0,BCG,99.35,MUMPS,124.6
CHN,China,2016.0,DTPCV1,99.28,MUMPS,124.6
CHN,China,2016.0,DTPCV3,99.28,MUMPS,124.6
CHN,China,2016.0,HEPB3,99.23,MUMPS,124.6
CHN,China,2016.0,HEPB_BD,95.97,MUMPS,124.6
CHN,China,2016.0,HEPB_BDALL,99.85,MUMPS,124.6
CHN,China,2016.0,JAPENC,99.49,MUMPS,124.6
CHN,China,2016.0,MCV1,99.25,MUMPS,124.6
CHN,China,2016.0,MCV2,99.21,MUMPS,124.6
CHN,China,2016.0,POL3,99.0,MUMPS,124.6
CHN,China,2016.0,RCV1,99.47,MUMPS,124.6
NPL,Nepal,2013.0,BCG,97.65,PERTUSSIS,124.4
NPL,Nepal,2013.0,DTPCV1,93.9,PERTUSSIS,124.4
NPL,Nepal,2013.0,DTPCV3,92.26,PERTUSSIS,124.4
NPL,Nepal,2013.0,HEPB3,92.26,PERTUSSIS,124.4
NPL,Nepal,2013.0,HIB3,92.26,PERTUSSIS,124.4
NPL,Nepal,2013.0,POL3,92.24,PERTUSSIS,124.4
NPL,Nepal,2013.0,VAD1,98.09,PERTUSSIS,124.4
BMU,Bermuda,2020.0,DTPCV1,92.78,PERTUSSIS,124.3
BMU,Bermuda,2020.0,IPV1,92.78,PERTUSSIS,124.3
BMU,Bermuda,2020.0,IPV2,92.78,PERTUSSIS,124.3
BMU,Bermuda,2020.0,MCV1,98.86,PERTUSSIS,124.3
BMU,Bermuda,2020.0,PCV1,93.7,PERTUSSIS,124.3
BMU,Bermuda,2020.0,PCV2,90.74,PERTUSSIS,124.3
BMU,Bermuda,2020.0,PCV3,92.23,PERTUSSIS,124.3
BMU,Bermuda,2020.0,RCV1,98.86,PERTUSSIS,124.3
ARG,Argentina,1989.0,BCG,92.0,MEASLES,124.2
ARG,Argentina,1989.0,DTPCV1,92.5,MEASLES,124.2
ETH,Ethiopia,2020.0,HPV_FEM,92.2,MUMPS,124.0
ETH,Ethiopia,2020.0,PCV1,99.0,MUMPS,124.0
ETH,Ethiopia,2020.0,ROTA1,99.0,MUMPS,124.0
MDA,Republic of Moldova,2003.0,BCG,99.0,RUBELLA,124.0
MDA,Republic of Moldova,2003.0,DTPCV1,97.67,RUBELLA,124.0
MDA,Republic of Moldova,2003.0,DTPCV3,97.8,RUBELLA,124.0
MDA,Republic of Moldova,2003.0,HEPB3,98.93,RUBELLA,124.0
MDA,Republic of Moldova,2003.0,HEPB_BD,99.0,RUBELLA,124.0
MDA,Republic of Moldova,2003.0,MCV1,96.0,RUBELLA,124.0
MDA,Republic of Moldova,2003.0,MCV2,95.8,RUBELLA,124.0
MDA,Republic of Moldova,2003.0,POL3,98.27,RUBELLA,124.0
MDA,Republic of Moldova,2003.0,RCV1,96.0,RUBELLA,124.0
RWA,Rwanda,2003.0,DTPCV1,97.0,MEASLES,123.9
RWA,Rwanda,2003.0,DTPCV3,96.0,MEASLES,123.9
RWA,Rwanda,2003.0,HEPB3,96.0,MEASLES,123.9
RWA,Rwanda,2003.0,HIB3,96.0,MEASLES,123.9
RWA,Rwanda,2003.0,MCV1,90.0,MEASLES,123.9
RWA,Rwanda,2003.0,POL3,96.0,MEASLES,123.9
CHE,Switzerland,2009.0,DTPCV1,95.0,MEASLES,123.8
CHE,Switzerland,2009.0,DTPCV3,95.0,MEASLES,123.8
CHE,Switzerland,2009.0,HIB3,95.0,MEASLES,123.8
CHE,Switzerland,2009.0,MCV1,92.0,MEASLES,123.8
CHE,Switzerland,2009.0,POL3,96.0,MEASLES,123.8
KAZ,Kazakhstan,1998.0,BCG,99.0,MEASLES,123.7
KAZ,Kazakhstan,1998.0,DTPCV1,99.0,MEASLES,123.7
KAZ,Kazakhstan,1998.0,DTPCV3,99.67,MEASLES,123.7
KAZ,Kazakhstan,1998.0,MCV1,99.67,MEASLES,123.7
KAZ,Kazakhstan,1998.0,POL3,99.67,MEASLES,123.7
UKR,Ukraine,2007.0,BCG,98.0,RUBELLA,123.7
UKR,Ukraine,2007.0,DTPCV1,93.67,RUBELLA,123.7
UKR,Ukraine,2007.0,DTPCV3,98.0,RUBELLA,123.7
UKR,Ukraine,2007.0,HEPB3,92.0,RUBELLA,123.7
UKR,Ukraine,2007.0,MCV1,97.0,RUBELLA,123.7
UKR,Ukraine,2007.0,MCV2,95.8,RUBELLA,123.7
UKR,Ukraine,2007.0,POL3,98.0,RUBELLA,123.7
UKR,Ukraine,2007.0,RCV1,96.9,RUBELLA,123.7
LSO,Lesotho,1993.0,DTPCV1,94.0,MEASLES,123.6
ITA,Italy,1992.0,DTPCV1,98.0,PERTUSSIS,123.5
ITA,Italy,1992.0,HEPB3,95.0,PERTUSSIS,123.5
ITA,Italy,1992.0,POL3,97.0,PERTUSSIS,123.5
ESP,Spain,1996.0,DTPCV1,96.0,MEASLES,123.4
ESP,Spain,1996.0,DTPCV3,90.0,MEASLES,123.4
ESP,Spain,1996.0,MCV1,90.0,MEASLES,123.4
ESP,Spain,1996.0,POL3,91.0,MEASLES,123.4
ESP,Spain,1996.0,RCV1,90.0,MEASLES,123.4
ESP,Spain,1996.0,TT2PLUS,90.0,MEASLES,123.4
DEU,Germany,2019.0,DIPHCV4,93.1,PERTUSSIS,123.3
DEU,Germany,2019.0,DTPCV1,98.33,PERTUSSIS,123.3
DEU,Germany,2019.0,DTPCV3,91.0,PERTUSSIS,123.3
DEU,Germany,2019.0,HIB3,90.93,PERTUSSIS,123.3
DEU,Germany,2019.0,IPV1,98.07,PERTUSSIS,123.3
DEU,Germany,2019.0,MCV1,97.13,PERTUSSIS,123.3
DEU,Germany,2019.0,MCV2,93.07,PERTUSSIS,123.3
DEU,Germany,2019.0,PERCV4,92.7,PERTUSSIS,123.3
DEU,Germany,2019.0,POL3,92.2,PERTUSSIS,123.3
DEU,Germany,2019.0,RCV1,97.0,PERTUSSIS,123.3
DEU,Germany,2019.0,TTCV4,93.3,PERTUSSIS,123.3
RUS,Russian Federation,1990.0,BCG,91.3,MEASLES,123.3
ARG,Argentina,2010.0,BCG,99.0,MUMPS,123.1
ARG,Argentina,2010.0,DTPCV1,94.87,MUMPS,123.1
ARG,Argentina,2010.0,DTPCV3,94.13,MUMPS,123.1
ARG,Argentina,2010.0,HEPB3,94.07,MUMPS,123.1
ARG,Argentina,2010.0,HIB3,94.07,MUMPS,123.1
ARG,Argentina,2010.0,MCV1,95.0,MUMPS,123.1
ARG,Argentina,2010.0,MCV2,94.0,MUMPS,123.1
ARG,Argentina,2010.0,POL3,94.93,MUMPS,123.1
ARG,Argentina,2010.0,RCV1,97.0,MUMPS,123.1
ROU,Romania,2016.0,DTPCV1,94.0,MEASLES,123.1
ROU,Romania,2016.0,HEPB_BD,92.95,MEASLES,123.1
ROU,Romania,2016.0,IPV1,94.0,MEASLES,123.1
MDV,Maldives,2004.0,BCG,98.0,MEASLES,122.8
MDV,Maldives,2004.0,DTPCV1,98.0,MEASLES,122.8
MDV,Maldives,2004.0,DTPCV3,96.0,MEASLES,122.8
MDV,Maldives,2004.0,HEPB3,97.0,MEASLES,122.8
MDV,Maldives,2004.0,HEPB_BD,98.0,MEASLES,122.8
MDV,Maldives,2004.0,MCV1,97.0,MEASLES,122.8
MDV,Maldives,2004.0,PAB,94.0,MEASLES,122.8
MDV,Maldives,2004.0,POL3,96.0,MEASLES,122.8
MDV,Maldives,2004.0,TT2PLUS,98.0,MEASLES,122.8
KOR,Republic of Korea,2022.0,15HPV1_F,97.0,MUMPS,122.6
KOR,Republic of Korea,2022.0,BCG,98.1,MUMPS,122.6
KOR,Republic of Korea,2022.0,DIPHCV4,95.63,MUMPS,122.6
KOR,Republic of Korea,2022.0,DIPHCV5,93.55,MUMPS,122.6
KOR,Republic of Korea,2022.0,DTPCV1,97.94,MUMPS,122.6
KOR,Republic of Korea,2022.0,DTPCV3,97.74,MUMPS,122.6
KOR,Republic of Korea,2022.0,HEPB3,97.12,MUMPS,122.6
KOR,Republic of Korea,2022.0,HEPB_BD,92.47,MUMPS,122.6
KOR,Republic of Korea,2022.0,HEPB_BDALL,98.21,MUMPS,122.6
KOR,Republic of Korea,2022.0,HIB3,96.39,MUMPS,122.6
KOR,Republic of Korea,2022.0,IPV1,97.94,MUMPS,122.6
KOR,Republic of Korea,2022.0,JAPENC,92.0,MUMPS,122.6
KOR,Republic of Korea,2022.0,JAPENC_1,96.93,MUMPS,122.6
KOR,Republic of Korea,2022.0,JAPENC_C,94.01,MUMPS,122.6
KOR,Republic of Korea,2022.0,MCV1,97.1,MUMPS,122.6
KOR,Republic of Korea,2022.0,MCV2,95.43,MUMPS,122.6
KOR,Republic of Korea,2022.0,PCV1,97.98,MUMPS,122.6
KOR,Republic of Korea,2022.0,PCV2,97.86,MUMPS,122.6
KOR,Republic of Korea,2022.0,PCV3,96.4,MUMPS,122.6
KOR,Republic of Korea,2022.0,PERCV4,95.63,MUMPS,122.6
KOR,Republic of Korea,2022.0,POL3,97.07,MUMPS,122.6
KOR,Republic of Korea,2022.0,RCV1,97.1,MUMPS,122.6
KOR,Republic of Korea,2022.0,TTCV4,95.63,MUMPS,122.6
KOR,Republic of Korea,2022.0,TTCV5,93.55,MUMPS,122.6
SMR,San Marino,1993.0,DTPCV1,99.0,PERTUSSIS,122.6
SMR,San Marino,1993.0,DTPCV3,99.0,PERTUSSIS,122.6
SMR,San Marino,1993.0,HEPB3,98.0,PERTUSSIS,122.6
SMR,San Marino,1993.0,MCV1,96.0,PERTUSSIS,122.6
SMR,San Marino,1993.0,POL3,99.67,PERTUSSIS,122.6
SMR,San Marino,1993.0,TT2PLUS,99.0,PERTUSSIS,122.6
LUX,Luxembourg,1992.0,DTPCV1,97.0,MEASLES,122.5
LUX,Luxembourg,1992.0,DTPCV3,93.0,MEASLES,122.5
LUX,Luxembourg,1992.0,POL3,90.0,MEASLES,122.5
BTN,Bhutan,2005.0,BCG,92.0,RUBELLA,122.4
BTN,Bhutan,2005.0,DTPCV1,97.12,RUBELLA,122.4
BTN,Bhutan,2005.0,DTPCV3,94.95,RUBELLA,122.4
BTN,Bhutan,2005.0,HEPB3,94.95,RUBELLA,122.4
BTN,Bhutan,2005.0,MCV1,92.88,RUBELLA,122.4
BTN,Bhutan,2005.0,POL3,94.99,RUBELLA,122.4
POL,Poland,2012.0,BCG,93.87,PERTUSSIS,122.4
POL,Poland,2012.0,DTPCV1,99.0,PERTUSSIS,122.4
POL,Poland,2012.0,DTPCV3,98.8,PERTUSSIS,122.4
POL,Poland,2012.0,HEPB3,97.2,PERTUSSIS,122.4
POL,Poland,2012.0,HEPB_BD,99.0,PERTUSSIS,122.4
POL,Poland,2012.0,HIB3,98.8,PERTUSSIS,122.4
POL,Poland,2012.0,MCV1,97.93,PERTUSSIS,122.4
POL,Poland,2012.0,MCV2,94.8,PERTUSSIS,122.4
POL,Poland,2012.0,POL3,95.2,PERTUSSIS,122.4
POL,Poland,2012.0,RCV1,97.93,PERTUSSIS,122.4
POL,Poland,2012.0,ROTA1,98.0,PERTUSSIS,122.4
PER,Peru,2019.0,BCG,94.03,MUMPS,122.3
PER,Peru,2019.0,DTPCV1,96.9,MUMPS,122.3
PER,Peru,2019.0,FLU_CHILD1,100.0,MUMPS,122.3
PER,Peru,2019.0,IPV1,95.97,MUMPS,122.3
PER,Peru,2019.0,PAB,95.0,MUMPS,122.3
PER,Peru,2019.0,PCV1,97.0,MUMPS,122.3
PER,Peru,2019.0,PCV2,93.0,MUMPS,122.3
PER,Peru,2019.0,ROTA1,95.83,MUMPS,122.3
PER,Peru,2019.0,ROTAC,90.1,MUMPS,122.3
BIH,Bosnia and Herzegovina,2009.0,BCG,97.0,MUMPS,122.2
BIH,Bosnia and Herzegovina,2009.0,DTPCV1,95.0,MUMPS,122.2
BIH,Bosnia and Herzegovina,2009.0,DTPCV3,90.0,MUMPS,122.2
BIH,Bosnia and Herzegovina,2009.0,HEPB3,90.0,MUMPS,122.2
BIH,Bosnia and Herzegovina,2009.0,HEPB_BD,97.0,MUMPS,122.2
BIH,Bosnia and Herzegovina,2009.0,MCV1,93.0,MUMPS,122.2
BIH,Bosnia and Herzegovina,2009.0,POL3,90.0,MUMPS,122.2
BIH,Bosnia and Herzegovina,2009.0,RCV1,93.0,MUMPS,122.2
MAC,"China, Macao SAR",2017.0,BCG,99.8,MUMPS,122.2
MAC,"China, Macao SAR",2017.0,DTPCV1,96.4,MUMPS,122.2
MAC,"China, Macao SAR",2017.0,DTPCV3,95.0,MUMPS,122.2
MAC,"China, Macao SAR",2017.0,HEPB3,95.2,MUMPS,122.2
MAC,"China, Macao SAR",2017.0,HEPB_BD,100.0,MUMPS,122.2
MAC,"China, Macao SAR",2017.0,HEPB_BDALL,100.0,MUMPS,122.2
MAC,"China, Macao SAR",2017.0,HIB3,94.5,MUMPS,122.2
MAC,"China, Macao SAR",2017.0,IPV1,96.4,MUMPS,122.2
MAC,"China, Macao SAR",2017.0,MCV1,93.6,MUMPS,122.2
MAC,"China, Macao SAR",2017.0,MCV2,91.35,MUMPS,122.2
MAC,"China, Macao SAR",2017.0,PCV1,96.3,MUMPS,122.2
MAC,"China, Macao SAR",2017.0,PCV2,95.3,MUMPS,122.2
MAC,"China, Macao SAR",2017.0,PCV3,94.5,MUMPS,122.2
MAC,"China, Macao SAR",2017.0,POL3,95.1,MUMPS,122.2
MAC,"China, Macao SAR",2017.0,RCV1,93.6,MUMPS,122.2
UZB,Uzbekistan,2020.0,BCG,99.4,MEASLES,122.2
UZB,Uzbekistan,2020.0,DIPHCV4,94.21,MEASLES,122.2
UZB,Uzbekistan,2020.0,DIPHCV5,94.78,MEASLES,122.2
UZB,Uzbekistan,2020.0,DIPHCV6,99.74,MEASLES,122.2
UZB,Uzbekistan,2020.0,DTPCV1,95.67,MEASLES,122.2
UZB,Uzbekistan,2020.0,DTPCV3,95.17,MEASLES,122.2
UZB,Uzbekistan,2020.0,HEPB3,95.19,MEASLES,122.2
UZB,Uzbekistan,2020.0,HEPB_BD,96.86,MEASLES,122.2
UZB,Uzbekistan,2020.0,HEPB_BDALL,96.79,MEASLES,122.2
UZB,Uzbekistan,2020.0,HIB3,95.19,MEASLES,122.2
UZB,Uzbekistan,2020.0,HPV_FEM,98.85,MEASLES,122.2
UZB,Uzbekistan,2020.0,MCV1,99.55,MEASLES,122.2
UZB,Uzbekistan,2020.0,MCV2,99.41,MEASLES,122.2
UZB,Uzbekistan,2020.0,PCV3,92.71,MEASLES,122.2
UZB,Uzbekistan,2020.0,PERCV4,94.21,MEASLES,122.2
UZB,Uzbekistan,2020.0,POL3,97.22,MEASLES,122.2
UZB,Uzbekistan,2020.0,PRHPVC_F,96.0,MEASLES,122.2
UZB,Uzbekistan,2020.0,RCV1,99.55,MEASLES,122.2
UZB,Uzbekistan,2020.0,ROTA1,95.94,MEASLES,122.2
UZB,Uzbekistan,2020.0,ROTAC,90.15,MEASLES,122.2
UZB,Uzbekistan,2020.0,TT2PLUS,94.8,MEASLES,122.2
UZB,Uzbekistan,2020.0,TTCV4,94.21,MEASLES,122.2
UZB,Uzbekistan,2020.0,TTCV5,94.78,MEASLES,122.2
UZB,Uzbekistan,2020.0,TTCV6,99.74,MEASLES,122.2
KWT,Kuwait,1991.0,DTPCV1,93.0,MEASLES,122.1
NPL,Nepal,2012.0,BCG,95.99,MEASLES,122.1
VEN,Venezuela (Bolivarian Republic of),2003.0,BCG,91.0,MUMPS,122.0
BHR,Bahrain,1996.0,DTPCV1,96.0,MEASLES,121.6
BHR,Bahrain,1996.0,DTPCV3,96.67,MEASLES,121.6
BHR,Bahrain,1996.0,HEPB3,96.0,MEASLES,121.6
BHR,Bahrain,1996.0,MCV1,95.0,MEASLES,121.6
BHR,Bahrain,1996.0,POL3,96.67,MEASLES,121.6
BHR,Bahrain,1996.0,RCV1,95.0,MEASLES,121.6
ETH,Ethiopia,2020.0,HPV_FEM,92.2,INVASIVE_MENING,121.3
ETH,Ethiopia,2020.0,PCV1,99.0,INVASIVE_MENING,121.3
ETH,Ethiopia,2020.0,ROTA1,99.0,INVASIVE_MENING,121.3
SWZ,Eswatini,1988.0,DTPCV1,96.0,PERTUSSIS,121.3
SYR,Syrian Arab Republic,2020.0,PAB,92.67,TYPHOID,121.0
FRA,France,2006.0,DTPCV1,99.0,MUMPS,120.9
FRA,France,2006.0,DTPCV3,99.0,MUMPS,120.9
FRA,France,2006.0,HIB3,97.0,MUMPS,120.9
FRA,France,2006.0,POL3,99.0,MUMPS,120.9
IRL,Ireland,1995.0,DTPCV1,90.0,PERTUSSIS,120.8
TZA,United Republic of Tanzania,1994.0,BCG,92.67,MEASLES,120.8
TZA,United Republic of Tanzania,1994.0,DTPCV1,94.0,MEASLES,120.8
NIC,Nicaragua,1986.0,BCG,99.0,PERTUSSIS,120.7
NIC,Nicaragua,1986.0,POL3,94.0,PERTUSSIS,120.7
CRI,Costa Rica,1988.0,DTPCV1,95.0,MEASLES,120.6
CRI,Costa Rica,1988.0,MCV1,96.67,MEASLES,120.6
CRI,Costa Rica,1988.0,RCV1,97.0,MEASLES,120.6
GEO,Georgia,2006.0,BCG,95.0,RUBELLA,120.6
GEO,Georgia,2006.0,DTPCV1,99.0,RUBELLA,120.6
GEO,Georgia,2006.0,HEPB_BD,97.0,RUBELLA,120.6
GEO,Georgia,2006.0,MCV1,96.0,RUBELLA,120.6
GEO,Georgia,2006.0,RCV1,95.4,RUBELLA,120.6
DNK,Denmark,1988.0,DTPCV1,97.0,MEASLES,120.5
DNK,Denmark,1988.0,POL3,99.33,MEASLES,120.5
SRB,Serbia,1999.0,DTPCV1,97.0,MUMPS,120.5
SRB,Serbia,1999.0,DTPCV3,93.53,MUMPS,120.5
SRB,Serbia,1999.0,POL3,93.7,MUMPS,120.5
GRC,Greece,1984.0,POL3,98.0,MEASLES,120.3
SWE,Sweden,1984.0,DTPCV1,99.0,MEASLES,120.3
SWE,Sweden,1984.0,DTPCV3,99.0,MEASLES,120.3
SWE,Sweden,1984.0,MCV1,93.33,MEASLES,120.3
SWE,Sweden,1984.0,POL3,98.0,MEASLES,120.3
SWE,Sweden,1984.0,RCV1,94.0,MEASLES,120.3
KWT,Kuwait,1986.0,DTPCV1,97.0,MEASLES,120.2
KWT,Kuwait,1986.0,DTPCV3,91.0,MEASLES,120.2
KWT,Kuwait,1986.0,MCV1,93.0,MEASLES,120.2
KWT,Kuwait,1986.0,POL3,91.0,MEASLES,120.2
GAB,Gabon,1993.0,BCG,97.0,PERTUSSIS,120.0
KGZ,Kyrgyzstan,2013.0,BCG,98.0,MUMPS,119.7
KGZ,Kyrgyzstan,2013.0,DTPCV1,98.33,MUMPS,119.7
KGZ,Kyrgyzstan,2013.0,DTPCV3,96.83,MUMPS,119.7
KGZ,Kyrgyzstan,2013.0,HEPB3,96.83,MUMPS,119.7
KGZ,Kyrgyzstan,2013.0,HEPB_BD,96.0,MUMPS,119.7
KGZ,Kyrgyzstan,2013.0,HIB3,96.83,MUMPS,119.7
KGZ,Kyrgyzstan,2013.0,MCV1,98.73,MUMPS,119.7
KGZ,Kyrgyzstan,2013.0,MCV2,97.2,MUMPS,119.7
KGZ,Kyrgyzstan,2013.0,POL3,96.93,MUMPS,119.7
KGZ,Kyrgyzstan,2013.0,RCV1,98.73,MUMPS,119.7
JPN,Japan,2019.0,BCG,97.65,MUMPS,119.6
JPN,Japan,2019.0,DTPCV1,98.07,MUMPS,119.6
JPN,Japan,2019.0,DTPCV3,98.1,MUMPS,119.6
JPN,Japan,2019.0,HEPB3,99.4,MUMPS,119.6
JPN,Japan,2019.0,HIB3,97.8,MUMPS,119.6
JPN,Japan,2019.0,IPV1,97.73,MUMPS,119.6
JPN,Japan,2019.0,JAPENC_C,92.8,MUMPS,119.6
JPN,Japan,2019.0,MCV1,96.0,MUMPS,119.6
JPN,Japan,2019.0,MCV2,93.27,MUMPS,119.6
JPN,Japan,2019.0,PCV1,99.0,MUMPS,119.6
JPN,Japan,2019.0,PCV2,98.4,MUMPS,119.6
JPN,Japan,2019.0,PCV3,96.8,MUMPS,119.6
JPN,Japan,2019.0,POL3,98.15,MUMPS,119.6
JPN,Japan,2019.0,RCV1,96.0,MUMPS,119.6
AZE,Azerbaijan,2005.0,BCG,92.67,RUBELLA,119.2
AZE,Azerbaijan,2005.0,DTPCV1,90.33,RUBELLA,119.2
AZE,Azerbaijan,2005.0,HEPB_BD,92.8,RUBELLA,119.2
AZE,Azerbaijan,2005.0,POL3,91.0,RUBELLA,119.2
AZE,Azerbaijan,2005.0,VAD1,98.2,RUBELLA,119.2
BGR,Bulgaria,2006.0,BCG,98.0,MUMPS,119.2
BGR,Bulgaria,2006.0,DTPCV1,97.0,MUMPS,119.2
BGR,Bulgaria,2006.0,DTPCV3,95.0,MUMPS,119.2
BGR,Bulgaria,2006.0,HEPB3,96.0,MUMPS,119.2
BGR,Bulgaria,2006.0,HEPB_BD,98.73,MUMPS,119.2
BGR,Bulgaria,2006.0,MCV1,96.0,MUMPS,119.2
BGR,Bulgaria,2006.0,MCV2,93.2,MUMPS,119.2
BGR,Bulgaria,2006.0,POL3,96.0,MUMPS,119.2
BGR,Bulgaria,2006.0,RCV1,95.8,MUMPS,119.2
BOL,Bolivia (Plurinational State of),2023.0,PAB,92.0,MUMPS,119.2
MEX,Mexico,2000.0,BCG,99.67,RUBELLA,119.1
MEX,Mexico,2000.0,DTPCV1,99.0,RUBELLA,119.1
MEX,Mexico,2000.0,DTPCV3,97.0,RUBELLA,119.1
MEX,Mexico,2000.0,HEPB3,97.0,RUBELLA,119.1
MEX,Mexico,2000.0,HIB3,97.0,RUBELLA,119.1
MEX,Mexico,2000.0,MCV1,95.93,RUBELLA,119.1
MEX,Mexico,2000.0,MCV2,98.2,RUBELLA,119.1
MEX,Mexico,2000.0,POL3,97.0,RUBELLA,119.1
MEX,Mexico,2000.0,RCV1,96.0,RUBELLA,119.1
KEN,Kenya,1997.0,DTPCV1,96.0,MEASLES,118.8
OMN,Oman,1991.0,BCG,94.0,MEASLES,118.8
OMN,Oman,1991.0,DTPCV1,98.0,MEASLES,118.8
OMN,Oman,1991.0,DTPCV3,95.0,MEASLES,118.8
OMN,Oman,1991.0,HEPB3,94.0,MEASLES,118.8
OMN,Oman,1991.0,MCV1,96.0,MEASLES,118.8
OMN,Oman,1991.0,POL3,95.0,MEASLES,118.8
SRB,Serbia,1998.0,DTPCV1,97.0,MEASLES,118.7
SRB,Serbia,1998.0,DTPCV3,93.0,MEASLES,118.7
SRB,Serbia,1998.0,POL3,93.0,MEASLES,118.7
BEL,Belgium,2018.0,DIPHCV4,92.7,PERTUSSIS,118.5
BEL,Belgium,2018.0,DIPHCV5,92.7,PERTUSSIS,118.5
BEL,Belgium,2018.0,DTPCV1,99.05,PERTUSSIS,118.5
BEL,Belgium,2018.0,DTPCV3,97.9,PERTUSSIS,118.5
BEL,Belgium,2018.0,HEPB3,97.1,PERTUSSIS,118.5
BEL,Belgium,2018.0,HIB3,97.2,PERTUSSIS,118.5
BEL,Belgium,2018.0,IPV1,99.25,PERTUSSIS,118.5
BEL,Belgium,2018.0,MCV1,95.85,PERTUSSIS,118.5
BEL,Belgium,2018.0,PCV1,97.9,PERTUSSIS,118.5
BEL,Belgium,2018.0,PCV2,97.0,PERTUSSIS,118.5
BEL,Belgium,2018.0,PCV3,93.8,PERTUSSIS,118.5
BEL,Belgium,2018.0,PERCV4,92.7,PERTUSSIS,118.5
BEL,Belgium,2018.0,POL3,98.1,PERTUSSIS,118.5
BEL,Belgium,2018.0,RCV1,95.85,PERTUSSIS,118.5
BEL,Belgium,2018.0,ROTA1,90.5,PERTUSSIS,118.5
BEL,Belgium,2018.0,TTCV4,92.7,PERTUSSIS,118.5
BEL,Belgium,2018.0,TTCV5,92.7,PERTUSSIS,118.5
CIV,Côte d'Ivoire,2018.0,BCG,93.33,MUMPS,118.3
CIV,Côte d'Ivoire,2018.0,DTPCV1,97.67,MUMPS,118.3
CIV,Côte d'Ivoire,2018.0,DTPCV3,91.67,MUMPS,118.3
CIV,Côte d'Ivoire,2018.0,HEPB3,91.67,MUMPS,118.3
CIV,Côte d'Ivoire,2018.0,HIB3,91.67,MUMPS,118.3
CIV,Côte d'Ivoire,2018.0,PCV1,99.0,MUMPS,118.3
CIV,Côte d'Ivoire,2018.0,PCV2,96.2,MUMPS,118.3
CIV,Côte d'Ivoire,2018.0,PCV3,91.0,MUMPS,118.3
CIV,Côte d'Ivoire,2018.0,POL3,91.0,MUMPS,118.3
CHN,China,1992.0,BCG,94.0,MEASLES,118.2
CHN,China,1992.0,DTPCV1,97.0,MEASLES,118.2
CHN,China,1992.0,DTPCV3,93.0,MEASLES,118.2
CHN,China,1992.0,MCV1,91.67,MEASLES,118.2
CHN,China,1992.0,POL3,94.33,MEASLES,118.2
LBY,Libya,2002.0,BCG,99.0,MUMPS,118.2
LBY,Libya,2002.0,DTPCV1,96.9,MUMPS,118.2
LBY,Libya,2002.0,DTPCV3,93.25,MUMPS,118.2
LBY,Libya,2002.0,HEPB3,90.9,MUMPS,118.2
LBY,Libya,2002.0,HEPB_BD,99.0,MUMPS,118.2
LBY,Libya,2002.0,MCV1,91.0,MUMPS,118.2
LBY,Libya,2002.0,POL3,93.25,MUMPS,118.2
LBY,Libya,2002.0,RCV1,91.0,MUMPS,118.2
ERI,Eritrea,2011.0,BCG,91.0,RUBELLA,118.1
ERI,Eritrea,2011.0,DTPCV1,93.0,RUBELLA,118.1
ERI,Eritrea,2011.0,PAB,94.0,RUBELLA,118.1
MDA,Republic of Moldova,1992.0,BCG,92.0,PERTUSSIS,118.1
MDA,Republic of Moldova,1992.0,DTPCV1,94.0,PERTUSSIS,118.1
MDA,Republic of Moldova,1992.0,POL3,92.93,PERTUSSIS,118.1
IRL,Ireland,2018.0,DTPCV1,98.0,MUMPS,118.0
IRL,Ireland,2018.0,DTPCV3,94.31,MUMPS,118.0
IRL,Ireland,2018.0,HEPB3,94.25,MUMPS,118.0
IRL,Ireland,2018.0,HIB3,94.3,MUMPS,118.0
IRL,Ireland,2018.0,IPV1,98.0,MUMPS,118.0
IRL,Ireland,2018.0,MCV1,92.23,MUMPS,118.0
IRL,Ireland,2018.0,POL3,94.31,MUMPS,118.0
IRL,Ireland,2018.0,RCV1,92.23,MUMPS,118.0
MKD,North Macedonia,2010.0,BCG,96.0,MUMPS,118.0
MKD,North Macedonia,2010.0,DTPCV1,97.0,MUMPS,118.0
MKD,North Macedonia,2010.0,DTPCV3,95.26,MUMPS,118.0
MKD,North Macedonia,2010.0,HEPB3,90.25,MUMPS,118.0
MKD,North Macedonia,2010.0,HEPB_BD,95.0,MUMPS,118.0
MKD,North Macedonia,2010.0,MCV1,98.07,MUMPS,118.0
MKD,North Macedonia,2010.0,MCV2,98.94,MUMPS,118.0
MKD,North Macedonia,2010.0,POL3,94.85,MUMPS,118.0
MKD,North Macedonia,2010.0,RCV1,98.07,MUMPS,118.0
FIN,Finland,1997.0,BCG,99.0,PERTUSSIS,117.9
FIN,Finland,1997.0,DTPCV1,99.0,PERTUSSIS,117.9
FIN,Finland,1997.0,DTPCV3,99.0,PERTUSSIS,117.9
FIN,Finland,1997.0,HIB3,96.0,PERTUSSIS,117.9
FIN,Finland,1997.0,MCV1,96.0,PERTUSSIS,117.9
FIN,Finland,1997.0,POL3,95.0,PERTUSSIS,117.9
FIN,Finland,1997.0,RCV1,96.0,PERTUSSIS,117.9
GBR,United Kingdom of Great Britain and Northern Ireland,1996.0,DTPCV1,97.0,MEASLES,117.8
GBR,United Kingdom of Great Britain and Northern Ireland,1996.0,DTPCV3,95.33,MEASLES,117.8
GBR,United Kingdom of Great Britain and Northern Ireland,1996.0,HIB3,95.1,MEASLES,117.8
GBR,United Kingdom of Great Britain and Northern Ireland,1996.0,MCV1,92.0,MEASLES,117.8
GBR,United Kingdom of Great Britain and Northern Ireland,1996.0,POL3,95.87,MEASLES,117.8
GBR,United Kingdom of Great Britain and Northern Ireland,1996.0,RCV1,92.0,MEASLES,117.8
GBR,United Kingdom of Great Britain and Northern Ireland,1996.0,TT2PLUS,96.0,MEASLES,117.8
TJK,Tajikistan,1997.0,BCG,96.2,DIPHTHERIA,117.8
TJK,Tajikistan,1997.0,DTPCV1,90.5,DIPHTHERIA,117.8
TJK,Tajikistan,1997.0,DTPCV3,90.33,DIPHTHERIA,117.8
TJK,Tajikistan,1997.0,MCV1,91.33,DIPHTHERIA,117.8
TJK,Tajikistan,1997.0,TT2PLUS,95.0,DIPHTHERIA,117.8
MAC,"China, Macao SAR",2019.0,BCG,99.2,RUBELLA,117.7
MAC,"China, Macao SAR",2019.0,DIPHCV4,96.82,RUBELLA,117.7
MAC,"China, Macao SAR",2019.0,DTPCV1,98.84,RUBELLA,117.7
MAC,"China, Macao SAR",2019.0,DTPCV3,97.96,RUBELLA,117.7
MAC,"China, Macao SAR",2019.0,FLU_RESIDENT,99.0,RUBELLA,117.7
MAC,"China, Macao SAR",2019.0,HEPB3,98.03,RUBELLA,117.7
MAC,"China, Macao SAR",2019.0,HEPB_BD,99.23,RUBELLA,117.7
MAC,"China, Macao SAR",2019.0,HEPB_BDALL,99.23,RUBELLA,117.7
MAC,"China, Macao SAR",2019.0,HIB3,97.18,RUBELLA,117.7
MAC,"China, Macao SAR",2019.0,IPV1,98.84,RUBELLA,117.7
MAC,"China, Macao SAR",2019.0,MCV1,97.78,RUBELLA,117.7
MAC,"China, Macao SAR",2019.0,MCV2,96.16,RUBELLA,117.7
MAC,"China, Macao SAR",2019.0,PCV1,98.81,RUBELLA,117.7
MAC,"China, Macao SAR",2019.0,PCV2,98.09,RUBELLA,117.7
MAC,"China, Macao SAR",2019.0,PCV3,97.22,RUBELLA,117.7
MAC,"China, Macao SAR",2019.0,PERCV4,96.82,RUBELLA,117.7
MAC,"China, Macao SAR",2019.0,POL3,97.95,RUBELLA,117.7
MAC,"China, Macao SAR",2019.0,RCV1,97.78,RUBELLA,117.7
MAC,"China, Macao SAR",2019.0,TTCV4,96.82,RUBELLA,117.7
THA,Thailand,2006.0,BCG,99.5,MUMPS,117.7
THA,Thailand,2006.0,DTPCV1,99.0,MUMPS,117.7
THA,Thailand,2006.0,DTPCV3,98.0,MUMPS,117.7
THA,Thailand,2006.0,HEPB3,96.0,MUMPS,117.7
THA,Thailand,2006.0,HEPB_BD,99.3,MUMPS,117.7
THA,Thailand,2006.0,MCV1,96.0,MUMPS,117.7
THA,Thailand,2006.0,MCV2,94.05,MUMPS,117.7
THA,Thailand,2006.0,POL3,98.0,MUMPS,117.7
THA,Thailand,2006.0,RCV1,96.0,MUMPS,117.7
THA,Thailand,2006.0,TT2PLUS,93.3,MUMPS,117.7
CZE,Czechia,2013.0,DTPCV1,99.0,PERTUSSIS,117.3
CZE,Czechia,2013.0,DTPCV3,98.0,PERTUSSIS,117.3
CZE,Czechia,2013.0,HEPB3,99.11,PERTUSSIS,117.3
CZE,Czechia,2013.0,HIB3,99.11,PERTUSSIS,117.3
CZE,Czechia,2013.0,MCV1,99.0,PERTUSSIS,117.3
CZE,Czechia,2013.0,MCV2,98.67,PERTUSSIS,117.3
CZE,Czechia,2013.0,POL3,99.11,PERTUSSIS,117.3
CZE,Czechia,2013.0,RCV1,98.76,PERTUSSIS,117.3
LBY,Libya,2009.0,BCG,99.67,MUMPS,117.2
LBY,Libya,2009.0,DTPCV1,98.22,MUMPS,117.2
LBY,Libya,2009.0,DTPCV3,97.9,MUMPS,117.2
LBY,Libya,2009.0,HEPB3,97.9,MUMPS,117.2
LBY,Libya,2009.0,HEPB_BD,100.0,MUMPS,117.2
LBY,Libya,2009.0,HIB3,97.9,MUMPS,117.2
LBY,Libya,2009.0,MCV1,97.53,MUMPS,117.2
LBY,Libya,2009.0,MCV2,96.03,MUMPS,117.2
LBY,Libya,2009.0,POL3,97.9,MUMPS,117.2
LBY,Libya,2009.0,RCV1,97.53,MUMPS,117.2
URY,Uruguay,1984.0,BCG,93.0,MEASLES,117.2
LBY,Libya,2001.0,BCG,98.8,MEASLES,117.1
LBY,Libya,2001.0,DTPCV1,96.0,MEASLES,117.1
LBY,Libya,2001.0,DTPCV3,93.8,MEASLES,117.1
LBY,Libya,2001.0,HEPB3,93.1,MEASLES,117.1
LBY,Libya,2001.0,HEPB_BD,98.6,MEASLES,117.1
LBY,Libya,2001.0,MCV1,93.1,MEASLES,117.1
LBY,Libya,2001.0,POL3,93.8,MEASLES,117.1
LBY,Libya,2001.0,RCV1,93.0,MEASLES,117.1
MNG,Mongolia,1982.0,DTPCV1,92.0,MEASLES,117.1
MNG,Mongolia,1982.0,POL3,94.67,MEASLES,117.1
TCD,Chad,2022.0,BCG,92.19,MEASLES,116.9
TCD,Chad,2022.0,DTPCV1,93.23,MEASLES,116.9
BTN,Bhutan,1999.0,DTPCV1,95.0,TTETANUS,116.7
MAC,"China, Macao SAR",2011.0,BCG,100.0,MUMPS,116.4
MAC,"China, Macao SAR",2011.0,DTPCV1,95.0,MUMPS,116.4
MAC,"China, Macao SAR",2011.0,DTPCV3,94.0,MUMPS,116.4
MAC,"China, Macao SAR",2011.0,HEPB3,94.0,MUMPS,116.4
MAC,"China, Macao SAR",2011.0,HEPB_BD,100.0,MUMPS,116.4
MAC,"China, Macao SAR",2011.0,HIB3,92.0,MUMPS,116.4
MAC,"China, Macao SAR",2011.0,MCV1,93.0,MUMPS,116.4
MAC,"China, Macao SAR",2011.0,MCV2,90.2,MUMPS,116.4
MAC,"China, Macao SAR",2011.0,PCV1,95.0,MUMPS,116.4
MAC,"China, Macao SAR",2011.0,PCV3,92.3,MUMPS,116.4
MAC,"China, Macao SAR",2011.0,POL3,93.6,MUMPS,116.4
VEN,Venezuela (Bolivarian Republic of),2010.0,BCG,92.0,MUMPS,116.4
VEN,Venezuela (Bolivarian Republic of),2010.0,DTPCV1,90.0,MUMPS,116.4
CHE,Switzerland,2009.0,DTPCV1,95.0,MUMPS,116.3
CHE,Switzerland,2009.0,DTPCV3,95.0,MUMPS,116.3
CHE,Switzerland,2009.0,HIB3,95.0,MUMPS,116.3
CHE,Switzerland,2009.0,MCV1,92.0,MUMPS,116.3
CHE,Switzerland,2009.0,POL3,96.0,MUMPS,116.3
BRN,Brunei Darussalam,1988.0,DTPCV1,96.0,MEASLES,116.2
BRN,Brunei Darussalam,1988.0,MCV1,99.67,MEASLES,116.2
BRN,Brunei Darussalam,1988.0,RCV1,99.0,MEASLES,116.2
MHL,Marshall Islands,2003.0,BCG,93.0,MUMPS,116.2
MHL,Marshall Islands,2003.0,DTPCV1,90.0,MUMPS,116.2
MHL,Marshall Islands,2003.0,HEPB_BD,95.0,MUMPS,116.2
MHL,Marshall Islands,2003.0,MCV1,91.0,MUMPS,116.2
MHL,Marshall Islands,2003.0,MCV2,90.0,MUMPS,116.2
MHL,Marshall Islands,2003.0,RCV1,90.0,MUMPS,116.2
NER,Niger,2020.0,BCG,94.0,MEASLES,116.1
NER,Niger,2020.0,DTPCV1,93.0,MEASLES,116.1
NER,Niger,2020.0,PCV1,93.0,MEASLES,116.1
NER,Niger,2020.0,PCV2,93.17,MEASLES,116.1
NER,Niger,2020.0,ROTA1,93.0,MEASLES,116.1
ARG,Argentina,1988.0,BCG,91.0,PERTUSSIS,116.0
ARG,Argentina,1988.0,DTPCV1,93.0,PERTUSSIS,116.0
ARG,Argentina,1988.0,POL3,90.0,PERTUSSIS,116.0
BTN,Bhutan,1998.0,BCG,94.0,MEASLES,115.9
BTN,Bhutan,1998.0,DTPCV1,96.0,MEASLES,115.9
BFA,Burkina Faso,2020.0,BCG,97.19,MEASLES,115.5
BFA,Burkina Faso,2020.0,DTPCV1,95.0,MEASLES,115.5
BFA,Burkina Faso,2020.0,DTPCV3,93.56,MEASLES,115.5
BFA,Burkina Faso,2020.0,HEPB3,91.0,MEASLES,115.5
BFA,Burkina Faso,2020.0,HIB3,93.56,MEASLES,115.5
BFA,Burkina Faso,2020.0,MCV1,91.5,MEASLES,115.5
BFA,Burkina Faso,2020.0,PAB,95.0,MEASLES,115.5
BFA,Burkina Faso,2020.0,PCV1,95.0,MEASLES,115.5
BFA,Burkina Faso,2020.0,PCV2,95.1,MEASLES,115.5
BFA,Burkina Faso,2020.0,PCV3,93.6,MEASLES,115.5
BFA,Burkina Faso,2020.0,POL3,91.0,MEASLES,115.5
BFA,Burkina Faso,2020.0,RCV1,91.5,MEASLES,115.5
BFA,Burkina Faso,2020.0,ROTA1,91.0,MEASLES,115.5
BFA,Burkina Faso,2020.0,ROTAC,91.65,MEASLES,115.5
SVK,Slovakia,1997.0,BCG,95.13,MEASLES,115.5
SVK,Slovakia,1997.0,DTPCV1,99.0,MEASLES,115.5
SVK,Slovakia,1997.0,DTPCV3,99.0,MEASLES,115.5
SVK,Slovakia,1997.0,MCV1,99.0,MEASLES,115.5
SVK,Slovakia,1997.0,POL3,98.03,MEASLES,115.5
SVK,Slovakia,1997.0,RCV1,99.0,MEASLES,115.5
SVK,Slovakia,1997.0,TT2PLUS,99.0,MEASLES,115.5
VEN,Venezuela (Bolivarian Republic of),2005.0,BCG,95.0,MUMPS,115.5
VEN,Venezuela (Bolivarian Republic of),2005.0,DTPCV1,98.0,MUMPS,115.5
VEN,Venezuela (Bolivarian Republic of),2005.0,YFV,94.0,MUMPS,115.5
OMN,Oman,1993.0,BCG,95.0,PERTUSSIS,115.3
OMN,Oman,1993.0,DTPCV1,98.0,PERTUSSIS,115.3
OMN,Oman,1993.0,DTPCV3,97.0,PERTUSSIS,115.3
OMN,Oman,1993.0,HEPB3,96.0,PERTUSSIS,115.3
OMN,Oman,1993.0,MCV1,95.0,PERTUSSIS,115.3
OMN,Oman,1993.0,PAB,93.0,PERTUSSIS,115.3
OMN,Oman,1993.0,POL3,97.0,PERTUSSIS,115.3
OMN,Oman,1993.0,TT2PLUS,95.0,PERTUSSIS,115.3
DZA,Algeria,1993.0,DTPCV1,96.0,MEASLES,115.2
GRD,Grenada,1984.0,DTPCV1,91.0,MEASLES,115.2
THA,Thailand,2008.0,BCG,99.5,MEASLES,115.2
THA,Thailand,2008.0,DTPCV1,99.5,MEASLES,115.2
THA,Thailand,2008.0,DTPCV3,99.0,MEASLES,115.2
THA,Thailand,2008.0,HEPB3,98.0,MEASLES,115.2
THA,Thailand,2008.0,HEPB_BD,99.9,MEASLES,115.2
THA,Thailand,2008.0,JAPENC,94.6,MEASLES,115.2
THA,Thailand,2008.0,MCV1,98.0,MEASLES,115.2
THA,Thailand,2008.0,MCV2,91.1,MEASLES,115.2
THA,Thailand,2008.0,PAB,91.0,MEASLES,115.2
THA,Thailand,2008.0,POL3,99.0,MEASLES,115.2
THA,Thailand,2008.0,RCV1,98.0,MEASLES,115.2
THA,Thailand,2008.0,TT2PLUS,96.7,MEASLES,115.2
LKA,Sri Lanka,1991.0,DTPCV1,95.0,MEASLES,115.1
THA,Thailand,2001.0,BCG,98.23,MEASLES,115.0
THA,Thailand,2001.0,DTPCV1,98.25,MEASLES,115.0
THA,Thailand,2001.0,DTPCV3,93.89,MEASLES,115.0
THA,Thailand,2001.0,HEPB3,93.69,MEASLES,115.0
THA,Thailand,2001.0,HEPB_BD,99.0,MEASLES,115.0
THA,Thailand,2001.0,MCV1,90.6,MEASLES,115.0
THA,Thailand,2001.0,POL3,94.59,MEASLES,115.0
THA,Thailand,2001.0,RCV1,94.0,MEASLES,115.0
THA,Thailand,2001.0,TT2PLUS,92.65,MEASLES,115.0
AIA,Anguilla,1991.0,BCG,99.0,MEASLES,114.9
AIA,Anguilla,1991.0,DTPCV3,99.0,MEASLES,114.9
AIA,Anguilla,1991.0,MCV1,99.0,MEASLES,114.9
AIA,Anguilla,1991.0,POL3,99.0,MEASLES,114.9
AIA,Anguilla,1991.0,TT2PLUS,100.0,MEASLES,114.9
MKD,North Macedonia,1994.0,BCG,90.0,MEASLES,114.9
MKD,North Macedonia,1994.0,DTPCV1,96.0,MEASLES,114.9
MKD,North Macedonia,1994.0,POL3,91.0,MEASLES,114.9
MYS,Malaysia,1999.0,BCG,98.77,MEASLES,114.8
MYS,Malaysia,1999.0,DTPCV1,98.5,MEASLES,114.8
MYS,Malaysia,1999.0,DTPCV3,94.48,MEASLES,114.8
MYS,Malaysia,1999.0,HEPB3,92.67,MEASLES,114.8
MYS,Malaysia,1999.0,MCV1,90.33,MEASLES,114.8
MYS,Malaysia,1999.0,POL3,94.33,MEASLES,114.8
MYS,Malaysia,1999.0,RCV1,97.0,MEASLES,114.8
MLT,Malta,1992.0,DTPCV1,94.0,MEASLES,114.7
MLT,Malta,1992.0,MCV1,92.0,MEASLES,114.7
MLT,Malta,1992.0,RCV1,92.0,MEASLES,114.7
TON,Tonga,2023.0,BCG,98.99,MEASLES,114.7
TON,Tonga,2023.0,DIPHCV4,98.39,MEASLES,114.7
TON,Tonga,2023.0,DTPCV1,99.27,MEASLES,114.7
TON,Tonga,2023.0,DTPCV3,99.11,MEASLES,114.7
TON,Tonga,2023.0,HEPB3,99.11,MEASLES,114.7
TON,Tonga,2023.0,HEPB_BD,99.13,MEASLES,114.7
TON,Tonga,2023.0,HEPB_BDALL,99.2,MEASLES,114.7
TON,Tonga,2023.0,HIB3,99.11,MEASLES,114.7
TON,Tonga,2023.0,IPV1,99.27,MEASLES,114.7
TON,Tonga,2023.0,MCV1,99.67,MEASLES,114.7
TON,Tonga,2023.0,MCV2,98.97,MEASLES,114.7
TON,Tonga,2023.0,PAB,98.9,MEASLES,114.7
TON,Tonga,2023.0,PCV1,99.4,MEASLES,114.7
TON,Tonga,2023.0,PCV2,99.4,MEASLES,114.7
TON,Tonga,2023.0,PCV3,99.11,MEASLES,114.7
TON,Tonga,2023.0,PERCV4,99.4,MEASLES,114.7
TON,Tonga,2023.0,POL3,99.11,MEASLES,114.7
TON,Tonga,2023.0,RCV1,99.27,MEASLES,114.7
TON,Tonga,2023.0,ROTA1,99.4,MEASLES,114.7
TON,Tonga,2023.0,ROTAC,99.19,MEASLES,114.7
TON,Tonga,2023.0,TTCV4,98.39,MEASLES,114.7
TON,Tonga,2023.0,TTCV6,99.17,MEASLES,114.7
BHR,Bahrain,1990.0,DTPCV1,97.0,MEASLES,114.6
BHR,Bahrain,1990.0,DTPCV3,94.33,MEASLES,114.6
BHR,Bahrain,1990.0,POL3,94.33,MEASLES,114.6
ZAF,South Africa,1991.0,DTPCV1,93.0,MEASLES,114.6
LSO,Lesotho,1985.0,DTPCV1,92.0,PERTUSSIS,114.5
AZE,Azerbaijan,1995.0,DTPCV1,90.33,DIPHTHERIA,114.4
AZE,Azerbaijan,1995.0,DTPCV3,90.67,DIPHTHERIA,114.4
AZE,Azerbaijan,1995.0,TT2PLUS,100.0,DIPHTHERIA,114.4
FIN,Finland,1996.0,BCG,99.4,PERTUSSIS,114.3
FIN,Finland,1996.0,DTPCV1,99.0,PERTUSSIS,114.3
FIN,Finland,1996.0,DTPCV3,99.67,PERTUSSIS,114.3
FIN,Finland,1996.0,HIB3,96.1,PERTUSSIS,114.3
FIN,Finland,1996.0,MCV1,98.0,PERTUSSIS,114.3
FIN,Finland,1996.0,POL3,99.33,PERTUSSIS,114.3
FIN,Finland,1996.0,RCV1,98.0,PERTUSSIS,114.3
FIN,Finland,1996.0,TT2PLUS,100.0,PERTUSSIS,114.3
IRQ,Iraq,2005.0,BCG,94.03,MUMPS,114.2
IRQ,Iraq,2005.0,DTPCV1,92.5,MUMPS,114.2
IRQ,Iraq,2005.0,HEPB_BD,93.0,MUMPS,114.2
VEN,Venezuela (Bolivarian Republic of),1984.0,BCG,92.0,PERTUSSIS,114.0
WSM,Samoa,2010.0,BCG,91.54,PERTUSSIS,114.0
WSM,Samoa,2010.0,DTPCV1,94.91,PERTUSSIS,114.0
CHL,Chile,2003.0,BCG,95.0,MUMPS,113.9
CHL,Chile,2003.0,DTPCV1,96.0,MUMPS,113.9
CHL,Chile,2003.0,DTPCV3,96.0,MUMPS,113.9
CHL,Chile,2003.0,HIB3,96.0,MUMPS,113.9
CHL,Chile,2003.0,MCV1,96.0,MUMPS,113.9
CHL,Chile,2003.0,POL3,96.0,MUMPS,113.9
CHL,Chile,2003.0,RCV1,96.0,MUMPS,113.9
GNB,Guinea-Bissau,1989.0,BCG,95.0,TTETANUS,113.8
MNG,Mongolia,2016.0,BCG,99.27,MUMPS,113.8
MNG,Mongolia,2016.0,DTPCV1,99.0,MUMPS,113.8
MNG,Mongolia,2016.0,DTPCV3,98.8,MUMPS,113.8
MNG,Mongolia,2016.0,HEPB3,98.8,MUMPS,113.8
MNG,Mongolia,2016.0,HEPB_BD,97.93,MUMPS,113.8
MNG,Mongolia,2016.0,HEPB_BDALL,99.4,MUMPS,113.8
MNG,Mongolia,2016.0,HIB3,98.8,MUMPS,113.8
MNG,Mongolia,2016.0,MCV1,98.33,MUMPS,113.8
MNG,Mongolia,2016.0,MCV2,92.73,MUMPS,113.8
MNG,Mongolia,2016.0,PCV1,100.0,MUMPS,113.8
MNG,Mongolia,2016.0,POL3,98.8,MUMPS,113.8
MNG,Mongolia,2016.0,RCV1,98.33,MUMPS,113.8
GEO,Georgia,2015.0,BCG,95.83,MEASLES,113.7
GEO,Georgia,2015.0,DTPCV1,96.73,MEASLES,113.7
GEO,Georgia,2015.0,DTPCV3,93.8,MEASLES,113.7
GEO,Georgia,2015.0,HEPB3,92.33,MEASLES,113.7
GEO,Georgia,2015.0,HEPB_BD,93.0,MEASLES,113.7
GEO,Georgia,2015.0,MCV1,96.0,MEASLES,113.7
GEO,Georgia,2015.0,MCV2,91.0,MEASLES,113.7
GEO,Georgia,2015.0,PCV1,100.0,MEASLES,113.7
GEO,Georgia,2015.0,PCV2,90.0,MEASLES,113.7
GEO,Georgia,2015.0,POL3,90.4,MEASLES,113.7
GEO,Georgia,2015.0,RCV1,96.0,MEASLES,113.7
ARE,United Arab Emirates,2001.0,BCG,98.0,MUMPS,113.6
ARE,United Arab Emirates,2001.0,DTPCV1,96.0,MUMPS,113.6
ARE,United Arab Emirates,2001.0,DTPCV3,94.0,MUMPS,113.6
ARE,United Arab Emirates,2001.0,HEPB3,92.0,MUMPS,113.6
ARE,United Arab Emirates,2001.0,HEPB_BD,98.0,MUMPS,113.6
ARE,United Arab Emirates,2001.0,HIB3,92.0,MUMPS,113.6
ARE,United Arab Emirates,2001.0,MCV1,94.0,MUMPS,113.6
ARE,United Arab Emirates,2001.0,MCV2,92.0,MUMPS,113.6
ARE,United Arab Emirates,2001.0,POL3,94.0,MUMPS,113.6
ARE,United Arab Emirates,2001.0,RCV1,94.0,MUMPS,113.6
EST,Estonia,2006.0,BCG,99.0,PERTUSSIS,113.6
EST,Estonia,2006.0,DTPCV1,98.0,PERTUSSIS,113.6
EST,Estonia,2006.0,DTPCV3,95.0,PERTUSSIS,113.6
EST,Estonia,2006.0,HEPB3,95.0,PERTUSSIS,113.6
EST,Estonia,2006.0,MCV1,96.0,PERTUSSIS,113.6
EST,Estonia,2006.0,MCV2,97.67,PERTUSSIS,113.6
EST,Estonia,2006.0,POL3,95.0,PERTUSSIS,113.6
EST,Estonia,2006.0,RCV1,96.0,PERTUSSIS,113.6
SLV,El Salvador,2001.0,BCG,92.0,MUMPS,113.6
SLV,El Salvador,2001.0,DTPCV3,92.0,MUMPS,113.6
SLV,El Salvador,2001.0,POL3,94.0,MUMPS,113.6
SLV,El Salvador,2001.0,RCV1,95.0,MUMPS,113.6
TJK,Tajikistan,1994.0,BCG,96.1,PERTUSSIS,113.6
TJK,Tajikistan,1994.0,DTPCV1,93.0,PERTUSSIS,113.6
TJK,Tajikistan,1994.0,DTPCV3,90.33,PERTUSSIS,113.6
TJK,Tajikistan,1994.0,TT2PLUS,95.0,PERTUSSIS,113.6
YEM,Yemen,2007.0,DTPCV1,92.0,PERTUSSIS,113.5
WSM,Samoa,2003.0,DTPCV1,95.5,MUMPS,113.3
WSM,Samoa,2003.0,DTPCV3,92.0,MUMPS,113.3
WSM,Samoa,2003.0,HEPB3,93.5,MUMPS,113.3
WSM,Samoa,2003.0,HEPB_BD,91.5,MUMPS,113.3
WSM,Samoa,2003.0,POL3,92.5,MUMPS,113.3
PRK,Democratic People's Republic of Korea,2002.0,BCG,96.33,MUMPS,113.2
PRK,Democratic People's Republic of Korea,2002.0,MCV1,97.67,MUMPS,113.2
PRK,Democratic People's Republic of Korea,2002.0,PAB,91.0,MUMPS,113.2
PRK,Democratic People's Republic of Korea,2002.0,POL3,99.53,MUMPS,113.2
PRK,Democratic People's Republic of Korea,2002.0,TT2PLUS,97.1,MUMPS,113.2
PRK,Democratic People's Republic of Korea,2002.0,VAD1,100.0,MUMPS,113.2
JOR,Jordan,1994.0,DTPCV1,95.0,MEASLES,113.1
JOR,Jordan,1994.0,DTPCV3,95.33,MEASLES,113.1
JOR,Jordan,1994.0,MCV1,91.0,MEASLES,113.1
JOR,Jordan,1994.0,POL3,95.33,MEASLES,113.1
GUY,Guyana,1985.0,BCG,98.0,MEASLES,112.8
GUY,Guyana,1985.0,DTPCV1,91.0,MEASLES,112.8
EST,Estonia,2012.0,BCG,96.97,PERTUSSIS,112.7
EST,Estonia,2012.0,DTPCV1,96.0,PERTUSSIS,112.7
EST,Estonia,2012.0,DTPCV3,94.07,PERTUSSIS,112.7
EST,Estonia,2012.0,HEPB3,94.0,PERTUSSIS,112.7
EST,Estonia,2012.0,HIB3,94.07,PERTUSSIS,112.7
EST,Estonia,2012.0,MCV1,93.87,PERTUSSIS,112.7
EST,Estonia,2012.0,MCV2,94.0,PERTUSSIS,112.7
EST,Estonia,2012.0,POL3,94.07,PERTUSSIS,112.7
EST,Estonia,2012.0,RCV1,93.87,PERTUSSIS,112.7
ISL,Iceland,1981.0,DTPCV1,99.0,PERTUSSIS,112.7
ISL,Iceland,1981.0,DTPCV3,99.0,PERTUSSIS,112.7
ISL,Iceland,1981.0,POL3,99.0,PERTUSSIS,112.7
SDN,Sudan,2018.0,DTPCV1,99.2,MEASLES,112.6
SDN,Sudan,2018.0,DTPCV3,93.13,MEASLES,112.6
SDN,Sudan,2018.0,HEPB3,93.13,MEASLES,112.6
SDN,Sudan,2018.0,HIB3,93.13,MEASLES,112.6
SDN,Sudan,2018.0,PCV1,99.3,MEASLES,112.6
SDN,Sudan,2018.0,PCV2,94.7,MEASLES,112.6
SDN,Sudan,2018.0,PCV3,93.13,MEASLES,112.6
SDN,Sudan,2018.0,POL3,93.13,MEASLES,112.6
SDN,Sudan,2018.0,ROTA1,99.15,MEASLES,112.6
SDN,Sudan,2018.0,ROTAC,95.7,MEASLES,112.6
PRK,Democratic People's Republic of Korea,2003.0,MCV1,95.2,MUMPS,112.5
PRK,Democratic People's Republic of Korea,2003.0,PAB,91.0,MUMPS,112.5
PRK,Democratic People's Republic of Korea,2003.0,POL3,99.4,MUMPS,112.5
PRK,Democratic People's Republic of Korea,2003.0,TT2PLUS,96.45,MUMPS,112.5
PRK,Democratic People's Republic of Korea,2003.0,VAD1,99.8,MUMPS,112.5
QAT,Qatar,2002.0,BCG,99.67,MUMPS,112.5
QAT,Qatar,2002.0,DTPCV1,96.0,MUMPS,112.5
QAT,Qatar,2002.0,DTPCV3,96.0,MUMPS,112.5
QAT,Qatar,2002.0,HEPB3,98.0,MUMPS,112.5
QAT,Qatar,2002.0,HEPB_BD,99.67,MUMPS,112.5
QAT,Qatar,2002.0,HIB3,96.0,MUMPS,112.5
QAT,Qatar,2002.0,MCV1,99.67,MUMPS,112.5
QAT,Qatar,2002.0,MCV2,91.0,MUMPS,112.5
QAT,Qatar,2002.0,POL3,96.0,MUMPS,112.5
QAT,Qatar,2002.0,RCV1,99.0,MUMPS,112.5
BLZ,Belize,2010.0,BCG,98.0,MUMPS,112.4
BLZ,Belize,2010.0,DTPCV1,98.18,MUMPS,112.4
BLZ,Belize,2010.0,DTPCV3,95.92,MUMPS,112.4
BLZ,Belize,2010.0,HEPB3,95.91,MUMPS,112.4
BLZ,Belize,2010.0,HIB3,95.91,MUMPS,112.4
BLZ,Belize,2010.0,MCV1,97.85,MUMPS,112.4
BLZ,Belize,2010.0,MCV2,90.95,MUMPS,112.4
BLZ,Belize,2010.0,POL3,96.01,MUMPS,112.4
BLZ,Belize,2010.0,RCV1,97.85,MUMPS,112.4
BLZ,Belize,2010.0,VAD1,99.15,MUMPS,112.4
JPN,Japan,2013.0,BCG,92.93,RUBELLA,112.4
JPN,Japan,2013.0,DTPCV1,98.0,RUBELLA,112.4
JPN,Japan,2013.0,DTPCV3,96.0,RUBELLA,112.4
JPN,Japan,2013.0,HIB3,99.0,RUBELLA,112.4
JPN,Japan,2013.0,MCV1,95.2,RUBELLA,112.4
JPN,Japan,2013.0,MCV2,92.87,RUBELLA,112.4
JPN,Japan,2013.0,PCV3,98.0,RUBELLA,112.4
JPN,Japan,2013.0,POL3,98.8,RUBELLA,112.4
JPN,Japan,2013.0,RCV1,95.2,RUBELLA,112.4
ISL,Iceland,2012.0,DTPCV1,97.0,PERTUSSIS,112.2
ISL,Iceland,2012.0,MCV1,90.0,PERTUSSIS,112.2
ISL,Iceland,2012.0,MCV2,97.0,PERTUSSIS,112.2
ISL,Iceland,2012.0,PCV1,96.0,PERTUSSIS,112.2
ISL,Iceland,2012.0,PCV2,94.0,PERTUSSIS,112.2
ISL,Iceland,2012.0,PRHPV1_F,90.0,PERTUSSIS,112.2
ISL,Iceland,2012.0,PRHPVC_F,92.0,PERTUSSIS,112.2
ISL,Iceland,2012.0,RCV1,90.0,PERTUSSIS,112.2
CHE,Switzerland,1999.0,DTPCV1,95.0,MEASLES,112.0
CHE,Switzerland,1999.0,DTPCV3,93.0,MEASLES,112.0
CHE,Switzerland,1999.0,HIB3,91.0,MEASLES,112.0
CHE,Switzerland,1999.0,POL3,95.0,MEASLES,112.0
HUN,Hungary,1980.0,BCG,99.0,MEASLES,112.0
HUN,Hungary,1980.0,DTPCV1,99.0,MEASLES,112.0
HUN,Hungary,1980.0,DTPCV3,99.0,MEASLES,112.0
HUN,Hungary,1980.0,MCV1,99.0,MEASLES,112.0
HUN,Hungary,1980.0,POL3,98.0,MEASLES,112.0
TUV,Tuvalu,1991.0,BCG,96.67,TTETANUS,112.0
TUV,Tuvalu,1991.0,DTPCV1,90.0,TTETANUS,112.0
CRI,Costa Rica,1999.0,BCG,91.0,MUMPS,111.9
CRI,Costa Rica,1999.0,DTPCV1,90.5,MUMPS,111.9
MAC,"China, Macao SAR",2016.0,BCG,99.85,MUMPS,111.9
MAC,"China, Macao SAR",2016.0,DTPCV1,95.9,MUMPS,111.9
MAC,"China, Macao SAR",2016.0,DTPCV3,94.0,MUMPS,111.9
MAC,"China, Macao SAR",2016.0,HEPB3,94.05,MUMPS,111.9
MAC,"China, Macao SAR",2016.0,HEPB_BD,99.7,MUMPS,111.9
MAC,"China, Macao SAR",2016.0,HIB3,93.15,MUMPS,111.9
MAC,"China, Macao SAR",2016.0,IPV1,95.8,MUMPS,111.9
MAC,"China, Macao SAR",2016.0,MCV1,93.75,MUMPS,111.9
MAC,"China, Macao SAR",2016.0,MCV2,91.5,MUMPS,111.9
MAC,"China, Macao SAR",2016.0,PAB,99.7,MUMPS,111.9
MAC,"China, Macao SAR",2016.0,PCV1,95.6,MUMPS,111.9
MAC,"China, Macao SAR",2016.0,PCV2,94.5,MUMPS,111.9
MAC,"China, Macao SAR",2016.0,PCV3,92.9,MUMPS,111.9
MAC,"China, Macao SAR",2016.0,POL3,94.1,MUMPS,111.9
MAC,"China, Macao SAR",2016.0,RCV1,93.5,MUMPS,111.9
FIN,Finland,2002.0,BCG,98.95,PERTUSSIS,111.7
FIN,Finland,2002.0,DTPCV1,98.9,PERTUSSIS,111.7
FIN,Finland,2002.0,DTPCV3,98.05,PERTUSSIS,111.7
FIN,Finland,2002.0,HIB3,95.8,PERTUSSIS,111.7
FIN,Finland,2002.0,MCV1,95.9,PERTUSSIS,111.7
FIN,Finland,2002.0,POL3,95.15,PERTUSSIS,111.7
FIN,Finland,2002.0,RCV1,96.0,PERTUSSIS,111.7
PHL,Philippines,1993.0,BCG,90.67,MEASLES,111.7
TTO,Trinidad and Tobago,1991.0,MCV1,95.0,MEASLES,111.7
TTO,Trinidad and Tobago,1991.0,RCV1,93.0,MEASLES,111.7
LVA,Latvia,2000.0,BCG,98.67,DIPHTHERIA,111.5
LVA,Latvia,2000.0,DTPCV1,99.67,DIPHTHERIA,111.5
LVA,Latvia,2000.0,DTPCV3,96.67,DIPHTHERIA,111.5
LVA,Latvia,2000.0,HEPB3,91.33,DIPHTHERIA,111.5
LVA,Latvia,2000.0,HEPB_BD,98.07,DIPHTHERIA,111.5
LVA,Latvia,2000.0,MCV1,97.0,DIPHTHERIA,111.5
LVA,Latvia,2000.0,POL3,96.0,DIPHTHERIA,111.5
LVA,Latvia,2000.0,RCV1,97.0,DIPHTHERIA,111.5
PYF,French Polynesia,2009.0,BCG,99.0,PERTUSSIS,111.3
PYF,French Polynesia,2009.0,DTPCV1,98.0,PERTUSSIS,111.3
PYF,French Polynesia,2009.0,DTPCV3,98.0,PERTUSSIS,111.3
PYF,French Polynesia,2009.0,HEPB3,99.0,PERTUSSIS,111.3
PYF,French Polynesia,2009.0,HIB3,98.0,PERTUSSIS,111.3
PYF,French Polynesia,2009.0,MCV1,99.0,PERTUSSIS,111.3
PYF,French Polynesia,2009.0,POL3,98.0,PERTUSSIS,111.3
PYF,French Polynesia,2009.0,RCV1,99.0,PERTUSSIS,111.3
