code,name,year,average_coverage,average_incidence
TUV,Tuvalu,2023.0,92.82678571428575,16707.400000000016
NIU,Niue,1991.0,99.58823529411765,9869.5
ALB,Albania,1989.0,95.15384615384616,8363.68
COK,Cook Islands,1989.0,93.15384615384616,8162.059999999999
TON,Tonga,2019.0,99.34117647058824,6236.399999999997
COK,Cook Islands,2007.0,95.22222222222223,3018.8888888888887
MDV,Maldives,1995.0,95.33333333333333,2990.474999999999
TKL,Tokelau,2017.0,95.2,2870.2999999999997
KNA,Saint Kitts and Nevis,1983.0,91.28571428571429,2626.74
MDV,Maldives,2005.0,95.37037037037037,2468.577777777779
GHA,Ghana,2021.0,92.90441860465108,2406.5249999999987
ATG,Antigua and Barbuda,1998.0,99.54545454545455,2324.633333333333
VGB,British Virgin Islands,1989.0,96.875,2213.4399999999996
COK,Cook Islands,1997.0,91.5,2201.8
TON,Tonga,1997.0,91.21052631578948,2147.5200000000004
NIU,Niue,2003.0,94.41722222222225,2096.4400000000005
MDV,Maldives,2006.0,95.96296296296296,1910.3222222222203
MDV,Maldives,2002.0,97.78571428571429,1587.7000000000005
DNK,Denmark,1981.0,93.66666666666667,1562.7600000000002
DNK,Denmark,1983.0,92.55555555555556,1373.6399999999999
COM,Comoros,1990.0,90.6875,1309.125
DNK,Denmark,1980.0,94.66666666666667,1296.9199999999998
MCO,Monaco,1992.0,98.0,1295.0499999999997
SYC,Seychelles,1998.0,97.26315789473684,1292.483333333333
KIR,Kiribati,1997.0,92.33333333333333,1205.0200000000002
NPL,Nepal,2023.0,91.94540000000005,1192.8
VGB,British Virgin Islands,1990.0,99.0,1146.1399999999999
SYC,Seychelles,1983.0,97.83333333333333,994.75
DNK,Denmark,1986.0,92.875,962.0600000000001
DNK,Denmark,1984.0,91.88888888888889,960.7600000000002
MNG,Mongolia,2016.0,97.19999999999997,916.8363636363621
BLR,Belarus,1999.0,98.68124999999993,846.8375
BRN,Brunei Darussalam,1981.0,94.71428571428571,811.5800000000002
ROU,Romania,2003.0,97.878947368421,781.3
OMN,Oman,1988.0,90.125,765.3399999999998
CHL,Chile,1988.0,96.5,699.3
CHE,Switzerland,1999.0,90.36363636363636,690.5666666666663
DNK,Denmark,1982.0,93.66666666666667,663.8799999999998
SRB,Serbia,1981.0,94.75,653.6599999999996
KNA,Saint Kitts and Nevis,1982.0,93.14285714285714,653.6199999999999
OMN,Oman,1999.0,98.64304347826089,633.6444444444438
MNG,Mongolia,2015.0,97.9993333333331,630.0272727272721
MNG,Mongolia,2001.0,95.68181818181819,619.5400000000003
MKD,North Macedonia,2009.0,94.39392857142863,590.0555555555546
DNK,Denmark,1985.0,95.4,589.4200000000002
MDV,Maldives,1994.0,91.05263157894737,566.2199999999999
ROU,Romania,2004.0,94.3666666666667,524.4099999999996
PYF,French Polynesia,1997.0,93.25,512.38
KGZ,Kyrgyzstan,2015.0,97.44000000000003,512.1166666666664
OMN,Oman,1989.0,95.125,511.98000000000013
BGR,Bulgaria,1999.0,96.22222222222223,500.95999999999975
BFA,Burkina Faso,2009.0,92.65583333333332,493.1
ISL,Iceland,1983.0,90.36363636363636,484.4599999999999
TJK,Tajikistan,1990.0,90.57142857142857,484.2333333333334
GUM,Guam,2011.0,100.0,476.75
BGR,Bulgaria,1992.0,93.35388888888892,475.5600000000001
OMN,Oman,2000.0,95.51387096774215,466.94000000000034
POL,Poland,1999.0,97.47368421052632,455.8428571428567
FRA,France,1997.0,91.19999999999999,455.40000000000003
BGR,Bulgaria,2000.0,92.5652173913044,429.97777777777725
ESP,Spain,1989.0,95.0909090909091,423.9250000000001
ARM,Armenia,1999.0,93.31333333333329,413.13333333333355
ISL,Iceland,1985.0,97.8,403.90000000000003
BTN,Bhutan,2000.0,92.55555555555556,403.1199999999999
UKR,Ukraine,1999.0,98.2857142857143,403.0
KNA,Saint Kitts and Nevis,1990.0,97.76923076923077,395.7199999999999
TZA,United Republic of Tanzania,2023.0,92.34142857142858,387.2285714285719
GHA,Ghana,2022.0,92.97604166666673,383.758333333333
MDA,Republic of Moldova,2002.0,93.64166666666658,370.766666666666
VGB,British Virgin Islands,1980.0,90.0,359.38000000000005
AIA,Anguilla,1990.0,99.0,357.17999999999995
BLR,Belarus,2000.0,93.43450000000018,353.7699999999999
PYF,French Polynesia,1996.0,93.25,343.25999999999993
MWI,Malawi,1997.0,91.25,342.2666666666666
ROU,Romania,2005.0,97.29499999999999,338.47999999999985
ROU,Romania,1999.0,98.12857142857145,331.6
OMN,Oman,1993.0,95.84210526315789,331.2199999999998
ITA,Italy,1985.0,90.66666666666667,319.7
LVA,Latvia,2001.0,96.05199999999996,318.38
ITA,Italy,1984.0,90.0,316.14
FJI,Fiji,1992.0,91.0,308.80000000000007
MNG,Mongolia,2006.0,96.38888888888903,306.03749999999974
MNG,Mongolia,2012.0,98.45689655172427,302.4454545454544
POL,Poland,1990.0,96.07142857142857,298.6600000000002
POL,Poland,1984.0,95.0,297.0599999999999
CHL,Chile,1985.0,96.6923076923077,289.7800000000001
BGR,Bulgaria,2010.0,92.51999999999988,273.9909090909094
RUS,Russian Federation,2002.0,94.398,273.8333333333334
POL,Poland,2001.0,96.90476190476197,271.1599999999999
MDA,Republic of Moldova,1990.0,93.66666666666667,263.1666666666667
POL,Poland,2003.0,96.6304347826087,261.8499999999999
ROU,Romania,1993.0,93.4,261.82
MDA,Republic of Moldova,1999.0,96.40625,258.8333333333333
MNG,Mongolia,2007.0,96.50370370370368,255.92727272727296
MKD,North Macedonia,1993.0,94.94666666666672,252.6200000000001
KAZ,Kazakhstan,2002.0,97.275,248.9999999999999
AND,Andorra,2014.0,95.12999999999994,247.7624999999999
BGR,Bulgaria,1980.0,98.44444444444444,246.87999999999994
BRN,Brunei Darussalam,1982.0,98.0,246.3
KAZ,Kazakhstan,2001.0,95.78695652173911,244.62222222222238
PRT,Portugal,1989.0,90.64285714285714,242.48
ESP,Spain,1988.0,90.36363636363636,239.1249999999999
BEL,Belgium,1992.0,91.25,238.07500000000002
JPN,Japan,2002.0,95.93333333333334,237.5999999999999
MDA,Republic of Moldova,1994.0,90.8,234.4399999999999
DMA,Dominica,1987.0,94.07692307692308,233.7400000000001
FRA,France,1995.0,90.8125,233.125
ISL,Iceland,1982.0,98.0,232.64
ROU,Romania,2002.0,94.56875000000007,229.82999999999998
FRA,France,1996.0,91.0,227.84000000000006
JPN,Japan,2006.0,96.9090909090909,226.8714285714285
GMB,Gambia,1997.0,94.41176470588235,224.05999999999995
ARG,Argentina,1997.0,92.76923076923077,222.21666666666664
BGR,Bulgaria,1981.0,98.33333333333333,217.1
POL,Poland,2002.0,97.28695652173921,215.3900000000001
SRB,Serbia,1988.0,91.25,213.38000000000002
ROU,Romania,1997.0,97.85,212.92
ROU,Romania,2001.0,98.54444444444447,212.25999999999993
CHL,Chile,1986.0,92.35714285714286,205.07999999999996
ESP,Spain,1990.0,93.72727272727273,203.27499999999992
CHL,Chile,1989.0,95.0,200.9199999999999
HUN,Hungary,1981.0,98.76923076923077,199.3400000000001
POL,Poland,1981.0,94.46153846153847,198.61999999999992
OMN,Oman,1992.0,95.84210526315789,195.0200000000002
POL,Poland,1985.0,94.0,193.92000000000004
SGP,Singapore,1999.0,95.07319999999994,192.97777777777813
LVA,Latvia,2002.0,96.49230769230766,186.22857142857157
MDA,Republic of Moldova,2001.0,95.89473684210526,184.66999999999987
ISL,Iceland,1984.0,97.9090909090909,184.53999999999994
ITA,Italy,1983.0,90.0,184.38000000000002
COK,Cook Islands,1988.0,92.84615384615384,179.07999999999996
BLR,Belarus,2001.0,97.97142857142846,178.8400000000001
DMA,Dominica,1985.0,91.23076923076923,178.42000000000004
SMR,San Marino,1997.0,96.57142857142857,178.3
TJK,Tajikistan,1998.0,92.0,178.2333333333333
MDV,Maldives,2003.0,97.47391304347825,175.40000000000006
AZE,Azerbaijan,1991.0,91.54545454545455,173.6
AIA,Anguilla,1989.0,97.375,173.06
POL,Poland,2000.0,97.27826086956526,172.75
NOR,Norway,2004.0,91.7,168.84000000000006
CHL,Chile,1982.0,97.21428571428571,168.57999999999998
MNG,Mongolia,2013.0,97.60200000000006,168.1818181818182
NCL,New Caledonia,2014.0,96.18181818181819,167.09999999999997
ALB,Albania,2000.0,95.21666666666663,164.2499999999998
OMN,Oman,2001.0,95.21133333333343,164.1
CYM,Cayman Islands,1983.0,91.0,163.27999999999994
KAZ,Kazakhstan,2005.0,94.70000000000009,163.19000000000008
FJI,Fiji,1988.0,92.07692307692308,162.11999999999998
QAT,Qatar,1997.0,92.0,160.57999999999996
SGP,Singapore,2000.0,94.86384615384608,159.53000000000014
TJK,Tajikistan,1997.0,91.7875,159.27999999999992
RWA,Rwanda,1991.0,90.3125,158.5600000000001
AUS,Australia,2011.0,90.00964285714267,155.47272727272704
NZL,New Zealand,1997.0,93.92307692307692,153.89999999999992
ALB,Albania,1997.0,96.91052631578947,152.77999999999994
CHL,Chile,1981.0,97.57142857142857,150.71999999999983
OMN,Oman,1990.0,97.1875,148.97999999999996
MDA,Republic of Moldova,2000.0,94.42105263157895,147.2444444444446
ROU,Romania,1987.0,92.15384615384616,146.26000000000005
ROU,Romania,2000.0,98.4199999999999,146.19000000000003
NPL,Nepal,2013.0,90.04413793103441,144.12222222222232
ISL,Iceland,1987.0,98.2,143.16000000000003
RUS,Russian Federation,2004.0,96.6486363636363,141.77500000000006
POL,Poland,1980.0,94.53846153846153,141.67999999999995
AUS,Australia,2010.0,90.36230769230755,141.60000000000008
TON,Tonga,1990.0,90.27777777777777,138.42000000000004
ISL,Iceland,1986.0,97.54545454545455,137.33999999999997
MNG,Mongolia,2000.0,91.8999999999999,136.68999999999988
NLD,Netherlands (Kingdom of the),1999.0,96.51249999999996,135.7
ITA,Italy,1986.0,95.0,135.67999999999998
TKL,Tokelau,2019.0,98.5925925925926,135.41818181818175
KAZ,Kazakhstan,2004.0,90.63043478260873,135.3699999999999
TKM,Turkmenistan,1994.0,92.6,135.14000000000007
URY,Uruguay,1991.0,96.93333333333334,133.7
RUS,Russian Federation,2005.0,97.51090909090917,132.6750000000001
JPN,Japan,2010.0,90.9292307692308,131.69090909090914
TCA,Turks and Caicos Islands,1991.0,99.0,130.02
RUS,Russian Federation,2003.0,94.01523809523822,129.3625000000001
NOR,Norway,2006.0,93.38095238095238,128.99090909090916
KNA,Saint Kitts and Nevis,1985.0,91.3,128.96
ROU,Romania,2012.0,95.01578947368408,128.83636363636356
KAZ,Kazakhstan,2003.0,99.53636363636362,128.2888888888888
UKR,Ukraine,1993.0,92.26666666666667,127.78000000000003
JPN,Japan,2000.0,93.91999999999999,127.65000000000002
JPN,Japan,2001.0,94.75833333333337,127.64000000000004
LVA,Latvia,2000.0,94.00000000000007,127.30000000000005
SRB,Serbia,1997.0,94.0375,126.61999999999998
DMA,Dominica,1986.0,92.61538461538461,126.03999999999998
RUS,Russian Federation,2006.0,98.04842105263158,125.97500000000002
AND,Andorra,2020.0,95.1151851851853,125.25384615384627
BLR,Belarus,2002.0,98.88571428571431,124.68999999999997
AUS,Australia,2009.0,91.36916666666677,124.52727272727252
ARG,Argentina,1999.0,91.75,121.5625
MNG,Mongolia,2002.0,97.12608695652165,120.8399999999999
CHL,Chile,1980.0,94.35714285714286,120.31999999999996
NOR,Norway,2005.0,91.5,119.9400000000001
COK,Cook Islands,2003.0,90.69565217391305,119.77999999999996
FJI,Fiji,2006.0,91.22222222222223,119.04545454545455
UKR,Ukraine,2004.0,97.63200000000002,116.85714285714297
CHL,Chile,1983.0,91.64285714285714,116.22000000000004
SAU,Saudi Arabia,1991.0,90.3529411764706,115.40000000000002
ISL,Iceland,1991.0,92.75,114.03999999999999
CHL,Chile,1984.0,97.07142857142857,113.73999999999997
ARM,Armenia,2005.0,92.61304347826066,113.6000000000001
ALB,Albania,2002.0,94.07142857142857,112.48888888888874
TKL,Tokelau,1986.0,95.25,112.23999999999998
OMN,Oman,2002.0,95.26515151515137,111.45999999999992
ARM,Armenia,2004.0,92.83043478260869,111.29999999999997
JPN,Japan,2011.0,92.89733333333331,111.15999999999993
AZE,Azerbaijan,2000.0,90.93333333333334,111.12499999999987
BTN,Bhutan,2003.0,92.35714285714286,109.77999999999997
KGZ,Kyrgyzstan,1998.0,96.6923076923077,108.63999999999996
LBY,Libya,2002.0,93.82857142857145,108.58749999999999
FJI,Fiji,1993.0,95.57894736842105,107.54
MKD,North Macedonia,1996.0,93.53333333333333,107.11999999999996
KNA,Saint Kitts and Nevis,1986.0,98.4,105.72000000000001
NOR,Norway,2009.0,93.73913043478261,104.70000000000002
MUS,Mauritius,2003.0,93.9047619047619,104.2666666666667
MWI,Malawi,1995.0,91.1875,103.90000000000003
AZE,Azerbaijan,1999.0,91.6,103.8857142857143
KGZ,Kyrgyzstan,2005.0,98.0481481481483,103.73333333333329
BTN,Bhutan,2016.0,93.97560975609755,103.6818181818182
FJI,Fiji,1995.0,93.5,103.66
CAN,Canada,1995.0,93.2,103.42499999999995
POL,Poland,2013.0,96.56785714285735,102.81818181818187
CHE,Switzerland,1989.0,92.72727272727273,101.59999999999997
KNA,Saint Kitts and Nevis,1987.0,94.9090909090909,101.58
BIH,Bosnia and Herzegovina,2010.0,90.37799999999996,100.67499999999993
ZMB,Zambia,2008.0,90.48652173913054,99.87272727272736
CHE,Switzerland,1991.0,90.14285714285714,99.45
AZE,Azerbaijan,2001.0,91.4,98.96
WSM,Samoa,1996.0,96.66666666666667,98.82000000000004
FIN,Finland,1980.0,92.25,97.81999999999998
ISR,Israel,1986.0,92.0909090909091,97.13999999999999
SMR,San Marino,1992.0,97.75,96.7333333333333
JPN,Japan,2004.0,98.5,95.67499999999998
SMR,San Marino,2000.0,97.42857142857143,95.36666666666667
NLD,Netherlands (Kingdom of the),2004.0,97.30157894736843,93.04999999999997
BLR,Belarus,1993.0,92.66666666666669,92.86
ROU,Romania,2006.0,97.20000000000003,92.14545454545458
LKA,Sri Lanka,2000.0,97.9636363636364,92.06000000000006
UKR,Ukraine,2005.0,95.88888888888886,90.1714285714285
SYR,Syrian Arab Republic,1999.0,91.54166666666667,90.08750000000003
POL,Poland,2006.0,90.9285714285714,89.43636363636364
EST,Estonia,2010.0,94.83333333333324,89.30909090909083
ALB,Albania,1996.0,96.0421052631579,88.59999999999998
KOR,Republic of Korea,1994.0,93.0,87.8
LBY,Libya,2004.0,97.70833333333333,87.71666666666668
BTN,Bhutan,2015.0,91.3529411764706,87.64000000000004
ROU,Romania,1998.0,98.46153846153847,86.75999999999998
KAZ,Kazakhstan,1999.0,95.12941176470582,86.21111111111121
URY,Uruguay,2015.0,92.44769230769228,85.04000000000009
JPN,Japan,2003.0,97.2,84.72222222222219
NOR,Norway,2000.0,91.55555555555556,84.66666666666663
ISR,Israel,2010.0,95.32142857142857,84.37999999999992
SYR,Syrian Arab Republic,2002.0,91.09375,84.13749999999997
NOR,Norway,1997.0,94.70588235294117,83.92000000000003
ALB,Albania,1999.0,91.88421052631571,82.7571428571429
SMR,San Marino,1993.0,96.6875,81.73999999999998
UKR,Ukraine,2003.0,90.08714285714287,79.88888888888891
EST,Estonia,1999.0,93.8,79.69999999999997
NIU,Niue,1989.0,99.57142857142857,79.58
LBY,Libya,1991.0,90.0,79.5
WLF,Wallis and Futuna,1984.0,92.33333333333333,78.95
NIU,Niue,1988.0,98.0,78.77999999999999
COK,Cook Islands,1995.0,93.0,78.73999999999998
MEX,Mexico,1998.0,95.6875,78.0
NOR,Norway,2012.0,92.375,77.30000000000001
OMN,Oman,2003.0,95.8236363636363,76.91000000000003
CHL,Chile,2018.0,90.57075471698113,76.36363636363623
MNG,Mongolia,2009.0,96.38280000000016,75.18
ISL,Iceland,1996.0,92.87999999999992,75.1
NOR,Norway,2008.0,93.25,74.66363636363639
SGP,Singapore,1997.0,94.85880000000003,74.43999999999998
SAU,Saudi Arabia,1989.0,94.54545454545455,74.17999999999998
CHE,Switzerland,1990.0,92.72727272727273,74.125
DMA,Dominica,1981.0,91.625,73.98
HKG,"China, Hong Kong SAR",1982.0,90.66666666666667,73.28
CAN,Canada,1994.0,93.72727272727273,73.26
NLD,Netherlands (Kingdom of the),2000.0,96.51249999999997,73.06
ALB,Albania,2003.0,93.71428571428562,72.61
CAN,Canada,1998.0,92.92307692307692,72.60000000000001
CUB,Cuba,1983.0,96.07142857142857,71.77999999999999
KGZ,Kyrgyzstan,1997.0,91.88750000000002,71.62499999999999
CUB,Cuba,1986.0,94.2,71.62
SGP,Singapore,2001.0,94.23423076923069,71.27142857142854
TON,Tonga,1998.0,96.72222222222223,71.02000000000002
BGR,Bulgaria,2008.0,96.2666666666667,70.40909090909086
NOR,Norway,2002.0,92.1,70.09000000000007
UKR,Ukraine,1992.0,90.13333333333334,69.97999999999999
ARE,United Arab Emirates,1993.0,91.76470588235294,69.69999999999997
POL,Poland,2007.0,96.72857142857148,69.54545454545449
NOR,Norway,2011.0,91.8,68.86363636363645
BLR,Belarus,2004.0,98.93636363636368,68.70000000000006
ISR,Israel,2015.0,92.4111111111111,67.86999999999998
CUB,Cuba,1984.0,90.6923076923077,67.8
BGR,Bulgaria,2007.0,95.92592592592592,67.78181818181817
NOR,Norway,2003.0,91.26315789473684,67.54444444444448
MDV,Maldives,2004.0,97.0,67.20000000000003
KGZ,Kyrgyzstan,2001.0,93.14399999999985,67.16249999999998
CHL,Chile,1998.0,92.61111111111111,66.8142857142857
URY,Uruguay,2005.0,96.59208333333332,66.76999999999994
PYF,French Polynesia,2018.0,97.1909090909091,66.09999999999997
MNG,Mongolia,2005.0,94.78749999999998,66.0
PYF,French Polynesia,1999.0,97.34000000000002,65.84285714285714
PRT,Portugal,1994.0,93.5,65.54
CAN,Canada,1990.0,90.0,65.3
OMN,Oman,1997.0,98.1,64.92000000000004
OMN,Oman,2004.0,96.73913043478261,64.78333333333333
SRB,Serbia,2018.0,91.5837209302326,64.64166666666671
VNM,Viet Nam,1999.0,91.1094444444444,63.35714285714292
POL,Poland,1983.0,95.0,63.299999999999955
CAN,Canada,1991.0,91.2,63.26000000000001
GHA,Ghana,2017.0,92.59999999999994,63.145454545454506
AUS,Australia,2008.0,90.56842105263154,63.08181818181816
ESP,Spain,1995.0,90.0,63.060000000000024
SAU,Saudi Arabia,1998.0,90.9,62.83333333333326
UKR,Ukraine,1994.0,95.6,62.58
KGZ,Kyrgyzstan,1990.0,98.75,61.800000000000004
KGZ,Kyrgyzstan,2004.0,98.80000000000003,61.7555555555555
ISR,Israel,1994.0,93.89473684210526,61.66
ROU,Romania,1994.0,96.13333333333334,61.39999999999996
BRN,Brunei Darussalam,1993.0,92.55,61.366666666666646
GHA,Ghana,2018.0,90.65039999999999,60.94166666666657
CUB,Cuba,1985.0,91.5,60.57999999999996
ROU,Romania,1985.0,92.3,60.51999999999999
ROU,Romania,1992.0,95.57333333333331,60.4
MEX,Mexico,1997.0,94.06666666666666,58.95714285714291
KNA,Saint Kitts and Nevis,1989.0,94.5,58.88000000000001
KAZ,Kazakhstan,2019.0,90.42878787878824,58.60833333333322
ARE,United Arab Emirates,1995.0,91.76470588235294,58.080000000000005
URY,Uruguay,2007.0,95.63636363636364,57.799999999999955
AUS,Australia,2001.0,93.0,57.711111111111144
ALB,Albania,2018.0,97.02758620689639,57.63333333333321
MCO,Monaco,2012.0,95.75,57.599999999999994
FIN,Finland,1987.0,94.5,57.425000000000004
NOR,Norway,2001.0,91.73684210526316,57.26999999999997
AUS,Australia,2005.0,92.78000000000002,56.96000000000003
GRC,Greece,1981.0,95.3,56.8
ARE,United Arab Emirates,1999.0,94.9090909090909,56.174999999999955
CHN,China,2011.0,98.13842105263153,56.09999999999998
ALB,Albania,2005.0,96.57999999999998,55.849999999999916
JPN,Japan,2012.0,96.04210526315812,55.66363636363627
NZL,New Zealand,2011.0,90.24709677419344,55.65454545454549
MWI,Malawi,1998.0,92.8125,55.46666666666666
CZE,Czechia,2016.0,91.8503703703702,54.972727272727305
BGR,Bulgaria,2009.0,95.66296296296281,54.23333333333326
NOR,Norway,2014.0,92.94117647058823,54.136363636363704
DNK,Denmark,2019.0,90.24444444444444,53.61666666666659
FIN,Finland,1989.0,92.07142857142857,53.54000000000003
ALB,Albania,2014.0,98.29999999999998,53.299999999999976
MWI,Malawi,1994.0,91.25,53.225000000000016
TCA,Turks and Caicos Islands,1995.0,99.0,53.14
CAN,Canada,1993.0,92.9,52.799999999999976
AUS,Australia,2017.0,90.80709677419371,52.65999999999994
GHA,Ghana,2019.0,92.51230769230753,52.581818181817944
TON,Tonga,1989.0,92.8,52.32
ALB,Albania,2001.0,93.73928571428576,52.2333333333334
DNK,Denmark,1989.0,90.5,52.14000000000002
TJK,Tajikistan,2005.0,93.61923076923078,52.079999999999984
FIN,Finland,2004.0,97.14285714285714,52.033333333333324
PSE,"occupied Palestinian territory, including east Jerusalem",2017.0,99.1952272727273,51.76999999999998
NLD,Netherlands (Kingdom of the),2002.0,96.3882352941177,51.6285714285714
TKM,Turkmenistan,1999.0,97.17333333333346,51.56250000000003
NOR,Norway,2017.0,94.86111111111111,51.48888888888894
CHL,Chile,1997.0,92.11111111111111,51.47142857142855
CHL,Chile,1999.0,94.88888888888889,51.45555555555558
GMB,Gambia,1995.0,95.05555555555556,51.44999999999996
AIA,Anguilla,1988.0,97.625,51.4
THA,Thailand,1997.0,93.3125,51.4
BTN,Bhutan,2005.0,94.21705882352938,51.37142857142858
EST,Estonia,1998.0,91.66666666666667,51.3
ISL,Iceland,1988.0,99.0,51.23999999999999
UKR,Ukraine,1996.0,97.06666666666666,51.2
FIN,Finland,1994.0,98.27777777777777,50.81999999999995
COL,Colombia,1993.0,90.13333333333334,50.81666666666667
BLR,Belarus,2005.0,98.8262962962963,50.64444444444446
MKD,North Macedonia,2011.0,93.24766666666682,50.59999999999994
URY,Uruguay,2006.0,95.9090909090909,50.56000000000002
NLD,Netherlands (Kingdom of the),1997.0,96.46666666666664,50.54000000000003
EST,Estonia,1997.0,91.08235294117645,50.51999999999999
SRB,Serbia,2000.0,93.47500000000002,50.377777777777766
TJK,Tajikistan,2023.0,93.01681159420274,50.26666666666665
PYF,French Polynesia,1991.0,91.66666666666667,50.05999999999999
CAN,Canada,1999.0,92.16666666666667,49.800000000000004
HRV,Croatia,1998.0,93.58749999999995,49.54000000000002
ARE,United Arab Emirates,1994.0,91.76470588235294,49.060000000000024
MDA,Republic of Moldova,1991.0,91.57500000000002,48.50000000000001
HUN,Hungary,1982.0,99.0,48.499999999999986
TKM,Turkmenistan,1998.0,98.84615384615384,48.47999999999998
RUS,Russian Federation,1998.0,93.56785714285716,48.379999999999995
CHN,China,2012.0,98.46,48.350000000000065
ROU,Romania,1990.0,92.92307692307692,48.3
CAN,Canada,1996.0,91.92307692307692,48.199999999999974
AUS,Australia,2000.0,90.71428571428571,48.05714285714285
CZE,Czechia,2006.0,97.8529411764706,47.8272727272727
NCL,New Caledonia,2017.0,96.0909090909091,47.600000000000016
NOR,Norway,2013.0,90.96969696969697,47.5
CHN,China,2008.0,96.73450000000004,47.45555555555556
LVA,Latvia,2003.0,97.51666666666665,47.42500000000003
LBY,Libya,1994.0,95.22222222222223,47.40000000000002
ISL,Iceland,1980.0,99.0,47.339999999999996
BGR,Bulgaria,1991.0,95.97411764705879,47.1
QAT,Qatar,2007.0,90.85066666666656,46.70909090909095
RUS,Russian Federation,2023.0,92.1384313725487,46.670000000000044
MCO,Monaco,2003.0,91.8,46.32
RUS,Russian Federation,1997.0,90.75187500000006,46.220000000000034
ISR,Israel,2007.0,95.77777777777777,45.729999999999954
PSE,"occupied Palestinian territory, including east Jerusalem",2019.0,99.66153846153844,45.675000000000004
BRB,Barbados,1990.0,90.92857142857143,45.61999999999999
VNM,Viet Nam,1994.0,91.8125,45.34000000000001
POL,Poland,1982.0,94.3076923076923,45.240000000000016
SVK,Slovakia,2014.0,96.99999999999987,45.02727272727269
BGR,Bulgaria,2001.0,94.22240000000001,44.944444444444436
CHL,Chile,1987.0,94.0,44.799999999999976
AUS,Australia,2018.0,90.44636363636411,44.74166666666661
RWA,Rwanda,2019.0,96.30235294117641,44.7
EST,Estonia,2004.0,90.02499999999989,44.689999999999976
CAN,Canada,1992.0,92.4,44.58
POL,Poland,1998.0,97.66666666666667,44.56666666666667
SRB,Serbia,1998.0,91.33333333333333,44.53333333333333
AUS,Australia,2004.0,92.88571428571412,44.400000000000006
FJI,Fiji,2002.0,91.41999999999997,44.399999999999956
SVN,Slovenia,1995.0,96.9375,44.35999999999997
FJI,Fiji,2003.0,94.78947368421052,44.330000000000005
ISR,Israel,2008.0,95.66666666666667,43.99000000000003
SAU,Saudi Arabia,1999.0,92.55555555555556,43.887499999999974
COK,Cook Islands,2006.0,99.18181818181819,43.84444444444444
SGP,Singapore,2002.0,93.69269230769221,43.824999999999974
EST,Estonia,2009.0,95.65185185185179,43.65454545454547
KOR,Republic of Korea,2018.0,93.19472727272738,43.53333333333329
ARG,Argentina,2008.0,92.14357142857159,43.42000000000002
ISL,Iceland,1981.0,99.0,43.34
AND,Andorra,2015.0,94.98300000000005,43.300000000000026
SYC,Seychelles,1990.0,95.94117647058823,43.23999999999999
ISR,Israel,1991.0,94.46153846153847,43.12000000000001
OMN,Oman,2006.0,96.90322580645162,43.10909090909093
CHL,Chile,2000.0,93.70526315789466,42.909999999999975
MDA,Republic of Moldova,2007.0,95.49259259259257,42.62727272727273
BTN,Bhutan,2017.0,92.57142857142857,42.418181818181786
MDV,Maldives,2008.0,96.2,42.38750000000002
UKR,Ukraine,1997.0,98.53333333333333,42.02000000000002
HRV,Croatia,1995.0,92.6,41.83999999999999
EST,Estonia,2003.0,93.66666666666654,41.78999999999999
CHN,China,2007.0,94.38749999999997,41.775000000000034
CAN,Canada,1997.0,91.0,41.77499999999998
SYR,Syrian Arab Republic,2003.0,92.0355,41.570000000000036
AUS,Australia,2019.0,90.94409090909072,41.5583333333333
NOR,Norway,2019.0,92.91666666666667,41.55000000000008
IRL,Ireland,2015.0,91.9428125000001,41.490909090909135
CZE,Czechia,2002.0,95.61904761904755,41.38
TJK,Tajikistan,2010.0,94.09999999999994,41.088888888888945
TKM,Turkmenistan,2002.0,95.5416666666666,40.82222222222225
BLR,Belarus,1995.0,95.5666666666667,40.55999999999998
FIN,Finland,1998.0,97.18181818181819,40.40000000000001
CZE,Czechia,2012.0,95.89222222222234,40.400000000000006
FIN,Finland,2003.0,97.15384615384616,40.38333333333334
ROU,Romania,1989.0,93.15384615384616,40.14
MDA,Republic of Moldova,1998.0,96.115625,40.11999999999999
SYC,Seychelles,1991.0,95.85714285714286,40.1
THA,Thailand,2009.0,97.25789473684226,39.989999999999974
CHL,Chile,2007.0,95.31360000000001,39.92
NLD,Netherlands (Kingdom of the),1987.0,95.58181818181819,39.9
ISR,Israel,2012.0,93.27272727272727,39.880000000000045
CHN,China,2006.0,94.15833333333337,39.87500000000005
MEX,Mexico,2000.0,96.12692307692306,39.87000000000001
SAU,Saudi Arabia,1995.0,91.3157894736842,39.85999999999997
CHN,China,2009.0,98.13999999999997,39.78749999999999
NOR,Norway,2016.0,94.85714285714286,39.76363636363634
GUY,Guyana,2002.0,90.94952380952381,39.657142857142865
NOR,Norway,2018.0,90.93877551020408,39.63333333333323
VNM,Viet Nam,2000.0,94.14782608695646,39.60000000000001
IRN,Iran (Islamic Republic of),2000.0,94.88888888888889,39.466666666666626
SGP,Singapore,2005.0,93.59370370370375,39.4
TUN,Tunisia,2019.0,93.78350000000006,39.336363636363586
THA,Thailand,1995.0,93.1,39.24000000000003
MKD,North Macedonia,1997.0,97.28000000000004,39.2
LBN,Lebanon,1998.0,91.36363636363636,39.01666666666667
MYS,Malaysia,2000.0,94.42799999999997,38.98571428571427
POL,Poland,1989.0,95.64285714285714,38.96
URY,Uruguay,2016.0,93.09435897435894,38.74
HND,Honduras,1999.0,95.55555555555556,38.53333333333333
THA,Thailand,1998.0,94.875,38.416666666666664
TKM,Turkmenistan,2000.0,96.5555555555556,38.399999999999984
THA,Thailand,2002.0,95.06875000000004,38.27777777777775
CHN,China,1991.0,95.46153846153847,38.23333333333334
OMN,Oman,2005.0,96.72749999999988,38.20999999999999
DNK,Denmark,1991.0,93.71428571428571,38.140000000000015
UKR,Ukraine,1998.0,95.93333333333334,37.800000000000004
ROU,Romania,2007.0,92.53000000000011,37.67272727272726
BGR,Bulgaria,2005.0,96.31923076923094,37.60999999999998
CPV,Cabo Verde,2011.0,94.20719999999993,37.50909090909093
POL,Poland,1986.0,94.53846153846153,37.4
DMA,Dominica,1990.0,94.26666666666667,37.339999999999996
CHL,Chile,2017.0,92.59488372093044,37.32000000000003
OMN,Oman,2008.0,97.3109090909091,37.300000000000004
HKG,"China, Hong Kong SAR",2000.0,91.13937500000006,37.23000000000001
ROU,Romania,1991.0,95.45333333333336,37.120000000000005
MNG,Mongolia,1999.0,94.08874999999998,37.11999999999999
BLR,Belarus,1994.0,93.79999999999995,37.09999999999997
OMN,Oman,1998.0,97.9,37.03333333333332
THA,Thailand,2008.0,97.28421052631586,36.89999999999996
NOR,Norway,2015.0,93.55555555555556,36.80909090909087
AND,Andorra,2018.0,90.75437499999997,36.583333333333336
CYM,Cayman Islands,1999.0,92.0,36.559999999999995
ISR,Israel,2011.0,94.83333333333333,36.369999999999976
QAT,Qatar,1993.0,91.52941176470588,36.319999999999986
HRV,Croatia,1997.0,93.07777777777781,36.280000000000015
NLD,Netherlands (Kingdom of the),1996.0,96.59999999999998,36.25999999999997
TUV,Tuvalu,2006.0,94.02666666666677,36.16363636363635
PSE,"occupied Palestinian territory, including east Jerusalem",2018.0,98.48238095238096,36.1545454545454
HRV,Croatia,1996.0,93.1555555555556,36.11999999999999
BGR,Bulgaria,1987.0,99.61538461538461,36.08
ISL,Iceland,1994.0,92.5625,36.08
SWZ,Eswatini,1995.0,91.125,36.05999999999998
ROU,Romania,2011.0,93.95500000000024,35.781818181818196
NLD,Netherlands (Kingdom of the),1998.0,96.53750000000002,35.724999999999994
CHN,China,2010.0,96.21842105263163,35.57499999999999
TJK,Tajikistan,2017.0,97.04871794871765,35.5
MDV,Maldives,2000.0,96.5625,35.45000000000001
PSE,"occupied Palestinian territory, including east Jerusalem",2020.0,98.77866666666668,35.442857142857136
ISL,Iceland,1997.0,92.89999999999993,35.4
QAT,Qatar,2006.0,96.7,35.31818181818179
BLR,Belarus,2006.0,97.79259259259254,35.14444444444445
AND,Andorra,2006.0,91.73214285714286,34.89999999999999
BLR,Belarus,1991.0,91.7125,34.6
HKG,"China, Hong Kong SAR",1983.0,90.66666666666667,34.6
ARE,United Arab Emirates,1996.0,91.76470588235294,34.41999999999999
SVK,Slovakia,2015.0,96.20769230769247,34.24545454545455
TCA,Turks and Caicos Islands,1990.0,93.75,34.21999999999999
OMN,Oman,1994.0,94.05,34.20000000000002
EST,Estonia,2008.0,95.71600000000007,34.2
COK,Cook Islands,1993.0,92.55555555555556,34.1
MNG,Mongolia,2011.0,96.54600000000005,34.072727272727306
MDA,Republic of Moldova,1997.0,95.42222222222219,33.999999999999986
SVK,Slovakia,1993.0,98.0,33.98
EST,Estonia,2011.0,94.52222222222252,33.90000000000001
WLF,Wallis and Futuna,2000.0,100.0,33.820000000000014
KGZ,Kyrgyzstan,1996.0,91.23124999999997,33.77499999999999
BIH,Bosnia and Herzegovina,2009.0,90.88888888888889,33.637499999999996
AUS,Australia,2002.0,93.21052631578948,33.55555555555556
BWA,Botswana,2014.0,90.32365853658534,33.48571428571426
QAT,Qatar,1998.0,93.6,33.30000000000001
ISL,Iceland,1989.0,99.0,33.21999999999999
CHN,China,1989.0,96.15384615384616,33.03333333333332
SVN,Slovenia,2007.0,97.03307692307695,32.94545454545455
POL,Poland,2012.0,97.05714285714296,32.83636363636361
UKR,Ukraine,1995.0,96.86666666666666,32.8
LBN,Lebanon,2013.0,91.69814814814785,32.45
THA,Thailand,1996.0,93.16666666666667,32.333333333333336
CHL,Chile,1991.0,97.0,32.19999999999998
BTN,Bhutan,2010.0,91.42307692307692,32.12727272727271
ALB,Albania,1988.0,95.23076923076923,32.12
BGR,Bulgaria,1986.0,99.38461538461539,31.92000000000001
ALB,Albania,2004.0,96.50689655172424,31.810000000000016
RUS,Russian Federation,2007.0,98.0336363636363,31.733333333333313
LBY,Libya,1993.0,95.22222222222223,31.700000000000014
MKD,North Macedonia,2000.0,96.4526315789475,31.599999999999998
LTU,Lithuania,2001.0,90.19259259259269,31.5
CHN,China,2004.0,91.13294117647055,31.299999999999983
ITA,Italy,2003.0,91.10526315789474,31.288888888888856
KOR,Republic of Korea,2013.0,98.09239999999998,31.25454545454546
POL,Poland,2009.0,97.31428571428556,31.245454545454546
DMA,Dominica,1988.0,95.46153846153847,31.159999999999997
QAT,Qatar,2005.0,98.53333333333333,31.14000000000003
QAT,Qatar,2009.0,92.60351351351352,31.0636363636364
CHL,Chile,1990.0,95.46666666666667,30.880000000000006
NLD,Netherlands (Kingdom of the),1986.0,95.54545454545452,30.83999999999999
KGZ,Kyrgyzstan,2007.0,96.67586206896559,30.774999999999984
CHN,China,1990.0,98.0,30.699999999999992
THA,Thailand,2001.0,93.58791666666659,30.622222222222234
LTU,Lithuania,1994.0,90.5625,30.54000000000001
TON,Tonga,2005.0,99.05312499999992,30.5
CHN,China,2013.0,98.96947368421051,30.34444444444441
ISL,Iceland,2005.0,93.0,30.319999999999986
SGP,Singapore,2003.0,93.32481481481481,30.174999999999986
QAT,Qatar,1992.0,90.11764705882354,29.820000000000007
SGP,Singapore,2004.0,92.68518518518526,29.72
EST,Estonia,2007.0,96.04,29.699999999999992
CZE,Czechia,2014.0,93.45809523809524,29.572727272727274
SLE,Sierra Leone,2012.0,90.20689655172414,29.474999999999994
DNK,Denmark,1990.0,91.83333333333333,29.220000000000013
HRV,Croatia,1990.0,91.94999999999999,29.166666666666668
AUS,Australia,2003.0,93.52631578947368,29.12222222222222
MAC,"China, Macao SAR",2019.0,90.06867924528306,28.99090909090916
BEL,Belgium,2016.0,90.18333333333338,28.985714285714295
KGZ,Kyrgyzstan,2006.0,95.58620689655157,28.937500000000025
ESP,Spain,2017.0,92.34948717948723,28.863636363636363
AUS,Australia,2007.0,92.6304347826087,28.670000000000005
IRN,Iran (Islamic Republic of),2003.0,94.48076923076923,28.48333333333334
FIN,Finland,1990.0,92.64285714285714,28.479999999999997
NIC,Nicaragua,2000.0,90.69166666666669,28.409999999999975
CZE,Czechia,2011.0,98.6526666666667,28.190909090909084
LTU,Lithuania,1993.0,90.3125,28.0
CHN,China,1996.0,92.23076923076923,27.850000000000016
LVA,Latvia,1992.0,92.07333333333327,27.839999999999982
FIN,Finland,1991.0,96.8125,27.6
MEX,Mexico,2001.0,96.84000000000005,27.599999999999987
CHL,Chile,2001.0,97.02944444444447,27.569999999999975
OMN,Oman,1991.0,93.10526315789474,27.539999999999996
BDI,Burundi,2020.0,91.89250000000003,27.43999999999998
ISR,Israel,2004.0,96.24,27.419999999999984
EGY,Egypt,2013.0,96.36399999999995,27.32499999999998
MKD,North Macedonia,1999.0,96.24999999999996,27.300000000000015
ISR,Israel,2009.0,96.22222222222223,27.3
TUR,Türkiye,2007.0,91.57575757575758,27.10000000000003
CHL,Chile,2019.0,91.31492957746482,27.08000000000004
KOR,Republic of Korea,2019.0,92.74825396825426,27.050000000000047
LBY,Libya,2019.0,91.52115384615382,26.900000000000013
UZB,Uzbekistan,2012.0,99.38275862068956,26.89999999999997
QAT,Qatar,2012.0,94.25949999999999,26.836363636363604
LBY,Libya,2018.0,91.9648148148147,26.727272727272727
TCA,Turks and Caicos Islands,2000.0,96.14300000000001,26.7
ESP,Spain,2016.0,92.49366666666677,26.587499999999984
KAZ,Kazakhstan,1998.0,90.0,26.580000000000005
BRN,Brunei Darussalam,2000.0,95.8083333333333,26.555555555555564
ESP,Spain,2000.0,91.24705882352941,26.419999999999987
SVN,Slovenia,2006.0,97.16307692307699,26.281818181818178
MNG,Mongolia,2008.0,96.33199999999997,26.2
BHR,Bahrain,2000.0,93.71538461538451,26.139999999999986
ALB,Albania,2007.0,96.35714285714312,25.900000000000027
ALB,Albania,1981.0,92.61538461538461,25.899999999999995
MKD,North Macedonia,1991.0,92.82499999999999,25.880000000000003
URY,Uruguay,2011.0,95.82620689655165,25.755555555555556
VNM,Viet Nam,1995.0,92.1875,25.680000000000007
DMA,Dominica,1989.0,93.14285714285714,25.659999999999993
ARE,United Arab Emirates,2000.0,94.42857142857143,25.649999999999995
CHN,China,2018.0,98.88214285714282,25.625000000000046
UKR,Ukraine,2007.0,93.0296296296296,25.61999999999998
USA,United States of America,1990.0,90.2,25.6
QAT,Qatar,2010.0,92.10051282051289,25.527272727272717
MEX,Mexico,1999.0,95.375,25.485714285714295
THA,Thailand,2010.0,97.25789473684222,25.318181818181834
ITA,Italy,2008.0,92.51052631578948,25.280000000000012
ISR,Israel,1987.0,92.0909090909091,25.260000000000012
THA,Thailand,2003.0,96.52941176470586,25.229999999999986
MKD,North Macedonia,2010.0,90.31857142857132,25.200000000000014
EST,Estonia,2002.0,92.68500000000003,25.16
TJK,Tajikistan,2018.0,90.98301886792434,25.15000000000001
SVK,Slovakia,1997.0,90.55000000000003,25.140000000000004
KGZ,Kyrgyzstan,2002.0,98.4958333333333,25.11250000000001
SLV,El Salvador,2000.0,96.41800000000006,24.96999999999999
VNM,Viet Nam,2001.0,94.12380952380954,24.95714285714285
ARG,Argentina,1990.0,91.27272727272727,24.78
GBR,United Kingdom of Great Britain and Northern Ireland,2012.0,91.79333333333331,24.627272727272743
SVN,Slovenia,1994.0,96.4375,24.540000000000003
MKD,North Macedonia,1995.0,95.75999999999998,24.519999999999992
TKM,Turkmenistan,1995.0,93.53333333333333,24.44
LBY,Libya,2001.0,90.03529411764707,24.411111111111122
QAT,Qatar,2011.0,94.8902857142857,24.345454545454544
CZE,Czechia,2013.0,95.761875,24.218181818181826
DNK,Denmark,1992.0,93.28571428571429,24.160000000000014
OMN,Oman,2009.0,96.49849999999981,24.145454545454534
ROU,Romania,1995.0,96.51333333333335,24.06
CHN,China,2017.0,98.94476190476196,24.050000000000008
TKM,Turkmenistan,2005.0,98.91666666666659,24.050000000000008
POL,Poland,2016.0,95.28148148148152,23.927272727272715
HUN,Hungary,1980.0,98.76923076923077,23.839999999999993
THA,Thailand,2004.0,96.60000000000004,23.819999999999993
GEO,Georgia,2006.0,92.00799999999988,23.645454545454594
FIN,Finland,1997.0,97.18181818181819,23.580000000000002
MDA,Republic of Moldova,1996.0,93.70000000000002,23.560000000000016
URY,Uruguay,2008.0,93.40038461538447,23.350000000000026
SVK,Slovakia,2010.0,98.7675000000001,23.290909090909093
NOR,Norway,2023.0,91.66828124999995,23.259999999999998
BLR,Belarus,1990.0,91.28571428571429,23.199999999999996
TJK,Tajikistan,2016.0,96.63624999999986,23.188888888888833
TJK,Tajikistan,2009.0,92.09047619047631,23.112500000000004
CHN,China,2014.0,98.42105263157895,23.1125
FIN,Finland,1996.0,98.8,23.019999999999992
UZB,Uzbekistan,2000.0,98.56874999999997,23.0125
AIA,Anguilla,1991.0,99.2,22.98
VNM,Viet Nam,1997.0,94.5,22.900000000000006
AND,Andorra,2019.0,91.88875000000002,22.88333333333335
BGR,Bulgaria,1985.0,99.0,22.859999999999996
KAZ,Kazakhstan,1995.0,91.97333333333333,22.779999999999987
TJK,Tajikistan,2004.0,93.33846153846153,22.54285714285716
ESP,Spain,2007.0,96.13999999999996,22.445454545454528
BGD,Bangladesh,1997.0,92.25,22.419999999999995
ALB,Albania,1982.0,94.0,22.359999999999996
OMN,Oman,2012.0,96.88652173913043,22.327272727272714
NLD,Netherlands (Kingdom of the),1988.0,95.13846153846154,22.27999999999999
ISR,Israel,2006.0,95.33333333333333,22.14000000000002
ESP,Spain,1999.0,90.23529411764706,22.033333333333335
ESP,Spain,2011.0,90.26296296296289,21.945454545454524
LKA,Sri Lanka,1999.0,96.0,21.862499999999997
UZB,Uzbekistan,2007.0,95.5869565217392,21.84444444444446
HUN,Hungary,1988.0,99.0,21.800000000000008
ISL,Iceland,1995.0,92.75,21.680000000000007
CZE,Czechia,2005.0,97.43750000000009,21.63000000000001
ARE,United Arab Emirates,1998.0,95.47058823529412,21.58000000000001
CHN,China,2015.0,98.70315789473683,21.537500000000026
QAT,Qatar,2003.0,94.4074074074074,21.479999999999986
TKM,Turkmenistan,1997.0,98.32,21.44
THA,Thailand,2000.0,94.12399999999995,21.422222222222214
TJK,Tajikistan,2012.0,95.84761904761903,21.344444444444438
TJK,Tajikistan,2011.0,97.13333333333331,21.322222222222205
NLD,Netherlands (Kingdom of the),1985.0,95.23636363636363,21.320000000000014
URY,Uruguay,2012.0,95.84387096774196,21.320000000000004
MAC,"China, Macao SAR",2008.0,91.44210526315793,21.269999999999992
BHR,Bahrain,2005.0,90.31545454545453,21.02000000000002
CZE,Czechia,2015.0,93.04086956521719,21.010000000000005
ISR,Israel,2014.0,92.05714285714286,20.96000000000001
SVN,Slovenia,2009.0,96.21428571428571,20.945454545454545
TJK,Tajikistan,2013.0,97.00000000000009,20.722222222222197
KOR,Republic of Korea,2022.0,93.58079365079367,20.68333333333336
SAU,Saudi Arabia,1994.0,94.3529411764706,20.679999999999968
FIN,Finland,1995.0,98.8,20.640000000000008
ISL,Iceland,2015.0,90.27777777777777,20.600000000000016
THA,Thailand,2007.0,96.11052631578943,20.45999999999999
KAZ,Kazakhstan,2008.0,93.17500000000003,20.254545454545454
GTM,Guatemala,2004.0,91.48050000000003,20.25
OMN,Oman,2010.0,93.32166666666657,20.236363636363624
THA,Thailand,2011.0,97.25789473684226,20.21999999999999
DMA,Dominica,1991.0,97.26666666666667,20.2
IRN,Iran (Islamic Republic of),2002.0,92.90384615384612,20.157142857142848
ARE,United Arab Emirates,2015.0,98.90697674418605,20.13333333333335
QAT,Qatar,2002.0,96.96428571428571,20.1
MDV,Maldives,2009.0,97.55172413793103,20.09999999999998
TON,Tonga,1992.0,90.44444444444444,20.0
MAC,"China, Macao SAR",2015.0,94.7615384615386,19.999999999999982
HRV,Croatia,1994.0,90.62777777777775,19.979999999999986
WLF,Wallis and Futuna,2003.0,91.46444444444438,19.93000000000001
MDV,Maldives,2020.0,95.3846938775508,19.91999999999998
VCT,Saint Vincent and the Grenadines,1988.0,96.84615384615384,19.88
QAT,Qatar,2000.0,90.19599999999997,19.85000000000003
VNM,Viet Nam,1996.0,94.6875,19.840000000000007
SGP,Singapore,2006.0,93.18000000000006,19.799999999999976
POL,Poland,2010.0,97.09999999999987,19.66363636363637
THA,Thailand,2005.0,96.6444444444444,19.65
SGP,Singapore,2008.0,93.8818518518519,19.59090909090906
LBY,Libya,2014.0,94.29302325581395,19.566666666666688
EGY,Egypt,2007.0,93.33319999999999,19.550000000000008
SAU,Saudi Arabia,2007.0,96.15000000000002,19.536363636363628
MYS,Malaysia,1999.0,92.94047619047619,19.516666666666666
ALB,Albania,2019.0,91.41301587301601,19.488888888888912
SRB,Serbia,1996.0,92.23125000000002,19.46
MAC,"China, Macao SAR",2003.0,90.11111111111111,19.409999999999993
KGZ,Kyrgyzstan,2014.0,96.3900000000001,19.333333333333332
ISR,Israel,2013.0,94.75757575757575,19.320000000000018
RWA,Rwanda,2018.0,94.89882352941162,19.23999999999998
VNM,Viet Nam,2014.0,91.16173913043477,19.233333333333302
LVA,Latvia,1990.0,92.28571428571429,19.166666666666668
MNG,Mongolia,2003.0,98.17916666666686,19.14999999999999
CZE,Czechia,2017.0,90.94592592592569,19.145454545454548
LBY,Libya,2009.0,97.98965517241399,19.09999999999998
SVK,Slovakia,2013.0,98.20769230769245,18.900000000000013
ISR,Israel,2003.0,94.75,18.822222222222205
ARG,Argentina,2009.0,90.38962962962951,18.799999999999983
CHN,China,2016.0,98.96900000000005,18.787499999999987
QAT,Qatar,2013.0,97.89285714285705,18.78181818181816
HND,Honduras,2000.0,94.44444444444444,18.759999999999973
CUB,Cuba,1987.0,92.125,18.71999999999999
PRK,Democratic People's Republic of Korea,2007.0,95.60769230769242,18.718181818181815
PRT,Portugal,1993.0,93.1875,18.699999999999985
BEL,Belgium,2017.0,90.38666666666667,18.670000000000027
TKM,Turkmenistan,2004.0,96.8999999999999,18.588888888888878
NZL,New Zealand,2009.0,91.8125,18.54545454545455
PRK,Democratic People's Republic of Korea,2004.0,91.83346153846152,18.5
LTU,Lithuania,1995.0,94.2,18.480000000000004
ALB,Albania,1994.0,95.42105263157895,18.43999999999998
ARE,United Arab Emirates,1997.0,93.70588235294117,18.38000000000001
LTU,Lithuania,2002.0,90.19999999999989,18.38
CHL,Chile,2003.0,95.84210526315789,18.369999999999987
THA,Thailand,2006.0,96.05789473684207,18.309999999999985
MNG,Mongolia,2010.0,96.5784615384618,18.236363636363638
SGP,Singapore,2007.0,93.88888888888889,18.14545454545455
ROU,Romania,2008.0,97.04117647058823,18.090909090909086
TUN,Tunisia,2001.0,95.51363636363645,18.08571428571429
AND,Andorra,2016.0,95.69300000000004,18.009999999999994
GBR,United Kingdom of Great Britain and Northern Ireland,2013.0,92.2350000000001,18.00000000000002
USA,United States of America,1989.0,94.0,17.88
CRI,Costa Rica,1993.0,91.46666666666667,17.879999999999992
CHN,China,1997.0,92.23076923076923,17.85000000000001
MNG,Mongolia,2004.0,98.32083333333334,17.819999999999993
BGR,Bulgaria,1996.0,95.50000000000004,17.81999999999999
BGR,Bulgaria,2006.0,96.19259259259262,17.809090909090923
URY,Uruguay,1990.0,97.6,17.78
MDV,Maldives,2011.0,95.92400000000012,17.76363636363635
BRN,Brunei Darussalam,2001.0,96.91666666666667,17.625
TKM,Turkmenistan,2007.0,98.62962962962955,17.485714285714295
THA,Thailand,2012.0,97.33500000000005,17.481818181818188
CHL,Chile,2005.0,92.1104166666667,17.46999999999999
MAC,"China, Macao SAR",2014.0,94.4769230769229,17.41250000000001
MDA,Republic of Moldova,2004.0,97.82222222222211,17.389999999999997
OMN,Oman,1995.0,93.275,17.359999999999996
MAC,"China, Macao SAR",2005.0,92.15555555555527,17.359999999999992
DNK,Denmark,2017.0,92.42857142857143,17.327272727272707
SVK,Slovakia,1992.0,96.65999999999998,17.3
BHR,Bahrain,1999.0,91.56,17.175
SAU,Saudi Arabia,2004.0,96.03076923076927,17.171428571428557
ESP,Spain,2006.0,97.05500000000002,17.1
KAZ,Kazakhstan,2006.0,98.92894736842113,17.090909090909086
KAZ,Kazakhstan,2007.0,96.64166666666665,17.045454545454547
CYP,Cyprus,1996.0,93.57142857142857,17.040000000000003
IRL,Ireland,2014.0,91.18064516129033,17.01818181818182
MDA,Republic of Moldova,2003.0,97.73600000000012,16.977777777777764
ISR,Israel,1990.0,93.18181818181819,16.940000000000005
CZE,Czechia,1991.0,98.6,16.94
TUR,Türkiye,2008.0,92.39393939393939,16.912500000000005
AND,Andorra,2023.0,91.89714285714285,16.863636363636363
GUM,Guam,1997.0,93.25,16.86
PYF,French Polynesia,2001.0,97.70909090909092,16.84444444444444
MNE,Montenegro,2012.0,93.56296296296298,16.739999999999984
CYM,Cayman Islands,1988.0,93.25,16.72
QAT,Qatar,2001.0,94.74615384615383,16.670000000000012
BRN,Brunei Darussalam,2003.0,95.125,16.66666666666668
SGP,Singapore,1986.0,92.61538461538461,16.619999999999994
SRB,Serbia,2017.0,92.94814814814832,16.488888888888898
ROU,Romania,1996.0,97.5222222222222,16.46
LKA,Sri Lanka,2012.0,98.45172413793102,16.31818181818183
BLR,Belarus,1998.0,98.52142857142857,16.220000000000002
LVA,Latvia,1999.0,92.42857142857143,16.199999999999992
HRV,Croatia,1999.0,93.5399999999999,16.1875
RWA,Rwanda,2016.0,93.34714285714288,16.13000000000001
SVK,Slovakia,2012.0,97.86153846153852,16.063636363636377
KWT,Kuwait,2004.0,95.66666666666667,16.000000000000007
CHL,Chile,2004.0,93.95,15.82999999999999
MAC,"China, Macao SAR",2009.0,93.15789473684197,15.82999999999999
URY,Uruguay,2013.0,94.88470588235289,15.820000000000025
SVK,Slovakia,2011.0,98.6221428571427,15.81818181818181
SGP,Singapore,1994.0,92.28359999999999,15.7
ARE,United Arab Emirates,2001.0,94.42857142857143,15.66666666666666
MAC,"China, Macao SAR",2012.0,93.9239130434782,15.659999999999982
BGR,Bulgaria,2002.0,91.57391304347831,15.560000000000018
OMN,Oman,2015.0,97.31809523809527,15.381818181818172
IRN,Iran (Islamic Republic of),1993.0,95.5,15.380000000000004
CHL,Chile,2006.0,94.29600000000006,15.37272727272727
MAC,"China, Macao SAR",2013.0,93.9239130434782,15.369999999999994
BLR,Belarus,1996.0,95.41764705882346,15.339999999999998
LBY,Libya,2021.0,91.61589285714285,15.333333333333334
BWA,Botswana,2011.0,91.55833333333332,15.300000000000002
KGZ,Kyrgyzstan,2013.0,97.44333333333323,15.277777777777757
CPV,Cabo Verde,2010.0,98.35733333333327,15.270000000000012
SVK,Slovakia,1990.0,98.75,15.233333333333334
EGY,Egypt,2015.0,93.0178571428572,15.22857142857142
KOR,Republic of Korea,2009.0,94.6107142857144,15.222222222222252
LKA,Sri Lanka,2013.0,98.0584375,15.154545454545477
MNG,Mongolia,1996.0,90.75,15.139999999999995
QAT,Qatar,1996.0,92.52941176470588,15.11999999999999
CHL,Chile,1996.0,93.55555555555556,15.10000000000001
MAC,"China, Macao SAR",2000.0,92.66055555555566,15.090000000000003
CZE,Czechia,2010.0,98.72499999999987,15.08181818181818
ESP,Spain,1997.0,92.125,14.959999999999999
BGD,Bangladesh,2007.0,91.16782608695647,14.862499999999997
URY,Uruguay,1992.0,94.6,14.859999999999998
IRL,Ireland,2012.0,90.16068965517235,14.754545454545443
LCA,Saint Lucia,1989.0,93.85714285714286,14.659999999999997
SGP,Singapore,1988.0,91.84615384615384,14.619999999999994
MKD,North Macedonia,2007.0,95.29565217391301,14.6
FIN,Finland,1993.0,98.88888888888889,14.599999999999993
PSE,"occupied Palestinian territory, including east Jerusalem",2021.0,96.33382352941175,14.566666666666663
CAN,Canada,2001.0,91.66666666666667,14.516666666666667
CZE,Czechia,1999.0,97.78571428571429,14.512500000000006
EGY,Egypt,1998.0,91.0,14.483333333333327
POL,Poland,2019.0,91.4684210526317,14.466666666666649
KOR,Republic of Korea,2020.0,93.53874999999996,14.415384615384662
HND,Honduras,2002.0,93.92,14.400000000000007
PER,Peru,1999.0,90.47500000000002,14.32857142857144
MAC,"China, Macao SAR",2004.0,91.39999999999992,14.3
KOR,Republic of Korea,2007.0,92.87576923076921,14.271428571428567
BEL,Belgium,2015.0,90.13633333333327,14.266666666666652
TJK,Tajikistan,2006.0,92.94347826086968,14.25
KNA,Saint Kitts and Nevis,1984.0,93.5,14.240000000000002
FIN,Finland,2002.0,97.03846153846156,14.224999999999996
CAN,Canada,2000.0,92.0,14.169999999999998
SGP,Singapore,1991.0,92.26666666666667,14.16
MYS,Malaysia,2001.0,95.1086956521739,13.685714285714283
SYC,Seychelles,1989.0,96.36363636363636,13.679999999999998
AND,Andorra,2001.0,93.41666666666667,13.660000000000005
KOR,Republic of Korea,2012.0,97.05884615384613,13.627272727272727
EST,Estonia,2006.0,95.48,13.62727272727271
RUS,Russian Federation,2019.0,90.8190243902437,13.62000000000001
BLR,Belarus,1997.0,97.85624999999996,13.619999999999994
MDV,Maldives,2010.0,96.5925925925926,13.609090909090897
KOR,Republic of Korea,2021.0,93.54354838709676,13.607692307692291
CHN,China,1999.0,90.50000000000001,13.500000000000007
PLW,Palau,1989.0,91.9,13.379999999999997
ISL,Iceland,1990.0,99.0,13.339999999999995
USA,United States of America,1980.0,92.27272727272727,13.339999999999995
SLV,El Salvador,1998.0,97.875,13.314285714285718
FIN,Finland,2005.0,97.57142857142857,13.312500000000004
BHR,Bahrain,2003.0,94.92592592592587,13.299999999999981
MNG,Mongolia,2014.0,97.71299999999997,13.290909090909102
BWA,Botswana,2009.0,90.66666666666667,13.271428571428576
CHL,Chile,2008.0,95.54555555555568,13.270000000000005
ALB,Albania,1980.0,93.2,13.25
ISR,Israel,1989.0,92.0909090909091,13.220000000000002
KOR,Republic of Korea,2011.0,94.46961538461552,13.15
GBR,United Kingdom of Great Britain and Northern Ireland,2017.0,91.303125,13.144444444444424
EGY,Egypt,2014.0,93.95555555555549,13.142857142857135
CZE,Czechia,2007.0,98.9356521739129,13.100000000000003
ARE,United Arab Emirates,2016.0,98.76744186046511,13.100000000000001
MCO,Monaco,2018.0,94.66666666666667,13.099999999999996
KOR,Republic of Korea,2023.0,92.66796874999977,13.041666666666686
CPV,Cabo Verde,1993.0,95.9375,13.040000000000003
LUX,Luxembourg,1996.0,90.93333333333334,13.03999999999999
QAT,Qatar,2004.0,97.71428571428571,12.933333333333326
FIN,Finland,2006.0,97.57142857142857,12.9125
POL,Poland,1997.0,97.3555555555555,12.879999999999995
BGD,Bangladesh,1996.0,90.2,12.849999999999996
IRN,Iran (Islamic Republic of),1999.0,92.66666666666667,12.840000000000016
QAT,Qatar,1994.0,90.88235294117646,12.820000000000004
ARE,United Arab Emirates,2002.0,94.64285714285714,12.800000000000013
MAC,"China, Macao SAR",2016.0,92.49999999999993,12.788888888888883
FIN,Finland,1988.0,96.78571428571429,12.78
MAC,"China, Macao SAR",2017.0,93.42258064516099,12.679999999999987
KWT,Kuwait,2005.0,95.6826315789473,12.630000000000004
IRN,Iran (Islamic Republic of),1997.0,91.26315789473684,12.59999999999999
NOR,Norway,2020.0,94.909310344827,12.592307692307662
SGP,Singapore,1989.0,90.46153846153847,12.575
POL,Poland,2017.0,94.00740740740721,12.554545454545451
PER,Peru,1995.0,91.93333333333334,12.500000000000002
GUM,Guam,2000.0,93.42857142857143,12.5
MNE,Montenegro,2011.0,93.74615384615393,12.466666666666654
ARM,Armenia,2003.0,93.96190476190478,12.433333333333326
VGB,British Virgin Islands,2000.0,99.0,12.35
BRA,Brazil,1999.0,91.275,12.314285714285717
AUT,Austria,1980.0,91.5,12.3
HKG,"China, Hong Kong SAR",1985.0,92.66666666666667,12.299999999999995
MAC,"China, Macao SAR",2011.0,94.46363636363631,12.160000000000004
TKM,Turkmenistan,1996.0,96.93333333333334,12.140000000000002
ESP,Spain,2002.0,94.76470588235294,12.139999999999995
BGD,Bangladesh,2009.0,92.18846153846158,12.137499999999987
THA,Thailand,2013.0,97.8780000000001,12.12727272727273
KGZ,Kyrgyzstan,2017.0,93.46486486486494,12.116666666666664
FIN,Finland,2011.0,97.30000000000004,12.111111111111118
KGZ,Kyrgyzstan,2016.0,91.865625,12.099999999999998
CHN,China,1998.0,92.84615384615384,12.075
SRB,Serbia,2003.0,90.94117647058826,12.0375
GEO,Georgia,2012.0,91.48666666666662,12.027272727272711
SMR,San Marino,2003.0,91.29199999999989,11.966666666666665
DMA,Dominica,1993.0,99.0,11.960000000000006
KGZ,Kyrgyzstan,2011.0,94.28666666666672,11.955555555555549
BGD,Bangladesh,2010.0,91.92839999999993,11.937499999999991
GBR,United Kingdom of Great Britain and Northern Ireland,2016.0,91.58484848484845,11.900000000000004
BGR,Bulgaria,1984.0,98.75,11.860000000000005
TUR,Türkiye,2013.0,95.4,11.822222222222226
ALB,Albania,1985.0,94.76923076923077,11.819999999999995
AUS,Australia,1989.0,90.11111111111111,11.799999999999997
KOR,Republic of Korea,2010.0,94.31629629629649,11.736363636363652
SVN,Slovenia,2003.0,95.28571428571429,11.689999999999994
CHL,Chile,2015.0,94.08666666666662,11.619999999999992
HND,Honduras,2001.0,96.08,11.580000000000004
CZE,Czechia,2009.0,98.60857142857152,11.554545454545453
CHL,Chile,2002.0,96.41176470588235,11.537499999999998
OMN,Oman,2014.0,97.73640000000006,11.525
CZE,Czechia,2000.0,97.8533333333333,11.511111111111108
RWA,Rwanda,2022.0,91.88590909090911,11.48888888888888
WLF,Wallis and Futuna,1998.0,94.0909090909091,11.466666666666665
SAU,Saudi Arabia,2013.0,97.29024390243896,11.436363636363645
SAU,Saudi Arabia,2003.0,95.1807692307692,11.430000000000003
SYC,Seychelles,1986.0,95.11764705882354,11.340000000000003
LBY,Libya,2012.0,98.02758620689661,11.322222222222226
OMN,Oman,1996.0,92.8,11.29999999999999
BLR,Belarus,2023.0,92.86730158730185,11.290909090909116
CHN,China,2003.0,92.05384615384612,11.260000000000005
CZE,Czechia,2003.0,95.14166666666682,11.250000000000007
CHE,Switzerland,2003.0,90.36363636363636,11.242857142857137
BLZ,Belize,2010.0,94.83999999999995,11.240000000000006
OMN,Oman,2013.0,97.04347826086956,11.218181818181815
RWA,Rwanda,2006.0,94.45363636363635,11.200000000000008
JOR,Jordan,2006.0,90.57142857142857,11.190909090909088
CHL,Chile,2014.0,95.00142857142862,11.170000000000012
EST,Estonia,1996.0,90.47058823529412,11.160000000000007
PYF,French Polynesia,2009.0,96.88888888888889,11.129999999999997
MAC,"China, Macao SAR",2007.0,92.15555555555551,11.110000000000007
CHL,Chile,2016.0,94.22146341463423,11.109999999999982
LBY,Libya,2022.0,91.5870175438597,11.108333333333311
CZE,Czechia,2001.0,97.65384615384616,11.089999999999996
ARE,United Arab Emirates,2014.0,91.88888888888889,11.087500000000004
BRN,Brunei Darussalam,2008.0,94.94545454545458,11.063636363636371
ARE,United Arab Emirates,2003.0,94.64285714285714,11.06
ISR,Israel,1993.0,94.5625,11.040000000000003
MYS,Malaysia,2012.0,94.49156249999996,10.966666666666654
CHL,Chile,2010.0,91.84185185185176,10.95555555555556
FIN,Finland,2008.0,97.76923076923077,10.888888888888891
ARG,Argentina,1995.0,92.91666666666667,10.88
MYS,Malaysia,2019.0,93.63333333333345,10.874999999999975
KWT,Kuwait,2000.0,94.98181818181828,10.85
SRB,Serbia,2004.0,93.56500000000007,10.844444444444441
NLD,Netherlands (Kingdom of the),1994.0,95.17333333333335,10.840000000000005
EST,Estonia,2012.0,94.54444444444444,10.790909090909087
MDA,Republic of Moldova,2005.0,97.98518518518533,10.780000000000003
BRN,Brunei Darussalam,2004.0,91.16923076923084,10.760000000000005
VNM,Viet Nam,2011.0,91.15652173913044,10.733333333333329
MEX,Mexico,2003.0,95.67703703703717,10.730000000000002
BLZ,Belize,2005.0,93.70800000000011,10.719999999999995
ISR,Israel,1999.0,94.78947368421052,10.716666666666676
BGR,Bulgaria,1982.0,96.75,10.7
CPV,Cabo Verde,2012.0,93.09484848484834,10.654545454545447
SMR,San Marino,1990.0,99.0,10.65
AND,Andorra,2013.0,95.07000000000012,10.639999999999995
GEO,Georgia,2008.0,93.92592592592592,10.609090909090904
ALB,Albania,1995.0,94.46315789473682,10.60000000000001
SGP,Singapore,1995.0,94.18640000000006,10.539999999999996
SRB,Serbia,2015.0,92.27307692307689,10.500000000000014
UZB,Uzbekistan,1995.0,92.13333333333334,10.46
ARE,United Arab Emirates,2008.0,93.88235294117646,10.409999999999998
KOR,Republic of Korea,2008.0,93.57464285714288,10.399999999999986
CZE,Czechia,2008.0,98.47391304347832,10.390909090909092
BGR,Bulgaria,1993.0,95.54210526315794,10.380000000000008
LTU,Lithuania,1997.0,94.70000000000002,10.359999999999996
ISR,Israel,2017.0,90.625,10.310000000000002
ESP,Spain,2008.0,96.83999999999996,10.290000000000004
KAZ,Kazakhstan,1996.0,95.75333333333334,10.260000000000002
KGZ,Kyrgyzstan,2010.0,96.9551724137931,10.255555555555558
RUS,Russian Federation,2018.0,90.29560975609758,10.25
CHN,China,2022.0,98.84255319148922,10.239999999999998
UZB,Uzbekistan,2006.0,95.59130434782602,10.200000000000005
ALB,Albania,1983.0,93.61538461538461,10.199999999999992
BGR,Bulgaria,2004.0,94.45555555555543,10.149999999999991
UZB,Uzbekistan,2013.0,98.84074074074097,10.081818181818187
FIN,Finland,1992.0,98.88888888888889,10.079999999999997
SYC,Seychelles,2006.0,99.67857142857143,10.06363636363636
TJK,Tajikistan,2001.0,91.51764705882343,10.060000000000004
CHN,China,2002.0,91.56923076923078,10.06
ARE,United Arab Emirates,2012.0,95.54666666666667,10.049999999999999
ALB,Albania,2006.0,95.4000000000001,10.040000000000004
SVK,Slovakia,1991.0,97.34,10.02
GBR,United Kingdom of Great Britain and Northern Ireland,2014.0,92.33333333333333,10.018181818181807
EGY,Egypt,2023.0,96.22421052631562,9.990000000000016
BMU,Bermuda,1997.0,91.0,9.979999999999999
PSE,"occupied Palestinian territory, including east Jerusalem",1996.0,90.70588235294117,9.979999999999999
ARE,United Arab Emirates,2023.0,91.25499999999994,9.933333333333325
GEO,Georgia,2007.0,95.36,9.927272727272733
NLD,Netherlands (Kingdom of the),1993.0,94.91999999999997,9.920000000000003
SRB,Serbia,2012.0,92.78782608695646,9.888888888888902
DNK,Denmark,1997.0,91.0,9.879999999999997
MYS,Malaysia,2018.0,93.95407407407414,9.87
HRV,Croatia,2000.0,94.51250000000005,9.833333333333329
BGD,Bangladesh,2011.0,91.485,9.825
CRI,Costa Rica,1990.0,93.06666666666666,9.780000000000001
VNM,Viet Nam,2006.0,91.95000000000003,9.757142857142853
FJI,Fiji,1996.0,94.22222222222223,9.7
ISR,Israel,1988.0,91.81818181818181,9.7
SVN,Slovenia,1991.0,91.82999999999998,9.7
ISR,Israel,2000.0,95.54545454545455,9.690000000000003
ARG,Argentina,1994.0,90.08333333333333,9.68
TJK,Tajikistan,2020.0,97.03041666666662,9.654545454545461
LBY,Libya,2005.0,96.276923076923,9.65
ARE,United Arab Emirates,2010.0,94.6,9.622222222222216
SVN,Slovenia,2008.0,97.10714285714286,9.60909090909091
CHN,China,2020.0,98.8836363636365,9.589999999999982
NLD,Netherlands (Kingdom of the),1983.0,95.32727272727273,9.580000000000002
ISL,Iceland,2006.0,95.85714285714286,9.57272727272728
ISR,Israel,2001.0,94.65454545454544,9.56999999999999
MLT,Malta,2019.0,91.99954545454536,9.563636363636373
SGP,Singapore,1987.0,95.92307692307692,9.56
SVN,Slovenia,1997.0,91.36250000000003,9.559999999999999
TON,Tonga,2023.0,93.10218749999991,9.558333333333323
HND,Honduras,1998.0,96.0,9.550000000000002
MYS,Malaysia,2011.0,94.95031249999987,9.487500000000013
BRN,Brunei Darussalam,2005.0,90.82500000000027,9.479999999999997
GUM,Guam,1986.0,96.0,9.459999999999999
PSE,"occupied Palestinian territory, including east Jerusalem",1999.0,90.6875,9.440000000000001
BGR,Bulgaria,1988.0,99.3076923076923,9.4
BRN,Brunei Darussalam,1990.0,93.0625,9.4
NOR,Norway,1992.0,97.6,9.399999999999995
OMN,Oman,2016.0,99.2150000000003,9.363636363636376
BGR,Bulgaria,1983.0,98.5,9.359999999999998
RUS,Russian Federation,2008.0,97.9613636363637,9.354545454545457
MKD,North Macedonia,2002.0,96.26666666666675,9.350000000000007
MAR,Morocco,2007.0,92.46666666666667,9.25
HND,Honduras,2004.0,93.2248148148148,9.2
FIN,Finland,2007.0,97.92307692307692,9.189999999999998
CHN,China,2021.0,98.95510638297857,9.189999999999985
ISL,Iceland,1992.0,91.8125,9.180000000000001
BRN,Brunei Darussalam,1997.0,95.35,9.18
SYC,Seychelles,1999.0,97.65238095238094,9.149999999999999
MYS,Malaysia,2005.0,92.91250000000002,9.14999999999999
HKG,"China, Hong Kong SAR",1986.0,90.33333333333333,9.139999999999997
ISL,Iceland,1993.0,92.75,9.1
FJI,Fiji,2012.0,94.25758620689659,9.099999999999996
DNK,Denmark,2013.0,90.29032258064517,9.099999999999989
LKA,Sri Lanka,2014.0,98.2031250000001,9.072727272727278
RUS,Russian Federation,2017.0,93.31214285714293,9.050000000000004
MAC,"China, Macao SAR",2001.0,90.96611111111118,9.040000000000004
MKD,North Macedonia,2005.0,94.44545454545471,9.033333333333326
QAT,Qatar,2023.0,92.42612903225816,9.008333333333352
VCT,Saint Vincent and the Grenadines,1989.0,98.3076923076923,9.0
MEX,Mexico,2004.0,96.44749999999995,8.999999999999993
CHL,Chile,2009.0,93.01148148148152,8.989999999999991
MDA,Republic of Moldova,2006.0,97.80740740740751,8.981818181818175
MEX,Mexico,2006.0,90.6278125,8.955555555555542
IRL,Ireland,2013.0,91.9806896551723,8.954545454545464
NCL,New Caledonia,1992.0,100.0,8.933333333333335
CHL,Chile,1993.0,93.33333333333333,8.900000000000004
UZB,Uzbekistan,2014.0,98.24571428571451,8.877777777777787
BHR,Bahrain,2007.0,93.25366666666669,8.854545454545443
LTU,Lithuania,2009.0,97.1000000000002,8.827272727272728
NCL,New Caledonia,1991.0,100.0,8.82
ISR,Israel,2002.0,95.05263157894737,8.819999999999995
OMN,Oman,2017.0,99.6747826086956,8.809090909090912
MAC,"China, Macao SAR",1999.0,90.06428571428587,8.777777777777779
GBR,United Kingdom of Great Britain and Northern Ireland,2015.0,92.24375000000003,8.772727272727273
POL,Poland,1987.0,95.46153846153847,8.76
AZE,Azerbaijan,2009.0,92.27037037037039,8.733333333333341
BLR,Belarus,2018.0,93.26949152542372,8.709090909090918
BLR,Belarus,2019.0,95.16999999999965,8.708333333333332
MKD,North Macedonia,2003.0,96.47368421052623,8.700000000000001
LTU,Lithuania,2005.0,92.82000000000005,8.670000000000005
USA,United States of America,1986.0,97.1,8.660000000000002
MEX,Mexico,2005.0,95.53843749999976,8.630000000000003
SLB,Solomon Islands,1996.0,92.70588235294117,8.620000000000003
LKA,Sri Lanka,2015.0,97.01000000000008,8.600000000000001
NLD,Netherlands (Kingdom of the),1984.0,95.25454545454544,8.56
TON,Tonga,2006.0,99.29062499999992,8.554545454545462
MNG,Mongolia,2017.0,96.50682926829288,8.544444444444451
KGZ,Kyrgyzstan,2008.0,97.6370370370372,8.518181818181818
NLD,Netherlands (Kingdom of the),1992.0,96.36,8.44
SMR,San Marino,1991.0,95.58823529411765,8.4
MYS,Malaysia,2015.0,94.96976190476181,8.366666666666633
AUT,Austria,2014.0,94.11764705882354,8.357142857142856
MEX,Mexico,2007.0,91.6810000000001,8.35555555555557
MNP,Northern Mariana Islands,1995.0,91.0,8.320000000000002
BGD,Bangladesh,2008.0,91.35608695652168,8.287499999999996
RUS,Russian Federation,2012.0,97.01304347826095,8.27777777777778
ARM,Armenia,2007.0,90.65,8.277777777777779
CZE,Czechia,1992.0,98.4,8.26
SVK,Slovakia,2016.0,96.30769230769238,8.236363636363642
KGZ,Kyrgyzstan,2009.0,96.10833333333342,8.211111111111107
MAR,Morocco,2008.0,95.0,8.199999999999998
KGZ,Kyrgyzstan,2012.0,96.3142857142859,8.155555555555559
TZA,United Republic of Tanzania,2003.0,93.21739130434783,8.149999999999999
ITA,Italy,2004.0,92.32631578947372,8.125
SRB,Serbia,2011.0,95.02173913043477,8.112500000000002
PYF,French Polynesia,1995.0,95.33333333333333,8.1
HND,Honduras,1991.0,90.11764705882354,8.059999999999999
SVN,Slovenia,1993.0,96.225,8.040000000000001
URY,Uruguay,2009.0,93.6443999999999,8.029999999999998
FIN,Finland,2010.0,97.125,8.024999999999999
ALB,Albania,1986.0,94.76923076923077,8.020000000000003
BRN,Brunei Darussalam,1998.0,91.95,8.0
HND,Honduras,2006.0,94.0657142857143,8.0
EGY,Egypt,2000.0,95.05185185185175,7.9750000000000005
BLZ,Belize,2006.0,93.88642857142857,7.900000000000004
BGR,Bulgaria,2003.0,95.93809523809522,7.879999999999989
CUB,Cuba,2006.0,93.22,7.85
SVN,Slovenia,1996.0,96.75,7.840000000000001
ARE,United Arab Emirates,2005.0,94.56666666666666,7.833333333333335
MYS,Malaysia,2017.0,95.13709677419355,7.799999999999991
HRV,Croatia,2002.0,94.21347826086968,7.777777777777782
SAU,Saudi Arabia,2002.0,96.4230769230769,7.770000000000003
HND,Honduras,1997.0,91.52631578947368,7.762499999999995
ALB,Albania,1987.0,94.76923076923077,7.760000000000002
FIN,Finland,2001.0,97.13846153846156,7.7124999999999995
ARE,United Arab Emirates,2004.0,94.55172413793103,7.711111111111103
TON,Tonga,1999.0,95.5222222222221,7.622222222222217
IRN,Iran (Islamic Republic of),1998.0,95.0,7.600000000000003
HND,Honduras,1996.0,94.0,7.599999999999994
UZB,Uzbekistan,1998.0,97.6923076923077,7.560000000000001
NLD,Netherlands (Kingdom of the),1989.0,95.47692307692313,7.520000000000002
GRD,Grenada,1999.0,90.66666666666667,7.5
HND,Honduras,2005.0,94.93357142857154,7.5
ESP,Spain,2005.0,95.66000000000004,7.460000000000004
WSM,Samoa,1998.0,99.38888888888889,7.450000000000002
CHN,China,2023.0,96.82657142857151,7.449999999999993
LBN,Lebanon,1997.0,91.36363636363636,7.439999999999999
EST,Estonia,2005.0,90.3892857142857,7.380000000000009
NOR,Norway,1991.0,94.91999999999994,7.379999999999998
GUM,Guam,2019.0,100.0,7.3
ISR,Israel,2005.0,94.44444444444444,7.3
PRT,Portugal,1991.0,94.61249999999995,7.3
BIH,Bosnia and Herzegovina,2007.0,94.41379310344827,7.272727272727277
GBR,United Kingdom of Great Britain and Northern Ireland,2011.0,90.5,7.272727272727264
STP,Sao Tome and Principe,2017.0,90.16803921568624,7.25
LKA,Sri Lanka,2011.0,96.96129032258077,7.245454545454545
LBY,Libya,2008.0,97.94275862068966,7.218181818181822
BDI,Burundi,2010.0,91.03846153846153,7.209090909090906
MKD,North Macedonia,2001.0,93.06666666666653,7.200000000000003
EGY,Egypt,2017.0,91.7771428571428,7.162499999999996
NCL,New Caledonia,2016.0,96.0909090909091,7.1
SAU,Saudi Arabia,2001.0,95.71999999999993,7.079999999999994
PYF,French Polynesia,2007.0,97.2,7.0375
KAZ,Kazakhstan,1997.0,91.875,6.920000000000002
SVN,Slovenia,2004.0,95.0,6.920000000000002
MNG,Mongolia,2022.0,92.88909090909107,6.919999999999974
MNE,Montenegro,2013.0,92.76296296296287,6.890909090909088
ROU,Romania,2013.0,93.36999999999998,6.84545454545454
DNK,Denmark,2002.0,95.99375000000006,6.830000000000003
QAT,Qatar,2018.0,97.03431372549015,6.816666666666655
SLV,El Salvador,2003.0,90.20769230769237,6.8
MNG,Mongolia,2020.0,94.70716666666675,6.7999999999999945
AND,Andorra,2017.0,98.2505555555556,6.779999999999998
MYS,Malaysia,2016.0,93.89580645161287,6.770000000000013
MNG,Mongolia,2023.0,93.51981818181815,6.733333333333327
SYC,Seychelles,2005.0,99.5620689655174,6.720000000000003
OMN,Oman,2007.0,97.36129032258069,6.718181818181821
LTU,Lithuania,1998.0,90.88235294117646,6.680000000000009
ISR,Israel,1992.0,94.1875,6.660000000000001
KWT,Kuwait,2014.0,95.16111111111125,6.657142857142854
HRV,Croatia,2005.0,96.4318181818181,6.65000000000001
MYS,Malaysia,1995.0,92.1,6.6400000000000015
CHN,China,2019.0,98.80923076923071,6.628571428571426
LTU,Lithuania,2012.0,94.20733333333334,6.62727272727273
ESP,Spain,2003.0,95.17647058823529,6.611111111111118
POL,Poland,1988.0,95.64285714285714,6.600000000000006
BRN,Brunei Darussalam,2011.0,94.09999999999997,6.599999999999997
SAU,Saudi Arabia,2019.0,93.32244897959154,6.5999999999999925
VNM,Viet Nam,2005.0,92.8130434782609,6.571428571428571
SVN,Slovenia,2001.0,94.57699999999997,6.530000000000002
MNG,Mongolia,1998.0,93.5625,6.524999999999996
MKD,North Macedonia,2012.0,92.68062500000002,6.522222222222222
NLD,Netherlands (Kingdom of the),1995.0,95.85333333333327,6.520000000000001
NLD,Netherlands (Kingdom of the),1990.0,95.46153846153844,6.500000000000004
CZE,Czechia,2004.0,97.62083333333345,6.479999999999998
SLV,El Salvador,2012.0,92.49075000000002,6.459999999999995
ALB,Albania,1992.0,90.5625,6.440000000000005
BRA,Brazil,2000.0,91.30323529411758,6.433333333333337
HRV,Croatia,2015.0,94.80119999999988,6.418181818181827
BDI,Burundi,2009.0,93.53444444444446,6.354545454545456
UZB,Uzbekistan,2008.0,93.6869565217391,6.345454545454546
ALB,Albania,1984.0,93.61538461538461,6.339999999999999
RWA,Rwanda,2020.0,91.11108695652179,6.336363636363645
BTN,Bhutan,2009.0,92.8076923076923,6.329999999999993
EGY,Egypt,2001.0,95.9055555555555,6.3125
HRV,Croatia,2001.0,95.29571428571414,6.310000000000003
LBY,Libya,2015.0,95.42045454545459,6.300000000000005
BEL,Belgium,2011.0,95.70588235294117,6.289999999999998
LKA,Sri Lanka,2007.0,95.9166666666666,6.289999999999997
SYC,Seychelles,1997.0,98.88888888888889,6.283333333333335
MNG,Mongolia,1997.0,92.125,6.279999999999992
MDA,Republic of Moldova,2011.0,93.37166666666657,6.263636363636369
URY,Uruguay,2010.0,95.48310344827576,6.260000000000003
NIC,Nicaragua,2006.0,90.99000000000002,6.255555555555553
ISL,Iceland,2016.0,92.05714285714286,6.2272727272727275
ATG,Antigua and Barbuda,1985.0,90.4,6.2
LTU,Lithuania,2014.0,94.46812500000024,6.199999999999992
TZA,United Republic of Tanzania,2004.0,92.56521739130434,6.185714285714291
PRT,Portugal,2023.0,95.017435897436,6.181818181818182
NCL,New Caledonia,2018.0,94.81666666666656,6.174999999999998
TUN,Tunisia,2012.0,94.20312500000009,6.130000000000008
RUS,Russian Federation,2014.0,93.0534782608696,6.1272727272727225
BGR,Bulgaria,1995.0,95.95789473684216,6.120000000000002
MKD,North Macedonia,2004.0,95.17142857142854,6.022222222222218
CHL,Chile,1995.0,95.8,6.020000000000001
MYS,Malaysia,1997.0,92.6,5.980000000000002
COL,Colombia,2006.0,91.48468750000008,5.9699999999999935
TZA,United Republic of Tanzania,2011.0,91.13636363636364,5.933333333333334
ARE,United Arab Emirates,2019.0,91.93792452830189,5.900000000000027
SGP,Singapore,1998.0,94.51999999999998,5.9
TKM,Turkmenistan,2008.0,97.83200000000002,5.9
SRB,Serbia,2014.0,91.99999999999996,5.888888888888889
LTU,Lithuania,1996.0,94.56250000000004,5.840000000000003
ISL,Iceland,2019.0,91.89333333333337,5.829999999999993
VNM,Viet Nam,2003.0,90.28399999999998,5.828571428571426
RUS,Russian Federation,2009.0,97.68090909090901,5.825000000000008
KWT,Kuwait,2010.0,98.17805555555569,5.800000000000009
ROU,Romania,2009.0,96.30666666666669,5.8000000000000025
COL,Colombia,2007.0,92.56264705882347,5.770000000000003
LTU,Lithuania,2015.0,94.63900000000008,5.766666666666673
RUS,Russian Federation,2015.0,97.1473913043477,5.755555555555553
GMB,Gambia,1996.0,95.05263157894737,5.75
ARE,United Arab Emirates,2017.0,96.79069767441861,5.733333333333342
MEX,Mexico,2012.0,96.09749999999997,5.7200000000000015
THA,Thailand,2014.0,98.06299999999997,5.710000000000003
NIC,Nicaragua,2005.0,91.12518518518517,5.699999999999997
CPV,Cabo Verde,2013.0,90.43636363636338,5.681818181818182
HND,Honduras,2008.0,92.01517241379321,5.679999999999997
RUS,Russian Federation,2013.0,97.28045454545472,5.677777777777783
BFA,Burkina Faso,2008.0,92.83272727272725,5.674999999999995
FIN,Finland,2009.0,98.70769230769233,5.644444444444442
DEU,Germany,2006.0,91.79090909090912,5.64
CYM,Cayman Islands,1997.0,92.5,5.619999999999999
MYS,Malaysia,1996.0,92.28421052631579,5.600000000000004
SLV,El Salvador,2007.0,92.12166666666671,5.6
SYC,Seychelles,1987.0,93.33333333333333,5.6
HRV,Croatia,2008.0,96.77360000000016,5.572727272727273
USA,United States of America,1988.0,97.5,5.559999999999998
GEO,Georgia,2010.0,90.52999999999999,5.545454545454537
SAU,Saudi Arabia,2018.0,97.21153846153847,5.54444444444445
CPV,Cabo Verde,1989.0,95.85714285714286,5.539999999999998
LKA,Sri Lanka,1997.0,94.70588235294117,5.519999999999995
EST,Estonia,2016.0,92.48571428571466,5.51818181818182
BHR,Bahrain,2004.0,95.38357142857134,5.509999999999998
OMN,Oman,2018.0,93.57375000000015,5.466666666666677
MEX,Mexico,2010.0,93.63756097560987,5.460000000000008
EGY,Egypt,2018.0,93.68235294117666,5.4499999999999975
AND,Andorra,2007.0,93.16058823529407,5.433333333333332
ISR,Israel,1996.0,94.75,5.419999999999996
LUX,Luxembourg,2008.0,95.62352941176478,5.390909090909095
LTU,Lithuania,2006.0,96.07333333333311,5.381818181818174
GUM,Guam,1995.0,91.66666666666667,5.38
PRT,Portugal,1992.0,94.875,5.379999999999998
USA,United States of America,1985.0,96.54545454545455,5.360000000000001
OMN,Oman,2019.0,98.11833333333378,5.355555555555554
HKG,"China, Hong Kong SAR",1989.0,91.25,5.34
POL,Poland,1996.0,92.40555555555554,5.339999999999997
UZB,Uzbekistan,2011.0,99.34000000000023,5.3363636363636395
MYS,Malaysia,2013.0,94.11074074074072,5.330000000000001
NOR,Norway,1994.0,93.61538461538461,5.3199999999999985
SLV,El Salvador,2008.0,91.84666666666665,5.290000000000004
RUS,Russian Federation,2010.0,97.37772727272713,5.2875
LTU,Lithuania,2013.0,94.5148275862069,5.254545454545456
ZMB,Zambia,2009.0,93.06391304347817,5.239999999999999
CPV,Cabo Verde,1991.0,94.75,5.220000000000001
AND,Andorra,2012.0,96.69749999999995,5.2
BHR,Bahrain,2014.0,95.74804347826122,5.190909090909086
EGY,Egypt,2006.0,95.47068965517246,5.177777777777777
MAR,Morocco,2006.0,90.28571428571429,5.175
PSE,"occupied Palestinian territory, including east Jerusalem",2010.0,91.8,5.150000000000004
AND,Andorra,2011.0,96.4411764705883,5.139999999999999
FIN,Finland,2013.0,96.59333333333332,5.128571428571426
ABW,Aruba,2018.0,91.2,5.127272727272731
GUM,Guam,1998.0,91.66666666666667,5.119999999999999
ARM,Armenia,2008.0,92.82400000000001,5.071428571428571
LKA,Sri Lanka,2008.0,96.3399999999999,5.060000000000005
UZB,Uzbekistan,1996.0,95.53333333333333,5.060000000000001
NOR,Norway,1996.0,94.65333333333334,5.059999999999996
RUS,Russian Federation,2020.0,91.37770833333329,5.045454545454538
KWT,Kuwait,2012.0,98.25513513513495,5.036363636363641
TUR,Türkiye,2011.0,94.00538461538461,5.0200000000000005
NCL,New Caledonia,1995.0,92.5,5.0
EST,Estonia,2013.0,93.98518518518516,4.963636363636362
KOR,Republic of Korea,2005.0,97.93749999999999,4.962500000000002
SYC,Seychelles,2019.0,97.39523809523808,4.958333333333333
GEO,Georgia,2011.0,90.87333333333324,4.9545454545454515
SVK,Slovakia,1999.0,94.93333333333334,4.950000000000001
SVK,Slovakia,2009.0,98.88999999999983,4.945454545454547
HRV,Croatia,2007.0,96.43199999999975,4.945454545454545
GTM,Guatemala,2008.0,90.7165384615385,4.939999999999997
MAR,Morocco,2009.0,95.68,4.93333333333333
GUM,Guam,1999.0,93.8,4.9222222222222225
ARG,Argentina,1996.0,91.0,4.899999999999998
HKG,"China, Hong Kong SAR",2007.0,99.15999999999998,4.89
EGY,Egypt,2019.0,94.341463414634,4.887499999999997
DNK,Denmark,2004.0,94.3,4.877777777777781
MEX,Mexico,2002.0,96.44800000000004,4.875000000000002
ESP,Spain,2009.0,95.66090909090921,4.872727272727276
DZA,Algeria,2006.0,91.73076923076923,4.866666666666672
ARM,Armenia,1998.0,91.84615384615384,4.8599999999999985
UZB,Uzbekistan,2019.0,93.59453124999989,4.858333333333323
BHR,Bahrain,2013.0,96.14711111111097,4.85
ARE,United Arab Emirates,2018.0,95.09433962264151,4.8428571428571345
TON,Tonga,2001.0,94.22916666666647,4.840000000000004
SVN,Slovenia,1992.0,95.03875000000005,4.8
ZWE,Zimbabwe,2011.0,91.21739130434783,4.77142857142857
BGR,Bulgaria,2011.0,95.55714285714286,4.763636363636358
BFA,Burkina Faso,2023.0,91.35982142857151,4.759999999999995
BRA,Brazil,2014.0,91.18906976744199,4.750000000000011
THA,Thailand,2015.0,98.2030000000001,4.745454545454548
LUX,Luxembourg,2009.0,95.15000000000006,4.745454545454547
LKA,Sri Lanka,2010.0,96.24062500000008,4.745454545454537
BLZ,Belize,2000.0,90.19499999999998,4.742857142857144
PSE,"occupied Palestinian territory, including east Jerusalem",1997.0,91.70588235294117,4.739999999999998
KNA,Saint Kitts and Nevis,1995.0,98.58333333333333,4.72
DNK,Denmark,2001.0,94.47368421052632,4.711111111111111
GEO,Georgia,2016.0,90.27659574468085,4.690909090909088
SYC,Seychelles,2011.0,94.9826086956521,4.681818181818182
KOR,Republic of Korea,2004.0,94.12499999999994,4.675000000000006
ESP,Spain,2020.0,90.95898305084738,4.672727272727271
HKG,"China, Hong Kong SAR",2001.0,91.20000000000022,4.670000000000001
KNA,Saint Kitts and Nevis,1996.0,98.66666666666667,4.660000000000001
TON,Tonga,2009.0,99.03225806451604,4.659999999999998
SVK,Slovakia,2017.0,96.73571428571427,4.633333333333328
BLR,Belarus,2007.0,96.52962962962968,4.627272727272724
MYS,Malaysia,1992.0,90.02631578947368,4.620000000000002
HRV,Croatia,2003.0,95.74285714285699,4.6199999999999966
USA,United States of America,1999.0,91.65555555555557,4.600000000000001
TUR,Türkiye,2019.0,93.86614035087706,4.555555555555551
TZA,United Republic of Tanzania,2012.0,91.75391304347826,4.550000000000003
PSE,"occupied Palestinian territory, including east Jerusalem",2022.0,97.36296296296315,4.52
TTO,Trinidad and Tobago,1997.0,90.08333333333333,4.512500000000002
SRB,Serbia,2009.0,95.2374999999999,4.511111111111113
KOR,Republic of Korea,2006.0,97.9571428571431,4.510000000000004
SVN,Slovenia,2005.0,95.36363636363636,4.510000000000002
TUN,Tunisia,2020.0,91.8201960784314,4.509999999999996
SRB,Serbia,2007.0,95.4708333333333,4.5
EGY,Egypt,1999.0,92.87391304347828,4.487500000000005
LBY,Libya,2007.0,95.87931034482772,4.463636363636367
DNK,Denmark,2000.0,97.18181818181819,4.433333333333332
PYF,French Polynesia,2010.0,96.88888888888889,4.430000000000001
MDA,Republic of Moldova,2010.0,92.37366666666665,4.427272727272724
EST,Estonia,2017.0,92.37057142857121,4.42727272727272
SRB,Serbia,2005.0,93.14782608695658,4.424999999999996
MCO,Monaco,2017.0,92.61538461538461,4.416666666666667
MNE,Montenegro,2010.0,92.552,4.350000000000004
KAZ,Kazakhstan,2009.0,98.1899999999999,4.345454545454548
AND,Andorra,2000.0,93.66666666666667,4.3428571428571425
HRV,Croatia,2011.0,96.74827586206901,4.318181818181814
OMN,Oman,2023.0,95.58274193548408,4.31666666666667
KWT,Kuwait,2011.0,98.83888888888899,4.309090909090907
LCA,Saint Lucia,1991.0,95.33333333333333,4.3
BGD,Bangladesh,2019.0,92.14966666666663,4.288888888888887
HKG,"China, Hong Kong SAR",1996.0,92.0,4.28
SLV,El Salvador,2014.0,90.26177777777777,4.270000000000003
BRN,Brunei Darussalam,2012.0,93.96439999999994,4.263636363636364
RUS,Russian Federation,2011.0,97.14363636363662,4.259999999999995
ITA,Italy,2005.0,92.60000000000008,4.255555555555553
SYC,Seychelles,1996.0,99.22222222222223,4.2333333333333325
USA,United States of America,1997.0,90.1529411764706,4.233333333333331
CHL,Chile,1992.0,92.66666666666667,4.22
MKD,North Macedonia,2006.0,92.82222222222225,4.219999999999999
ARM,Armenia,2009.0,95.10444444444444,4.214285714285714
BHR,Bahrain,2019.0,95.05363636363616,4.208333333333347
MAC,"China, Macao SAR",2023.0,90.37418181818128,4.200000000000004
NOR,Norway,1995.0,94.38461538461539,4.18
DZA,Algeria,2008.0,91.13333333333334,4.1636363636363605
LKA,Sri Lanka,2009.0,91.34999999999994,4.154545454545453
SVN,Slovenia,1998.0,93.28571428571429,4.14
USA,United States of America,1984.0,97.45454545454545,4.120000000000002
SAU,Saudi Arabia,2006.0,95.71851851851858,4.118181818181822
PER,Peru,1996.0,92.86666666666666,4.1000000000000005
UZB,Uzbekistan,1997.0,96.2,4.1
TJK,Tajikistan,2019.0,95.23137254901961,4.099999999999996
HND,Honduras,2009.0,94.41432432432401,4.089999999999995
USA,United States of America,1998.0,91.22941176470586,4.085714285714288
BGR,Bulgaria,1990.0,99.23076923076923,4.080000000000001
DNK,Denmark,1995.0,90.88235294117646,4.060000000000001
HND,Honduras,2007.0,92.0014285714286,4.050000000000005
LUX,Luxembourg,1993.0,91.5,4.04
MNE,Montenegro,2006.0,91.49166666666663,4.033333333333332
BLR,Belarus,2020.0,91.8332258064515,4.030769230769213
KWT,Kuwait,2013.0,98.5504000000001,4.020000000000003
LTU,Lithuania,2010.0,96.13333333333318,4.000000000000005
STP,Sao Tome and Principe,2002.0,90.63636363636364,4.0
HUN,Hungary,1999.0,99.63157894736842,3.9857142857142875
MYS,Malaysia,2003.0,93.85000000000004,3.971428571428573
URY,Uruguay,1995.0,93.26666666666667,3.9666666666666686
BRN,Brunei Darussalam,2010.0,94.88260869565217,3.955555555555557
BEL,Belgium,2005.0,91.13333333333334,3.9375
AUT,Austria,1996.0,90.6923076923077,3.9333333333333336
PRT,Portugal,2012.0,97.12608695652172,3.919999999999998
LTU,Lithuania,2008.0,96.3214285714287,3.9181818181818144
HKG,"China, Hong Kong SAR",2011.0,96.20857142857139,3.9000000000000035
GRD,Grenada,1993.0,93.5,3.9
HRV,Croatia,2009.0,96.53333333333333,3.9
MYS,Malaysia,1998.0,91.95238095238095,3.8999999999999986
BHR,Bahrain,2010.0,91.85609756097568,3.8909090909090964
FJI,Fiji,2001.0,90.13777777777783,3.889999999999999
BEL,Belgium,2007.0,94.09411764705887,3.8800000000000034
HKG,"China, Hong Kong SAR",2008.0,99.19666666666672,3.88
MDV,Maldives,2013.0,97.72882352941173,3.8636363636363638
HND,Honduras,2010.0,95.54823529411763,3.8600000000000008
MEX,Mexico,2016.0,90.47265306122458,3.8499999999999974
ROU,Romania,2010.0,95.51052631578946,3.845454545454543
USA,United States of America,1981.0,96.54545454545455,3.840000000000001
SRB,Serbia,2008.0,96.08749999999993,3.827272727272729
BEL,Belgium,2008.0,95.4058823529411,3.8
MYS,Malaysia,1994.0,90.78947368421052,3.8
KAZ,Kazakhstan,2018.0,90.75846153846149,3.7899999999999956
KAZ,Kazakhstan,2014.0,90.51621621621612,3.762500000000001
HUN,Hungary,2000.0,94.75238095238092,3.7333333333333347
KWT,Kuwait,2015.0,97.1833333333334,3.733333333333334
TON,Tonga,2012.0,96.60312499999984,3.7200000000000024
MNG,Mongolia,2019.0,92.45818181818177,3.7090909090909068
MYS,Malaysia,2014.0,93.47749999999999,3.7000000000000037
KOR,Republic of Korea,2003.0,93.79166666666667,3.677777777777781
SVN,Slovenia,2002.0,94.35714285714286,3.670000000000002
SRB,Serbia,2016.0,90.723076923077,3.6500000000000035
BGR,Bulgaria,1994.0,94.34631578947364,3.6200000000000006
LKA,Sri Lanka,2023.0,93.17016666666679,3.6083333333333334
PYF,French Polynesia,2019.0,97.1,3.6
JOR,Jordan,2013.0,91.90322580645162,3.5999999999999983
MKD,North Macedonia,2013.0,90.31294117647055,3.588888888888887
ISR,Israel,1997.0,94.95238095238095,3.5800000000000005
SAU,Saudi Arabia,2010.0,98.01142857142852,3.572727272727275
MNP,Northern Mariana Islands,1997.0,96.5,3.54
LVA,Latvia,2006.0,96.39333333333336,3.527272727272731
BTN,Bhutan,2006.0,91.15695652173916,3.5
CRI,Costa Rica,1995.0,91.13333333333334,3.5
LKA,Sri Lanka,1998.0,90.58823529411765,3.483333333333335
LBY,Libya,2006.0,97.47692307692313,3.472727272727278
LUX,Luxembourg,2003.0,93.90714285714286,3.4714285714285715
BLZ,Belize,2001.0,95.06545454545454,3.4571428571428564
CRI,Costa Rica,2012.0,90.85000000000005,3.4499999999999993
USA,United States of America,1983.0,97.45454545454545,3.4200000000000013
ALB,Albania,2016.0,97.9902439024389,3.4124999999999983
HKG,"China, Hong Kong SAR",2009.0,98.89499999999998,3.4099999999999993
HRV,Croatia,2012.0,96.29576923076924,3.4090909090909096
CRI,Costa Rica,2020.0,92.13403508771944,3.408333333333335
TKM,Turkmenistan,2009.0,98.24814814814827,3.3874999999999997
PAN,Panama,1996.0,92.76923076923077,3.3800000000000003
PRT,Portugal,2002.0,91.84999999999991,3.350000000000002
JAM,Jamaica,1997.0,91.73333333333333,3.314285714285713
MUS,Mauritius,2004.0,93.18518518518519,3.3142857142857123
MDV,Maldives,2012.0,98.48909090909098,3.2909090909090923
PRK,Democratic People's Republic of Korea,2005.0,91.63846153846164,3.2900000000000027
MCO,Monaco,2019.0,94.3529411764706,3.274999999999999
ARM,Armenia,2017.0,95.55599999999998,3.266666666666668
HKG,"China, Hong Kong SAR",2012.0,96.20928571428571,3.240000000000002
QAT,Qatar,2014.0,92.775,3.23636363636364
SLE,Sierra Leone,2019.0,90.93181818181819,3.2333333333333405
MYS,Malaysia,2006.0,92.51875000000007,3.228571428571431
MLT,Malta,2020.0,91.5101923076925,3.222222222222225
SVK,Slovakia,1994.0,98.25,3.2199999999999998
ISR,Israel,1998.0,95.05263157894737,3.2199999999999984
HRV,Croatia,2006.0,96.46363636363657,3.218181818181817
PER,Peru,2006.0,90.75714285714282,3.210000000000005
TUR,Türkiye,2009.0,92.3030303030303,3.190000000000005
KAZ,Kazakhstan,2015.0,95.11,3.1636363636363605
TZA,United Republic of Tanzania,2017.0,93.09617647058825,3.160000000000001
USA,United States of America,1982.0,96.81818181818181,3.16
MNE,Montenegro,2008.0,94.39999999999998,3.1599999999999997
NCL,New Caledonia,2012.0,95.87,3.1571428571428566
LTU,Lithuania,2007.0,96.81666666666679,3.1545454545454525
HND,Honduras,2011.0,91.99399999999994,3.1500000000000017
PRT,Portugal,2017.0,93.23846153846156,3.1400000000000006
ARM,Armenia,2014.0,95.1599999999999,3.1363636363636362
CHL,Chile,1994.0,96.06666666666666,3.1200000000000014
LTU,Lithuania,2011.0,94.17793103448294,3.118181818181817
HRV,Croatia,2013.0,96.24689655172416,3.109090909090911
RUS,Russian Federation,2022.0,92.38764705882346,3.100000000000007
HUN,Hungary,1984.0,98.76923076923077,3.1000000000000023
PRT,Portugal,1997.0,90.58823529411765,3.1
NCL,New Caledonia,2013.0,95.87,3.099999999999999
PRT,Portugal,2005.0,91.71538461538451,3.0899999999999985
HUN,Hungary,1983.0,98.76923076923077,3.0800000000000005
JAM,Jamaica,1996.0,95.0,3.079999999999998
CUB,Cuba,2005.0,90.3541666666666,3.0700000000000007
TUN,Tunisia,2023.0,92.76773584905666,3.060000000000001
NLD,Netherlands (Kingdom of the),1980.0,94.47272727272728,3.0599999999999983
EGY,Egypt,2002.0,94.47777777777779,3.057142857142861
PRT,Portugal,2018.0,92.26285714285704,3.0545454545454547
CUB,Cuba,1988.0,95.26666666666667,3.0399999999999987
GUM,Guam,1988.0,97.0,3.02
MDV,Maldives,2023.0,95.07318181818162,3.008333333333329
USA,United States of America,2000.0,91.7126666666667,3.000000000000002
ARE,United Arab Emirates,2021.0,90.64196969696972,2.999999999999994
CRI,Costa Rica,2018.0,93.50766666666668,2.9909090909090845
TUR,Türkiye,2022.0,94.47482758620649,2.9888888888888876
NLD,Netherlands (Kingdom of the),1991.0,95.85333333333335,2.9800000000000004
ISR,Israel,1995.0,94.5,2.9799999999999986
BGR,Bulgaria,1989.0,99.15384615384616,2.959999999999999
JOR,Jordan,2012.0,92.42424242424242,2.9444444444444446
BTN,Bhutan,2007.0,91.13636363636364,2.9428571428571404
BGR,Bulgaria,1998.0,96.26666666666667,2.9400000000000017
LBN,Lebanon,1994.0,92.5,2.9399999999999995
GMB,Gambia,2015.0,92.26530612244898,2.9363636363636405
EGY,Egypt,2003.0,95.0722222222223,2.928571428571427
EGY,Egypt,2008.0,95.76521739130429,2.925000000000002
IRN,Iran (Islamic Republic of),2012.0,95.16275862068957,2.924999999999999
SVN,Slovenia,1999.0,95.27777777777777,2.9199999999999995
BTN,Bhutan,2008.0,93.82800000000003,2.9124999999999983
DNK,Denmark,2005.0,93.28571428571429,2.91111111111111
CYP,Cyprus,1997.0,93.57142857142857,2.9
SAU,Saudi Arabia,2005.0,96.41111111111114,2.8900000000000023
DNK,Denmark,1994.0,93.23529411764706,2.880000000000001
HKG,"China, Hong Kong SAR",2010.0,99.0333333333333,2.872727272727273
IRN,Iran (Islamic Republic of),2013.0,93.16666666666667,2.8624999999999985
MNE,Montenegro,2007.0,93.07037037037028,2.8399999999999985
PRT,Portugal,2013.0,97.43478260869566,2.833333333333336
HKG,"China, Hong Kong SAR",2013.0,95.94764705882356,2.830000000000003
GHA,Ghana,2009.0,90.33896551724129,2.8142857142857163
SAU,Saudi Arabia,2017.0,97.36170212765957,2.81428571428571
USA,United States of America,2001.0,90.90714285714292,2.8100000000000005
NOR,Norway,2022.0,91.5881538461538,2.809999999999997
BIH,Bosnia and Herzegovina,2008.0,90.7555555555556,2.8090909090909078
BEL,Belgium,2006.0,94.05294117647061,2.8000000000000016
BRN,Brunei Darussalam,2015.0,95.87684210526315,2.7999999999999976
THA,Thailand,2017.0,96.14939393939423,2.754545454545453
MYS,Malaysia,2020.0,91.6050000000003,2.746153846153852
HKG,"China, Hong Kong SAR",1999.0,92.33750000000012,2.7333333333333334
OMN,Oman,2020.0,97.60000000000008,2.730769230769231
HUN,Hungary,2001.0,90.04761904761901,2.7300000000000004
STP,Sao Tome and Principe,2015.0,93.84390243902415,2.727272727272727
NCL,New Caledonia,2022.0,94.58823529411765,2.7111111111111104
BGD,Bangladesh,2013.0,91.4352173913044,2.7000000000000006
LCA,Saint Lucia,1995.0,96.85714285714286,2.7
PSE,"occupied Palestinian territory, including east Jerusalem",1998.0,90.47058823529412,2.699999999999999
NIC,Nicaragua,2008.0,92.31583333333319,2.6999999999999975
BHR,Bahrain,2012.0,95.56022222222198,2.6909090909090865
ITA,Italy,2009.0,92.83684210526317,2.6900000000000026
AND,Andorra,2004.0,93.81818181818178,2.6899999999999986
LKA,Sri Lanka,1996.0,90.11764705882354,2.6750000000000007
PRT,Portugal,2004.0,92.02222222222217,2.6699999999999977
HKG,"China, Hong Kong SAR",2003.0,90.24941176470581,2.659999999999999
CUB,Cuba,2004.0,96.47058823529412,2.640000000000002
PRK,Democratic People's Republic of Korea,1989.0,96.35714285714286,2.6399999999999992
BRA,Brazil,2001.0,93.14031249999994,2.6200000000000054
BLR,Belarus,2009.0,95.40333333333348,2.5999999999999988
LKA,Sri Lanka,2018.0,96.2,2.590909090909091
CYP,Cyprus,1999.0,92.66666666666667,2.58
ROU,Romania,2015.0,90.91904761904762,2.572727272727269
KWT,Kuwait,2018.0,93.78510638297874,2.5714285714285716
TUN,Tunisia,2018.0,92.75878048780484,2.5714285714285716
MEX,Mexico,2011.0,97.63365853658539,2.5700000000000025
CZE,Czechia,1996.0,97.0625,2.560000000000001
PRK,Democratic People's Republic of Korea,2006.0,94.47692307692299,2.5454545454545476
CZE,Czechia,1997.0,97.1875,2.539999999999999
VNM,Viet Nam,2015.0,92.29360000000003,2.533333333333333
PRT,Portugal,2003.0,92.62400000000005,2.520000000000001
LBY,Libya,1998.0,95.13333333333334,2.516666666666666
ARG,Argentina,2003.0,90.92727272727276,2.514285714285711
LVA,Latvia,2008.0,94.6612903225806,2.5090909090909053
MYS,Malaysia,2002.0,92.25652173913045,2.4857142857142835
PRK,Democratic People's Republic of Korea,2008.0,94.97666666666665,2.4818181818181806
JAM,Jamaica,1995.0,92.35714285714286,2.4799999999999995
PRT,Portugal,2009.0,96.03571428571429,2.47777777777778
NLD,Netherlands (Kingdom of the),1982.0,95.18181818181822,2.4599999999999986
BHR,Bahrain,2015.0,95.3349999999998,2.4545454545454546
QAT,Qatar,2016.0,97.45175000000003,2.445454545454549
TZA,United Republic of Tanzania,2014.0,90.5,2.4399999999999986
KWT,Kuwait,2022.0,96.91666666666667,2.4333333333333385
TON,Tonga,2002.0,93.60199999999999,2.4125000000000005
DNK,Denmark,2003.0,94.58823529411765,2.411111111111112
ABW,Aruba,2017.0,96.32,2.375
DEU,Germany,2005.0,90.52272727272727,2.375
ALB,Albania,2011.0,97.74594594594606,2.372727272727273
MYS,Malaysia,2007.0,93.96428571428571,2.371428571428576
TUN,Tunisia,2008.0,97.3014285714286,2.3714285714285728
CUB,Cuba,2007.0,95.5465384615385,2.37
LVA,Latvia,2007.0,94.84838709677418,2.3636363636363638
URY,Uruguay,1993.0,93.4,2.3600000000000003
HND,Honduras,2012.0,91.90395348837234,2.3299999999999983
ISL,Iceland,2007.0,96.26315789473684,2.3272727272727285
MLT,Malta,2017.0,92.62454545454551,2.3272727272727285
MAR,Morocco,2018.0,94.43770491803278,2.325000000000008
LBN,Lebanon,2014.0,90.20357142857156,2.300000000000001
PRT,Portugal,2019.0,92.12058823529415,2.3000000000000003
TUN,Tunisia,2010.0,95.98214285714286,2.2857142857142856
PRT,Portugal,2015.0,90.91199999999986,2.2800000000000007
TUR,Türkiye,2010.0,93.4029411764706,2.279999999999999
CRI,Costa Rica,2017.0,95.14717948717949,2.2799999999999985
KOR,Republic of Korea,2017.0,93.36766666666666,2.2727272727272774
PRT,Portugal,2008.0,96.92399999999992,2.2666666666666684
DEU,Germany,2008.0,92.84347826086955,2.2600000000000007
BGR,Bulgaria,2012.0,95.15405405405394,2.2454545454545425
TUR,Türkiye,2021.0,93.3396666666666,2.228571428571431
BHR,Bahrain,2022.0,91.63444444444482,2.2250000000000023
ALB,Albania,2008.0,97.18666666666685,2.2222222222222223
BHR,Bahrain,2009.0,90.46279069767449,2.2181818181818174
MEX,Mexico,1994.0,90.76923076923077,2.2000000000000015
HND,Honduras,2013.0,90.73113636363645,2.189999999999995
OMN,Oman,2022.0,99.07075757575743,2.1818181818181785
TUN,Tunisia,1999.0,95.72631578947376,2.18
URY,Uruguay,1999.0,94.31000000000003,2.1777777777777754
PRT,Portugal,2007.0,95.14814814814815,2.1700000000000026
GMB,Gambia,2016.0,94.46808510638297,2.15
AND,Andorra,2002.0,94.33333333333333,2.142857142857143
JOR,Jordan,2011.0,91.0,2.1363636363636362
HUN,Hungary,2002.0,99.46818181818186,2.128571428571428
BHS,Bahamas,1992.0,90.92307692307692,2.1
LKA,Sri Lanka,2019.0,97.78,2.0999999999999996
TUR,Türkiye,2018.0,94.18651162790698,2.0999999999999988
TUR,Türkiye,2012.0,94.25,2.075000000000007
LKA,Sri Lanka,2016.0,98.54285714285714,2.072727272727275
GRC,Greece,2005.0,93.85714285714286,2.0444444444444443
GMB,Gambia,2004.0,90.61633333333339,2.0399999999999987
BGD,Bangladesh,2018.0,92.68538461538462,2.0333333333333314
MNG,Mongolia,2021.0,95.23959999999992,2.0250000000000012
GMB,Gambia,2011.0,92.23529411764706,2.018181818181819
JOR,Jordan,2010.0,91.6674193548387,2.0181818181818185
TUN,Tunisia,2014.0,94.12264705882353,2.0124999999999984
CRI,Costa Rica,2016.0,94.01357142857131,2.01
NIC,Nicaragua,2009.0,92.70538461538453,2.0099999999999985
PRT,Portugal,2006.0,95.68,2.0
TON,Tonga,1993.0,94.55555555555556,2.0
TON,Tonga,1996.0,97.16666666666667,2.0
AUS,Australia,2021.0,90.66627450980351,1.9999999999999996
DNK,Denmark,2006.0,92.80952380952381,1.9888888888888885
JOR,Jordan,2016.0,94.09473684210526,1.9555555555555544
BGD,Bangladesh,2020.0,92.10933333333328,1.949999999999998
VNM,Viet Nam,2020.0,91.28633333333342,1.927272727272731
EGY,Egypt,2022.0,96.26408163265332,1.9181818181818195
SYC,Seychelles,2010.0,99.003125,1.9181818181818193
HRV,Croatia,2010.0,97.05999999999997,1.918181818181819
KAZ,Kazakhstan,2011.0,98.0943333333333,1.8999999999999984
MLT,Malta,2018.0,93.01395348837201,1.891666666666664
GRD,Grenada,1998.0,96.63636363636364,1.8800000000000003
CRI,Costa Rica,2004.0,90.07083333333323,1.88
SAU,Saudi Arabia,2012.0,98.02500000000022,1.874999999999997
BEL,Belgium,2010.0,93.66666666666667,1.8699999999999994
VCT,Saint Vincent and the Grenadines,1991.0,99.13333333333334,1.8600000000000012
HUN,Hungary,2003.0,99.4066666666667,1.8599999999999997
ABW,Aruba,2019.0,91.75,1.8599999999999983
SVK,Slovakia,2008.0,98.96037037037031,1.8545454545454536
IRN,Iran (Islamic Republic of),2010.0,93.63333333333334,1.8499999999999983
SAU,Saudi Arabia,2011.0,98.02857142857158,1.8333333333333333
VCT,Saint Vincent and the Grenadines,1987.0,93.84615384615384,1.8199999999999996
OMN,Oman,2021.0,99.17545454545497,1.807692307692313
GRC,Greece,2010.0,93.75,1.8000000000000005
GRD,Grenada,2008.0,92.87380952380963,1.8
NLD,Netherlands (Kingdom of the),1981.0,94.52727272727277,1.8
GRC,Greece,2002.0,91.57142857142857,1.7899999999999994
SRB,Serbia,2013.0,92.87913043478264,1.7888888888888905
MYS,Malaysia,2008.0,94.91533333333331,1.7875000000000025
EGY,Egypt,2009.0,96.16826086956523,1.7874999999999996
GMB,Gambia,2012.0,93.62162162162163,1.781818181818183
MUS,Mauritius,2009.0,94.54821428571417,1.7818181818181829
CYP,Cyprus,2010.0,94.1875,1.7800000000000005
VCT,Saint Vincent and the Grenadines,1990.0,96.64285714285714,1.7800000000000005
VCT,Saint Vincent and the Grenadines,1994.0,99.2,1.7800000000000005
DEU,Germany,2009.0,90.22499999999998,1.7749999999999992
VNM,Viet Nam,2017.0,92.58640000000015,1.766666666666668
SVK,Slovakia,2000.0,96.35217391304337,1.7666666666666664
BGR,Bulgaria,1997.0,92.63999999999997,1.7599999999999996
VCT,Saint Vincent and the Grenadines,1998.0,99.57142857142857,1.7599999999999996
DZA,Algeria,2013.0,95.44444444444444,1.75
CZE,Czechia,1993.0,98.5625,1.7399999999999998
BGR,Bulgaria,2013.0,91.62051282051289,1.7363636363636332
TUN,Tunisia,2002.0,94.41363636363639,1.7333333333333334
SEN,Senegal,2007.0,90.2,1.733333333333332
LUX,Luxembourg,2006.0,96.58,1.7272727272727273
QAT,Qatar,2015.0,96.40311111111139,1.727272727272726
CYP,Cyprus,2012.0,94.18235294117648,1.7199999999999995
RWA,Rwanda,2017.0,91.575,1.712500000000001
PRT,Portugal,2010.0,95.96428571428571,1.7000000000000008
CZE,Czechia,1994.0,97.1875,1.7
VNM,Viet Nam,2012.0,93.5960869565217,1.6888888888888909
ARE,United Arab Emirates,2022.0,90.10298507462663,1.6833333333333318
MUS,Mauritius,2013.0,92.65666666666667,1.6818181818181819
CUB,Cuba,1989.0,96.92857142857143,1.6799999999999995
CUB,Cuba,1990.0,94.86666666666666,1.6799999999999995
HUN,Hungary,2004.0,99.43124999999998,1.6799999999999993
HND,Honduras,2015.0,93.96285714285727,1.67
SWE,Sweden,2023.0,91.25365853658528,1.6636363636363627
TKM,Turkmenistan,2010.0,94.00666666666669,1.6500000000000001
KWT,Kuwait,2023.0,96.67862068965498,1.6499999999999988
MUS,Mauritius,2007.0,91.98333333333333,1.6454545454545464
NCL,New Caledonia,2010.0,95.72727272727273,1.6428571428571428
DMA,Dominica,2002.0,98.74374999999998,1.6222222222222218
TUR,Türkiye,2014.0,93.12820512820512,1.622222222222218
CRI,Costa Rica,2002.0,93.34904761904761,1.62
DMA,Dominica,2009.0,98.58608695652175,1.6111111111111112
LBY,Libya,2016.0,96.32045454545451,1.6000000000000012
VNM,Viet Nam,2016.0,91.23230769230764,1.6000000000000012
HUN,Hungary,1987.0,99.46153846153847,1.600000000000001
GRC,Greece,2001.0,90.85714285714286,1.5999999999999996
DMA,Dominica,2016.0,97.92764705882375,1.599999999999999
MDV,Maldives,2017.0,99.41900000000021,1.5909090909090933
BHR,Bahrain,2016.0,96.65400000000027,1.5909090909090908
PRT,Portugal,2011.0,96.39999999999998,1.5899999999999985
DMA,Dominica,2013.0,90.01937499999985,1.5888888888888897
BHR,Bahrain,2011.0,94.5744186046512,1.5818181818181807
MNE,Montenegro,2009.0,90.85000000000008,1.5799999999999998
DMA,Dominica,2015.0,90.71714285714293,1.577777777777777
AZE,Azerbaijan,2007.0,91.22857142857161,1.5727272727272734
BTN,Bhutan,2023.0,94.02661538461528,1.5666666666666684
IRN,Iran (Islamic Republic of),2009.0,93.5,1.5625000000000002
SAU,Saudi Arabia,2021.0,91.50241935483866,1.56153846153846
HND,Honduras,1993.0,92.93333333333334,1.5599999999999996
JPN,Japan,1998.0,90.0,1.5599999999999996
KOR,Republic of Korea,2002.0,95.0625,1.54
LBR,Liberia,2009.0,90.0,1.5363636363636377
LKA,Sri Lanka,2003.0,90.87736842105267,1.524999999999999
CPV,Cabo Verde,1992.0,95.375,1.5199999999999996
NIC,Nicaragua,2011.0,93.7873333333333,1.5199999999999996
GMB,Gambia,2014.0,90.37191489361682,1.5181818181818192
HUN,Hungary,1985.0,99.08333333333333,1.5
CYP,Cyprus,2014.0,94.55555555555556,1.4900000000000015
EGY,Egypt,2005.0,97.16956521739137,1.4857142857142864
EGY,Egypt,2016.0,93.91473684210536,1.4857142857142862
HKG,"China, Hong Kong SAR",2014.0,95.86333333333329,1.477777777777777
MUS,Mauritius,2012.0,93.479,1.472727272727272
AZE,Azerbaijan,2012.0,94.49799999999983,1.4545454545454524
DMA,Dominica,2010.0,98.18052631578941,1.45
AND,Andorra,2003.0,95.49470588235292,1.4400000000000004
TUN,Tunisia,2013.0,94.80645161290323,1.4374999999999984
ARM,Armenia,2013.0,94.03764705882355,1.4363636363636343
AND,Andorra,2005.0,94.0,1.4333333333333338
PYF,French Polynesia,1998.0,93.75,1.4333333333333333
IRN,Iran (Islamic Republic of),2011.0,93.41379310344827,1.4249999999999998
COL,Colombia,1996.0,90.88235294117646,1.4166666666666674
TKM,Turkmenistan,2006.0,98.67499999999993,1.4142857142857146
TUR,Türkiye,2015.0,94.11756097560976,1.4000000000000012
DEU,Germany,2007.0,93.1818181818181,1.4
LCA,Saint Lucia,1993.0,95.73333333333333,1.4
VNM,Viet Nam,2004.0,90.95416666666662,1.3833333333333324
PRK,Democratic People's Republic of Korea,1994.0,94.75,1.3800000000000008
ALB,Albania,2012.0,98.08815789473705,1.3727272727272737
LBN,Lebanon,2012.0,90.79629629629626,1.3727272727272732
SVK,Slovakia,2003.0,98.7400000000001,1.359999999999998
IRN,Iran (Islamic Republic of),2008.0,92.57142857142857,1.337499999999998
JOR,Jordan,2015.0,91.96875,1.3333333333333333
CYP,Cyprus,1998.0,93.33333333333333,1.32
LCA,Saint Lucia,1997.0,97.42857142857143,1.3199999999999996
DZA,Algeria,2012.0,95.18518518518519,1.3181818181818181
HUN,Hungary,2005.0,99.59047619047617,1.3099999999999985
SRB,Serbia,2010.0,93.98208333333334,1.3000000000000005
HUN,Hungary,1990.0,99.0,1.3
TUN,Tunisia,2009.0,96.73928571428566,1.2999999999999992
MUS,Mauritius,2008.0,95.09285714285723,1.2909090909090895
SAU,Saudi Arabia,2022.0,90.30940298507478,1.281818181818189
BHR,Bahrain,1997.0,91.66666666666667,1.2800000000000002
BHR,Bahrain,2023.0,94.43070422535162,1.2749999999999984
IRN,Iran (Islamic Republic of),2015.0,93.67303030303023,1.2625000000000015
CRI,Costa Rica,2005.0,90.43279999999996,1.2600000000000002
CRI,Costa Rica,2013.0,92.521935483871,1.25
HND,Honduras,1994.0,94.2,1.2400000000000004
BOL,Bolivia (Plurinational State of),2003.0,92.91272727272735,1.24
NIC,Nicaragua,2012.0,97.27357142857143,1.2399999999999998
MLT,Malta,2015.0,93.64967741935497,1.2272727272727273
BLZ,Belize,2016.0,92.53055555555576,1.2222222222222223
MUS,Mauritius,2010.0,94.45133333333347,1.2181818181818194
LKA,Sri Lanka,2002.0,96.79047619047618,1.2124999999999997
LBN,Lebanon,2010.0,90.37629629629627,1.2000000000000004
NOR,Norway,2021.0,93.26806451612875,1.2
ALB,Albania,2009.0,96.33124999999993,1.1999999999999993
LKA,Sri Lanka,2017.0,96.90473684210532,1.1909090909090894
HKG,"China, Hong Kong SAR",2015.0,95.88444444444443,1.190000000000001
HKG,"China, Hong Kong SAR",2017.0,92.8268421052631,1.1799999999999993
LBN,Lebanon,1995.0,90.81818181818181,1.1799999999999993
BLZ,Belize,2002.0,90.14782608695658,1.1699999999999997
CYP,Cyprus,2009.0,94.125,1.1699999999999997
EGY,Egypt,2011.0,96.19583333333328,1.1625000000000016
HUN,Hungary,1986.0,99.0,1.1600000000000004
PRK,Democratic People's Republic of Korea,1995.0,90.1875,1.1600000000000001
UZB,Uzbekistan,2017.0,99.570454545455,1.1545454545454543
ISL,Iceland,2009.0,90.92727272727275,1.1454545454545453
ALB,Albania,2010.0,97.67272727272749,1.1454545454545442
HUN,Hungary,1993.0,99.125,1.1400000000000003
NOR,Norway,1993.0,93.46153846153847,1.1400000000000003
LBY,Libya,1997.0,94.86666666666666,1.1400000000000001
KOR,Republic of Korea,2014.0,97.83758620689659,1.1399999999999988
QAT,Qatar,2017.0,97.26744680851054,1.1363636363636365
ESP,Spain,2014.0,91.38148148148152,1.1333333333333324
THA,Thailand,2016.0,95.85769230769236,1.1090909090909085
BDI,Burundi,2007.0,91.60391304347823,1.1000000000000003
BRN,Brunei Darussalam,2014.0,94.12222222222226,1.0909090909090902
UZB,Uzbekistan,2016.0,94.3860465116283,1.0818181818181833
SYR,Syrian Arab Republic,2010.0,91.14999999999984,1.0818181818181811
RUS,Russian Federation,2021.0,93.20219999999975,1.0727272727272736
NCL,New Caledonia,2011.0,95.72727272727273,1.0714285714285714
KWT,Kuwait,2019.0,93.78571428571429,1.0666666666666669
BRN,Brunei Darussalam,2016.0,96.61750000000002,1.0545454545454558
IRN,Iran (Islamic Republic of),2023.0,95.93207547169773,1.0500000000000005
LUX,Luxembourg,2005.0,92.15294117647058,1.0500000000000003
ISL,Iceland,2001.0,91.45454545454545,1.05
AND,Andorra,2022.0,91.00814814814815,1.0416666666666667
ISL,Iceland,2003.0,95.36842105263158,1.0400000000000003
SVK,Slovakia,2002.0,98.42222222222219,1.0400000000000003
JAM,Jamaica,1994.0,91.73333333333333,1.0399999999999998
AZE,Azerbaijan,2008.0,91.90000000000006,1.036363636363636
URY,Uruguay,1996.0,93.0,1.0333333333333328
MAR,Morocco,2013.0,91.3,1.028571428571426
LKA,Sri Lanka,2020.0,93.61178571428557,1.023076923076925
BDI,Burundi,2012.0,90.76315789473676,1.0166666666666664
URY,Uruguay,1997.0,92.16666666666667,1.014285714285714
MEX,Mexico,1995.0,91.93333333333334,1.0000000000000007
BHR,Bahrain,2018.0,97.08421875000015,1.0
KWT,Kuwait,2016.0,98.03255813953487,1.0
LUX,Luxembourg,1994.0,93.25,1.0
MUS,Mauritius,2005.0,91.83333333333324,1.0
SYC,Seychelles,2007.0,99.60400000000001,0.9909090909090911
BLZ,Belize,2008.0,94.17433333333332,0.9900000000000003
LVA,Latvia,2009.0,93.5758064516129,0.9818181818181824
BHR,Bahrain,2017.0,95.54940000000028,0.9818181818181823
BEL,Belgium,2009.0,93.66190476190475,0.9777777777777772
SAU,Saudi Arabia,2008.0,97.85714285714286,0.9727272727272738
LUX,Luxembourg,1995.0,93.4,0.9599999999999999
BLZ,Belize,2014.0,93.19129032258061,0.9555555555555553
BRN,Brunei Darussalam,2019.0,94.42448979591843,0.9500000000000008
BRN,Brunei Darussalam,2009.0,96.00095238095233,0.9454545454545445
PRT,Portugal,2022.0,95.46526315789481,0.9333333333333333
TZA,United Republic of Tanzania,2010.0,90.48148148148148,0.9285714285714277
SAU,Saudi Arabia,2009.0,97.93103448275872,0.9272727272727268
GRD,Grenada,2002.0,91.73913043478261,0.9199999999999996
BRN,Brunei Darussalam,2023.0,95.10288461538484,0.9166666666666652
SAU,Saudi Arabia,2014.0,97.83636363636384,0.9125000000000006
PRT,Portugal,2014.0,97.29565217391308,0.9111111111111108
BTN,Bhutan,2021.0,90.75338028169028,0.9090909090909091
KAZ,Kazakhstan,2016.0,92.55714285714299,0.9000000000000005
GMB,Gambia,1990.0,90.6842105263158,0.9
GRD,Grenada,2007.0,93.82857142857132,0.9
LBN,Lebanon,1996.0,90.9090909090909,0.9
TUN,Tunisia,2000.0,93.69090909090903,0.8999999999999994
IRN,Iran (Islamic Republic of),2007.0,92.25,0.8857142857142857
MDV,Maldives,1991.0,96.5625,0.8799999999999999
CZE,Czechia,1998.0,97.0,0.8799999999999998
IRN,Iran (Islamic Republic of),2018.0,92.74224489795917,0.8636363636363622
RWA,Rwanda,2007.0,91.85545454545453,0.8600000000000001
MYS,Malaysia,2010.0,92.95117647058815,0.86
RWA,Rwanda,2008.0,92.5,0.8599999999999992
KAZ,Kazakhstan,2013.0,90.28918918918912,0.8545454545454546
ISL,Iceland,2008.0,96.6842105263158,0.8545454545454544
KOR,Republic of Korea,1995.0,97.4,0.8500000000000003
TON,Tonga,2008.0,99.14193548387091,0.845454545454546
NIC,Nicaragua,2018.0,93.16666666666667,0.8454545454545458
CYP,Cyprus,2007.0,93.125,0.8400000000000002
CRI,Costa Rica,2015.0,92.18694444444445,0.84
ISL,Iceland,2020.0,91.96583333333322,0.8384615384615375
MLT,Malta,2014.0,96.54931034482756,0.8363636363636371
BGD,Bangladesh,2014.0,91.33954545454542,0.8285714285714284
MYS,Malaysia,2009.0,95.58178571428581,0.8250000000000001
TUR,Türkiye,2016.0,94.34428571428572,0.8222222222222219
CUB,Cuba,1991.0,93.23529411764706,0.8200000000000002
URY,Uruguay,1994.0,93.26666666666667,0.8200000000000002
ALB,Albania,2013.0,98.75263157894716,0.8181818181818182
EGY,Egypt,2010.0,96.40869565217396,0.8142857142857146
MWI,Malawi,2009.0,90.26086956521739,0.8142857142857146
TUR,Türkiye,2017.0,92.90697674418605,0.8111111111111118
BRB,Barbados,2009.0,91.50444444444445,0.8111111111111114
JOR,Jordan,2023.0,93.80945454545468,0.8100000000000007
ALB,Albania,2017.0,98.43697674418601,0.8090909090909102
SYR,Syrian Arab Republic,2009.0,90.5117647058824,0.7999999999999994
DZA,Algeria,2010.0,95.25925925925925,0.7909090909090916
URY,Uruguay,2001.0,94.60999999999996,0.7900000000000003
IRN,Iran (Islamic Republic of),2006.0,95.0,0.7833333333333337
SLE,Sierra Leone,2013.0,92.5925925925926,0.7800000000000002
TZA,United Republic of Tanzania,2013.0,90.17142857142858,0.7750000000000009
CYP,Cyprus,2020.0,90.12727272727295,0.7750000000000008
BLR,Belarus,2022.0,92.77187499999994,0.7727272727272727
RWA,Rwanda,2023.0,90.03384615384606,0.772727272727272
MUS,Mauritius,2014.0,91.76666666666667,0.7636363636363637
BRB,Barbados,1992.0,90.33333333333333,0.7599999999999999
BRB,Barbados,1995.0,93.0,0.7599999999999999
BRB,Barbados,1996.0,90.58333333333333,0.7599999999999999
CYP,Cyprus,2006.0,93.07142857142857,0.7599999999999998
CYP,Cyprus,2013.0,94.13529411764706,0.7599999999999998
BRB,Barbados,2000.0,91.66,0.7599999999999997
GMB,Gambia,2010.0,93.7741935483871,0.754545454545455
SVK,Slovakia,2004.0,98.84642857142843,0.75
KIR,Kiribati,2018.0,92.62595238095257,0.7454545454545449
MUS,Mauritius,2006.0,92.7,0.7363636363636374
LBY,Libya,2017.0,96.64999999999995,0.7333333333333337
QAT,Qatar,2019.0,98.57307692307693,0.7333333333333326
BHR,Bahrain,2020.0,94.75796874999986,0.7307692307692307
MLT,Malta,2021.0,90.98016393442583,0.7307692307692291
SAU,Saudi Arabia,2015.0,97.56444444444432,0.7272727272727285
GUY,Guyana,2017.0,94.2156862745098,0.7222222222222222
TUN,Tunisia,2007.0,95.98076923076917,0.7222222222222222
BHS,Bahamas,1991.0,91.46153846153847,0.7200000000000002
HKG,"China, Hong Kong SAR",2016.0,92.92052631578952,0.7000000000000006
TUN,Tunisia,2022.0,91.83660377358474,0.7000000000000006
HUN,Hungary,1997.0,99.66666666666667,0.7
HUN,Hungary,2006.0,99.59999999999994,0.6999999999999995
LKA,Sri Lanka,2004.0,92.90740740740745,0.6999999999999995
DZA,Algeria,2011.0,94.74074074074075,0.6909090909090906
KAZ,Kazakhstan,2010.0,98.0117241379311,0.6909090909090898
CRI,Costa Rica,2014.0,90.21449999999996,0.6899999999999991
SVK,Slovakia,2006.0,98.62148148148152,0.6818181818181822
HUN,Hungary,1998.0,99.625,0.6800000000000004
PRK,Democratic People's Republic of Korea,1990.0,97.875,0.6750000000000002
URY,Uruguay,2000.0,91.60363636363631,0.6699999999999995
TKM,Turkmenistan,2011.0,95.03925925925937,0.655555555555556
LUX,Luxembourg,2004.0,97.5153846153846,0.65
GRC,Greece,2007.0,93.61764705882354,0.6444444444444444
LCA,Saint Lucia,2011.0,93.48782608695657,0.6444444444444442
IRN,Iran (Islamic Republic of),2022.0,97.24660377358504,0.6444444444444426
LBN,Lebanon,2011.0,91.0000000000001,0.640000000000001
MDV,Maldives,2015.0,98.91540540540555,0.6363636363636364
MLT,Malta,2022.0,90.06894736842104,0.6333333333333322
CYP,Cyprus,2008.0,92.5625,0.6300000000000006
HUN,Hungary,1991.0,99.29333333333331,0.6200000000000002
HUN,Hungary,2007.0,95.06818181818181,0.6181818181818183
LVA,Latvia,2010.0,90.0022580645161,0.6090909090909097
PRT,Portugal,2021.0,91.47073170731714,0.6000000000000009
GUM,Guam,2009.0,100.0,0.6
NIC,Nicaragua,2013.0,93.62071428571433,0.6
SLV,El Salvador,1995.0,94.66666666666667,0.6
ARM,Armenia,2012.0,96.09642857142875,0.5999999999999998
LKA,Sri Lanka,2021.0,92.0830645161295,0.5909090909090885
ARM,Armenia,2016.0,90.5504255319148,0.5818181818181822
CZE,Czechia,1995.0,96.3125,0.5800000000000004
HUN,Hungary,1994.0,99.125,0.5800000000000004
LKA,Sri Lanka,2022.0,93.10449999999994,0.5749999999999988
BHR,Bahrain,2021.0,94.074411764706,0.569230769230768
IRN,Iran (Islamic Republic of),2019.0,96.4532000000002,0.5666666666666667
HUN,Hungary,1996.0,99.61250000000001,0.5600000000000003
MEX,Mexico,1996.0,94.33333333333333,0.56
HUN,Hungary,1992.0,99.58666666666662,0.5599999999999999
NCL,New Caledonia,2009.0,95.72727272727273,0.557142857142857
TUN,Tunisia,2015.0,95.3513513513514,0.550000000000001
TKM,Turkmenistan,2014.0,98.40666666666638,0.5500000000000003
BRN,Brunei Darussalam,2022.0,93.77075471698097,0.5499999999999993
ESP,Spain,2015.0,92.78142857142869,0.5399999999999999
KOR,Republic of Korea,2015.0,97.68135135135122,0.5399999999999999
DZA,Algeria,2017.0,93.8913043478261,0.5399999999999988
TKM,Turkmenistan,2003.0,90.54347826086966,0.5375000000000005
BGD,Bangladesh,2022.0,93.97357142857138,0.5374999999999999
GRC,Greece,2004.0,93.28571428571429,0.5333333333333334
MEX,Mexico,2009.0,91.99974358974353,0.5300000000000004
SVK,Slovakia,2005.0,98.57857142857155,0.5300000000000002
TKM,Turkmenistan,2017.0,98.51176470588246,0.5285714285714288
URY,Uruguay,1998.0,91.6875,0.5285714285714282
KWT,Kuwait,2021.0,94.87234042553192,0.5230769230769221
KGZ,Kyrgyzstan,2003.0,98.69130434782619,0.5125000000000006
GRC,Greece,2009.0,93.61176470588235,0.5100000000000006
EGY,Egypt,2012.0,92.95652173913044,0.5
NCL,New Caledonia,2007.0,95.0450000000002,0.5
SVK,Slovakia,1995.0,97.4375,0.49999999999999983
MUS,Mauritius,2011.0,93.56766666666681,0.49999999999999956
SAU,Saudi Arabia,2016.0,97.55555555555556,0.49999999999999845
SVK,Slovakia,2007.0,98.85111111111111,0.49090909090909174
ARM,Armenia,2011.0,96.3,0.49090909090909074
TUN,Tunisia,2005.0,95.61111111111124,0.4857142857142857
GHA,Ghana,2014.0,91.65000000000005,0.48181818181818253
HUN,Hungary,2017.0,95.42692307692306,0.48181818181818165
JAM,Jamaica,1993.0,91.0,0.4799999999999999
SLV,El Salvador,1996.0,94.66666666666667,0.4799999999999999
HUN,Hungary,1989.0,99.07692307692308,0.47500000000000026
EGY,Egypt,2020.0,93.9684444444443,0.47500000000000014
SVK,Slovakia,2001.0,96.26153846153855,0.4700000000000002
UZB,Uzbekistan,2022.0,97.82115942028973,0.46999999999999936
TUN,Tunisia,2021.0,91.50277777777778,0.4699999999999992
HUN,Hungary,2008.0,99.60909090909098,0.46363636363636385
PRK,Democratic People's Republic of Korea,1992.0,96.375,0.46000000000000024
PRK,Democratic People's Republic of Korea,1991.0,97.25,0.45999999999999996
SRB,Serbia,2019.0,93.19318181818178,0.4571428571428572
GRC,Greece,2011.0,93.61176470588236,0.4545454545454543
SWE,Sweden,2022.0,91.13437499999974,0.44545454545454444
KAZ,Kazakhstan,2017.0,97.08928571428585,0.4363636363636362
KOR,Republic of Korea,2016.0,96.43609756097568,0.4333333333333337
GBR,United Kingdom of Great Britain and Northern Ireland,1998.0,90.28571428571429,0.4333333333333334
JOR,Jordan,2014.0,92.38709677419355,0.428571428571428
TUR,Türkiye,2020.0,94.14245614035083,0.4285714285714279
TZA,United Republic of Tanzania,2015.0,93.12666666666661,0.42500000000000027
HUN,Hungary,1995.0,99.5,0.4199999999999998
KAZ,Kazakhstan,2022.0,91.97492753623207,0.41999999999999954
DZA,Algeria,2009.0,94.83333333333333,0.41111111111111126
HUN,Hungary,2009.0,98.33529411764695,0.40909090909090895
MLT,Malta,2016.0,92.93333333333318,0.4000000000000002
GUY,Guyana,2007.0,94.61580645161291,0.4
HUN,Hungary,2020.0,91.63151515151515,0.39230769230769247
IRN,Iran (Islamic Republic of),2014.0,93.71066666666668,0.38750000000000057
BRN,Brunei Darussalam,2018.0,94.35510204081636,0.38333333333333397
TUN,Tunisia,2004.0,96.85416666666667,0.38000000000000045
LKA,Sri Lanka,2006.0,94.83333333333339,0.37777777777777743
MDV,Maldives,2019.0,98.10075000000012,0.37272727272727246
TUN,Tunisia,2003.0,93.97199999999997,0.37142857142857194
BGD,Bangladesh,2021.0,92.07966666666668,0.3555555555555558
HUN,Hungary,2023.0,90.21412698412686,0.3545454545454534
TUN,Tunisia,2017.0,93.27948717948723,0.35000000000000064
MDV,Maldives,2018.0,99.30128205128199,0.3499999999999995
CUB,Cuba,1992.0,97.6,0.34000000000000014
IRN,Iran (Islamic Republic of),2004.0,91.96153846153847,0.3400000000000001
ISL,Iceland,2004.0,95.85714285714286,0.33999999999999997
KOR,Republic of Korea,1996.0,91.42857142857143,0.3399999999999999
IRN,Iran (Islamic Republic of),2016.0,91.65714285714277,0.33750000000000024
PYF,French Polynesia,2022.0,97.27999999999997,0.3272727272727273
HUN,Hungary,2019.0,91.45333333333345,0.3250000000000003
GRC,Greece,2008.0,93.61764705882354,0.3200000000000002
CYP,Cyprus,2015.0,94.1809523809524,0.32000000000000006
TUN,Tunisia,2016.0,94.1025641025641,0.30999999999999917
DZA,Algeria,2015.0,93.18645161290318,0.3090909090909089
BLR,Belarus,2021.0,92.62234375000003,0.3076923076923077
PRK,Democratic People's Republic of Korea,2011.0,96.38931034482741,0.30000000000000004
URY,Uruguay,2002.0,95.9090909090909,0.3
TKM,Turkmenistan,2015.0,99.1464285714286,0.2874999999999998
ALB,Albania,2020.0,92.16106060606056,0.28461538461538527
ZMB,Zambia,2017.0,92.34477272727268,0.28181818181818213
HUN,Hungary,2013.0,98.2457142857142,0.2818181818181819
ISL,Iceland,2014.0,91.90625,0.2818181818181817
CUB,Cuba,1993.0,96.4375,0.27999999999999986
TKM,Turkmenistan,2013.0,98.41999999999986,0.27500000000000013
RWA,Rwanda,2014.0,91.27656249999995,0.2749999999999998
HUN,Hungary,2022.0,91.66423728813554,0.2727272727272721
HUN,Hungary,2021.0,91.91901960784314,0.2615384615384609
CYP,Cyprus,1987.0,92.63636363636364,0.26000000000000006
BHS,Bahamas,2007.0,94.60454545454535,0.2545454545454544
BEL,Belgium,1980.0,97.33333333333333,0.25
BEL,Belgium,1986.0,94.54545454545455,0.25
TZA,United Republic of Tanzania,2016.0,91.47368421052632,0.25
UZB,Uzbekistan,2021.0,97.17040540540482,0.24999999999999928
CYP,Cyprus,2016.0,92.43636363636362,0.24000000000000002
HND,Honduras,1995.0,92.86666666666666,0.23999999999999996
EGY,Egypt,2004.0,94.13333333333324,0.23999999999999988
HUN,Hungary,2011.0,97.565,0.2363636363636361
JAM,Jamaica,2012.0,90.17499999999978,0.23333333333333334
MAR,Morocco,2015.0,90.0204081632653,0.23333333333333325
TUN,Tunisia,2006.0,97.44999999999999,0.23333333333333325
HUN,Hungary,2012.0,98.00450000000002,0.23
HUN,Hungary,2010.0,98.88333333333335,0.22727272727272727
HUN,Hungary,2014.0,97.36181818181824,0.21818181818181834
IRN,Iran (Islamic Republic of),2021.0,94.65999999999984,0.2181818181818179
LKA,Sri Lanka,2005.0,94.78275862068959,0.2111111111111111
BRN,Brunei Darussalam,2017.0,96.45263157894739,0.20909090909090894
TKM,Turkmenistan,2018.0,98.80363636363606,0.20833333333333334
NIC,Nicaragua,2019.0,92.52631578947368,0.19090909090909086
CPV,Cabo Verde,2014.0,92.32666666666663,0.18181818181818182
CPV,Cabo Verde,2015.0,91.65727272727295,0.18181818181818182
MWI,Malawi,2019.0,90.14612244897958,0.1749999999999999
JOR,Jordan,2018.0,91.63829787234043,0.17499999999999988
CPV,Cabo Verde,2019.0,95.01627906976744,0.17272727272727276
CYP,Cyprus,2011.0,94.4,0.16999999999999996
BRN,Brunei Darussalam,2020.0,91.12236363636407,0.16923076923076938
CUB,Cuba,1994.0,98.375,0.15999999999999992
CPV,Cabo Verde,2018.0,92.52472222222205,0.15833333333333327
QAT,Qatar,2021.0,90.99640624999985,0.14615384615384633
BWA,Botswana,2008.0,92.44444444444444,0.14285714285714285
ESP,Spain,2004.0,96.22380952380956,0.14285714285714285
SLV,El Salvador,1997.0,95.375,0.14285714285714285
NIC,Nicaragua,2020.0,90.04499999999989,0.14166666666666664
PRK,Democratic People's Republic of Korea,2009.0,95.54137931034464,0.13999999999999993
HUN,Hungary,2015.0,96.64874999999991,0.1363636363636365
CUB,Cuba,2008.0,94.69812500000006,0.13000000000000003
CUB,Cuba,1995.0,98.3125,0.11999999999999997
DZA,Algeria,2016.0,94.3076923076923,0.11818181818181811
AZE,Azerbaijan,2016.0,96.76190476190513,0.1181818181818181
TJK,Tajikistan,2014.0,97.31620689655175,0.11666666666666661
SLV,El Salvador,2015.0,90.03380952380927,0.1111111111111111
CUB,Cuba,2013.0,91.34199999999996,0.10000000000000003
HUN,Hungary,2016.0,97.11249999999994,0.10000000000000003
BEL,Belgium,1985.0,90.8,0.1
SGP,Singapore,1993.0,91.82352941176471,0.09999999999999998
NLD,Netherlands (Kingdom of the),2003.0,97.29411764705891,0.08333333333333333
CUB,Cuba,1996.0,97.125,0.08000000000000002
UZB,Uzbekistan,2018.0,90.55602941176512,0.07777777777777785
JOR,Jordan,2017.0,94.35,0.07777777777777772
TKM,Turkmenistan,2020.0,94.41944444444431,0.07692307692307693
MAR,Morocco,2014.0,90.19047619047619,0.07500000000000005
MDV,Maldives,1992.0,97.23529411764706,0.07499999999999998
CUB,Cuba,2009.0,95.95607142857126,0.07000000000000003
MNG,Mongolia,2018.0,94.16500000000008,0.06666666666666678
BEL,Belgium,1984.0,92.75,0.06666666666666667
BEL,Belgium,1990.0,90.8,0.06666666666666667
PRK,Democratic People's Republic of Korea,2012.0,94.9175000000002,0.06363636363636366
UZB,Uzbekistan,2015.0,98.86666666666692,0.0636363636363636
AZE,Azerbaijan,2017.0,96.59999999999995,0.06363636363636359
URY,Uruguay,2003.0,93.89333333333339,0.060000000000000026
NIC,Nicaragua,2022.0,91.57032258064531,0.0583333333333333
CUB,Cuba,1998.0,98.58823529411765,0.05000000000000001
ZWE,Zimbabwe,2015.0,90.47628571428572,0.05
DZA,Algeria,2007.0,94.44,0.04999999999999998
CUB,Cuba,2022.0,98.64451612903237,0.041666666666666664
CUB,Cuba,2023.0,98.6526562500003,0.041666666666666664
ALB,Albania,2021.0,93.24925000000026,0.03636363636363638
TKM,Turkmenistan,2022.0,97.90684931506854,0.03636363636363631
TKM,Turkmenistan,2016.0,98.17500000000021,0.03333333333333334
URY,Uruguay,2004.0,95.7461538461539,0.03333333333333332
URY,Uruguay,2014.0,96.22142857142863,0.03000000000000001
CUB,Cuba,2012.0,95.31555555555569,0.029999999999999992
TKM,Turkmenistan,2012.0,98.29999999999991,0.028571428571428584
NIC,Nicaragua,2023.0,90.50333333333323,0.025000000000000015
CUB,Cuba,1999.0,96.61904761904762,0.022222222222222227
CUB,Cuba,2001.0,98.62499999999999,0.020000000000000004
CUB,Cuba,2010.0,96.31533333333346,0.019999999999999983
CUB,Cuba,2020.0,96.28080645161343,0.01666666666666665
DZA,Algeria,2014.0,95.82464285714285,0.014285714285714292
CUB,Cuba,1997.0,97.82352941176471,0.012500000000000002
CUB,Cuba,2000.0,95.20416666666678,0.010000000000000004
CUB,Cuba,2011.0,93.35368421052635,0.010000000000000004
CUB,Cuba,2014.0,95.39050000000006,0.010000000000000002
CUB,Cuba,2015.0,97.49882352941177,0.010000000000000002
PRK,Democratic People's Republic of Korea,2014.0,95.590625,0.009090909090909096
CUB,Cuba,2018.0,97.80161290322587,0.009090909090909082
AIA,Anguilla,1983.0,90.5,0.0
AIA,Anguilla,1985.0,94.75,0.0
AIA,Anguilla,1987.0,93.125,0.0
AIA,Anguilla,1992.0,99.0,0.0
AIA,Anguilla,1993.0,99.0,0.0
AIA,Anguilla,1994.0,96.0,0.0
AIA,Anguilla,1995.0,96.75,0.0
AIA,Anguilla,1996.0,98.25,0.0
AIA,Anguilla,1997.0,92.8,0.0
AIA,Anguilla,1999.0,95.875,0.0
AIA,Anguilla,2000.0,91.92499999999995,0.0
AIA,Anguilla,2001.0,92.19500000000001,0.0
AIA,Anguilla,2003.0,99.04,0.0
AIA,Anguilla,2005.0,91.5,0.0
ALB,Albania,2015.0,98.43658536585366,0.0
AND,Andorra,2008.0,97.21190476190476,0.0
AND,Andorra,2009.0,95.6458823529411,0.0
AND,Andorra,2010.0,96.45470588235295,0.0
AND,Andorra,2021.0,90.8470000000001,0.0
ARE,United Arab Emirates,2006.0,93.91666666666667,0.0
ARE,United Arab Emirates,2007.0,93.91666666666667,0.0
ARE,United Arab Emirates,2009.0,94.3,0.0
ARE,United Arab Emirates,2011.0,95.27272727272727,0.0
ARE,United Arab Emirates,2013.0,97.07692307692308,0.0
ATG,Antigua and Barbuda,1986.0,91.4,0.0
ATG,Antigua and Barbuda,1987.0,94.2,0.0
ATG,Antigua and Barbuda,1988.0,97.18181818181819,0.0
ATG,Antigua and Barbuda,1989.0,97.72727272727273,0.0
ATG,Antigua and Barbuda,1990.0,95.92307692307692,0.0
ATG,Antigua and Barbuda,1991.0,92.66666666666667,0.0
ATG,Antigua and Barbuda,1992.0,99.0,0.0
ATG,Antigua and Barbuda,1993.0,99.0,0.0
ATG,Antigua and Barbuda,1994.0,96.33333333333333,0.0
ATG,Antigua and Barbuda,1995.0,97.0,0.0
ATG,Antigua and Barbuda,1996.0,99.0,0.0
ATG,Antigua and Barbuda,1997.0,97.0,0.0
ATG,Antigua and Barbuda,1999.0,99.0,0.0
ATG,Antigua and Barbuda,2000.0,95.5,0.0
ATG,Antigua and Barbuda,2001.0,96.53684210526326,0.0
ATG,Antigua and Barbuda,2003.0,99.06666666666666,0.0
ATG,Antigua and Barbuda,2004.0,96.47368421052632,0.0
ATG,Antigua and Barbuda,2005.0,92.22217391304343,0.0
ATG,Antigua and Barbuda,2006.0,94.71428571428571,0.0
ATG,Antigua and Barbuda,2007.0,95.43199999999997,0.0
ATG,Antigua and Barbuda,2009.0,97.05521739130442,0.0
ATG,Antigua and Barbuda,2010.0,97.37636363636366,0.0
ATG,Antigua and Barbuda,2011.0,95.43363636363642,0.0
ATG,Antigua and Barbuda,2012.0,96.8,0.0
ATG,Antigua and Barbuda,2013.0,97.0673684210526,0.0
ATG,Antigua and Barbuda,2017.0,96.03703703703704,0.0
ATG,Antigua and Barbuda,2020.0,92.43800000000005,0.0
AUS,Australia,2006.0,93.44444444444444,0.0
BHS,Bahamas,2000.0,93.04666666666668,0.0
BHS,Bahamas,2002.0,93.06666666666666,0.0
BHS,Bahamas,2003.0,91.57142857142857,0.0
BHS,Bahamas,2005.0,90.37518518518525,0.0
BHS,Bahamas,2006.0,93.64269230769234,0.0
BHS,Bahamas,2008.0,92.4956521739131,0.0
BIH,Bosnia and Herzegovina,2013.0,90.88888888888889,0.0
BLZ,Belize,2003.0,93.0654166666667,0.0
BLZ,Belize,2007.0,94.73413793103445,0.0
BLZ,Belize,2009.0,94.00787878787871,0.0
BLZ,Belize,2011.0,94.4981818181818,0.0
BMU,Bermuda,1996.0,90.33333333333333,0.0
BRB,Barbados,1994.0,93.25,0.0
BRB,Barbados,1997.0,94.72727272727273,0.0
BRB,Barbados,1998.0,94.72727272727273,0.0
BRB,Barbados,2004.0,94.94736842105263,0.0
BRB,Barbados,2005.0,93.25333333333334,0.0
BRB,Barbados,2011.0,91.48391304347832,0.0
BRB,Barbados,2015.0,90.33828571428583,0.0
BRN,Brunei Darussalam,2002.0,96.11764705882354,0.0
BRN,Brunei Darussalam,2006.0,95.07142857142857,0.0
BRN,Brunei Darussalam,2007.0,95.11764705882354,0.0
BRN,Brunei Darussalam,2013.0,96.30125000000001,0.0
BRN,Brunei Darussalam,2021.0,94.66792452830165,0.0
CHE,Switzerland,2000.0,90.36363636363636,0.0
CHE,Switzerland,2002.0,90.36363636363636,0.0
COK,Cook Islands,1999.0,90.05555555555556,0.0
COK,Cook Islands,2002.0,90.625,0.0
COK,Cook Islands,2004.0,96.23076923076923,0.0
COK,Cook Islands,2005.0,98.88888888888889,0.0
COK,Cook Islands,2008.0,95.97407407407405,0.0
COK,Cook Islands,2010.0,98.94516129032259,0.0
COK,Cook Islands,2011.0,92.6875,0.0
COK,Cook Islands,2012.0,96.40099999999995,0.0
COK,Cook Islands,2018.0,94.0,0.0
COK,Cook Islands,2019.0,96.58974358974359,0.0
CPV,Cabo Verde,2016.0,94.52965517241378,0.0
CPV,Cabo Verde,2017.0,90.3697222222222,0.0
CPV,Cabo Verde,2020.0,92.38846153846157,0.0
CPV,Cabo Verde,2022.0,92.08137931034469,0.0
CPV,Cabo Verde,2023.0,91.04586206896553,0.0
CUB,Cuba,2002.0,97.3190476190476,0.0
CUB,Cuba,2016.0,99.26058823529418,0.0
CUB,Cuba,2019.0,97.74737704918044,0.0
CUB,Cuba,2021.0,96.9738333333334,0.0
CYM,Cayman Islands,1990.0,90.5,0.0
CYM,Cayman Islands,1992.0,93.25,0.0
CYM,Cayman Islands,1993.0,96.25,0.0
CYM,Cayman Islands,1994.0,94.75,0.0
CYM,Cayman Islands,1995.0,91.75,0.0
CYM,Cayman Islands,1996.0,90.75,0.0
CYM,Cayman Islands,1998.0,92.77777777777777,0.0
CYM,Cayman Islands,2001.0,90.37222222222228,0.0
DMA,Dominica,1992.0,99.0,0.0
DMA,Dominica,1994.0,97.6875,0.0
DMA,Dominica,1995.0,99.45454545454545,0.0
DMA,Dominica,1996.0,99.28571428571429,0.0
DMA,Dominica,1997.0,97.71428571428571,0.0
DMA,Dominica,1998.0,98.71428571428571,0.0
DMA,Dominica,1999.0,99.0,0.0
DMA,Dominica,2000.0,90.16999999999999,0.0
DMA,Dominica,2001.0,92.47058823529422,0.0
DMA,Dominica,2003.0,98.83437500000001,0.0
DMA,Dominica,2005.0,98.16666666666667,0.0
DMA,Dominica,2007.0,93.88,0.0
DMA,Dominica,2008.0,96.76190476190476,0.0
DMA,Dominica,2011.0,97.97095238095234,0.0
DMA,Dominica,2012.0,97.21111111111117,0.0
DMA,Dominica,2014.0,90.2876666666667,0.0
EGY,Egypt,2021.0,95.86399999999968,0.0
ESP,Spain,2001.0,93.6470588235294,0.0
FIN,Finland,2000.0,97.27272727272727,0.0
FIN,Finland,2012.0,97.38461538461539,0.0
FJI,Fiji,1991.0,93.35714285714286,0.0
FJI,Fiji,2000.0,90.66666666666667,0.0
FJI,Fiji,2008.0,90.83896551724138,0.0
FJI,Fiji,2010.0,91.80950000000009,0.0
GMB,Gambia,2008.0,92.5271428571428,0.0
GMB,Gambia,2009.0,93.78555555555562,0.0
GRC,Greece,2003.0,92.71428571428571,0.0
GRC,Greece,2006.0,95.57142857142857,0.0
GRD,Grenada,1997.0,94.25,0.0
GRD,Grenada,2001.0,96.10526315789474,0.0
GRD,Grenada,2003.0,95.89333333333327,0.0
GRD,Grenada,2006.0,91.60909090909098,0.0
GRD,Grenada,2009.0,95.00736842105258,0.0
GRD,Grenada,2011.0,93.2105,0.0
GUM,Guam,2008.0,98.70000000000003,0.0
GUM,Guam,2023.0,93.38500000000005,0.0
GUY,Guyana,1993.0,90.53333333333333,0.0
GUY,Guyana,2003.0,90.03499999999995,0.0
GUY,Guyana,2005.0,91.12903225806451,0.0
GUY,Guyana,2006.0,90.93966666666662,0.0
GUY,Guyana,2008.0,93.21812499999987,0.0
GUY,Guyana,2009.0,95.93749999999989,0.0
GUY,Guyana,2012.0,92.1085416666665,0.0
GUY,Guyana,2013.0,94.19812499999999,0.0
GUY,Guyana,2014.0,93.2611627906977,0.0
GUY,Guyana,2016.0,92.78804347826102,0.0
HRV,Croatia,2014.0,95.54615384615384,0.0
ISL,Iceland,2002.0,93.83333333333333,0.0
JPN,Japan,2005.0,97.27272727272727,0.0
JPN,Japan,2007.0,95.80799999999996,0.0
KNA,Saint Kitts and Nevis,1991.0,98.0,0.0
KNA,Saint Kitts and Nevis,1992.0,98.15384615384616,0.0
KNA,Saint Kitts and Nevis,1993.0,98.38461538461539,0.0
KNA,Saint Kitts and Nevis,1994.0,98.61538461538461,0.0
KNA,Saint Kitts and Nevis,1997.0,98.6,0.0
KNA,Saint Kitts and Nevis,1998.0,98.94117647058823,0.0
KNA,Saint Kitts and Nevis,1999.0,99.5,0.0
KNA,Saint Kitts and Nevis,2001.0,96.67826086956525,0.0
KNA,Saint Kitts and Nevis,2002.0,97.35294117647061,0.0
KNA,Saint Kitts and Nevis,2003.0,98.4554545454545,0.0
KNA,Saint Kitts and Nevis,2004.0,94.96,0.0
KNA,Saint Kitts and Nevis,2005.0,99.3529411764706,0.0
KNA,Saint Kitts and Nevis,2006.0,99.18181818181819,0.0
KNA,Saint Kitts and Nevis,2007.0,98.95454545454545,0.0
KNA,Saint Kitts and Nevis,2008.0,97.23111111111103,0.0
KNA,Saint Kitts and Nevis,2009.0,97.33333333333333,0.0
KNA,Saint Kitts and Nevis,2010.0,94.4990476190477,0.0
KNA,Saint Kitts and Nevis,2011.0,98.4138095238095,0.0
KNA,Saint Kitts and Nevis,2012.0,95.28315789473677,0.0
KNA,Saint Kitts and Nevis,2013.0,95.81666666666673,0.0
KNA,Saint Kitts and Nevis,2014.0,96.2013793103448,0.0
KNA,Saint Kitts and Nevis,2015.0,91.49733333333347,0.0
KNA,Saint Kitts and Nevis,2016.0,93.92705882352944,0.0
KNA,Saint Kitts and Nevis,2017.0,94.93939393939394,0.0
KNA,Saint Kitts and Nevis,2018.0,90.09615384615384,0.0
KNA,Saint Kitts and Nevis,2019.0,92.70175438596492,0.0
KNA,Saint Kitts and Nevis,2020.0,97.72784313725529,0.0
KNA,Saint Kitts and Nevis,2021.0,92.06666666666622,0.0
KNA,Saint Kitts and Nevis,2022.0,91.02877192982477,0.0
KNA,Saint Kitts and Nevis,2023.0,92.03937500000012,0.0
KWT,Kuwait,2001.0,96.22222222222223,0.0
KWT,Kuwait,2002.0,96.0,0.0
KWT,Kuwait,2003.0,97.23076923076923,0.0
KWT,Kuwait,2006.0,96.1842105263158,0.0
KWT,Kuwait,2007.0,96.27000000000001,0.0
KWT,Kuwait,2008.0,97.05714285714286,0.0
KWT,Kuwait,2009.0,97.78571428571429,0.0
KWT,Kuwait,2020.0,94.0,0.0
LBY,Libya,1996.0,95.4,0.0
LBY,Libya,2000.0,94.42857142857143,0.0
LBY,Libya,2003.0,95.75,0.0
LBY,Libya,2010.0,98.0,0.0
LBY,Libya,2011.0,98.11111111111111,0.0
LBY,Libya,2013.0,96.44444444444444,0.0
LBY,Libya,2020.0,91.27811320754716,0.0
LCA,Saint Lucia,1992.0,91.0,0.0
LCA,Saint Lucia,1994.0,95.0,0.0
LCA,Saint Lucia,1996.0,90.78571428571429,0.0
LCA,Saint Lucia,1999.0,94.0,0.0
LCA,Saint Lucia,2004.0,91.83333333333333,0.0
LCA,Saint Lucia,2005.0,93.22619047619055,0.0
LCA,Saint Lucia,2007.0,95.4090909090909,0.0
LCA,Saint Lucia,2009.0,91.84086956521728,0.0
LCA,Saint Lucia,2012.0,95.53473684210526,0.0
LCA,Saint Lucia,2014.0,90.04714285714276,0.0
LUX,Luxembourg,2000.0,93.28571428571429,0.0
LUX,Luxembourg,2001.0,95.28571428571429,0.0
LUX,Luxembourg,2002.0,97.36363636363636,0.0
LUX,Luxembourg,2007.0,95.40666666666675,0.0
MAR,Morocco,2016.0,95.38686274509804,0.0
MAR,Morocco,2017.0,91.01960784313725,0.0
MAR,Morocco,2019.0,94.1774193548387,0.0
MAR,Morocco,2020.0,94.07142857142857,0.0
MAR,Morocco,2021.0,94.07142857142857,0.0
MCO,Monaco,1988.0,99.57142857142857,0.0
MCO,Monaco,1989.0,99.57142857142857,0.0
MCO,Monaco,1990.0,99.57142857142857,0.0
MCO,Monaco,1991.0,98.07142857142857,0.0
MCO,Monaco,1993.0,98.16666666666667,0.0
MCO,Monaco,1994.0,97.07142857142857,0.0
MCO,Monaco,1995.0,97.07142857142857,0.0
MCO,Monaco,1996.0,98.0,0.0
MCO,Monaco,1997.0,98.33333333333333,0.0
MCO,Monaco,1998.0,99.0,0.0
MCO,Monaco,2000.0,98.5,0.0
MCO,Monaco,2001.0,98.125,0.0
MCO,Monaco,2002.0,97.06666666666666,0.0
MCO,Monaco,2004.0,97.0,0.0
MCO,Monaco,2005.0,97.0,0.0
MCO,Monaco,2006.0,96.5,0.0
MCO,Monaco,2007.0,96.75,0.0
MCO,Monaco,2008.0,96.5,0.0
MCO,Monaco,2009.0,96.0,0.0
MCO,Monaco,2010.0,96.25,0.0
MCO,Monaco,2011.0,95.75,0.0
MCO,Monaco,2013.0,96.71428571428571,0.0
MCO,Monaco,2014.0,94.25,0.0
MCO,Monaco,2015.0,94.0,0.0
MCO,Monaco,2016.0,94.0,0.0
MCO,Monaco,2020.0,94.44444444444444,0.0
MCO,Monaco,2021.0,93.73333333333333,0.0
MCO,Monaco,2023.0,95.0,0.0
MDV,Maldives,1990.0,94.375,0.0
MDV,Maldives,1996.0,96.15789473684211,0.0
MDV,Maldives,2001.0,97.72727272727273,0.0
MDV,Maldives,2014.0,98.47000000000008,0.0
MDV,Maldives,2016.0,99.36216216216249,0.0
MDV,Maldives,2021.0,90.68192307692358,0.0
MDV,Maldives,2022.0,96.32191489361693,0.0
MHL,Marshall Islands,2008.0,92.4,0.0
MLT,Malta,2013.0,92.81076923076922,0.0
MNP,Northern Mariana Islands,1999.0,94.66666666666667,0.0
MNP,Northern Mariana Islands,2009.0,93.9,0.0
MSR,Montserrat,1983.0,90.33333333333333,0.0
MSR,Montserrat,1987.0,90.5,0.0
MSR,Montserrat,1990.0,99.0,0.0
MSR,Montserrat,1991.0,99.2,0.0
MSR,Montserrat,1992.0,99.0,0.0
MSR,Montserrat,1993.0,99.0,0.0
MSR,Montserrat,1994.0,99.0,0.0
MSR,Montserrat,1995.0,99.0,0.0
MSR,Montserrat,1996.0,99.0,0.0
MSR,Montserrat,1997.0,99.0,0.0
MSR,Montserrat,1998.0,99.625,0.0
MSR,Montserrat,1999.0,99.0,0.0
MSR,Montserrat,2001.0,93.775,0.0
MSR,Montserrat,2017.0,96.26666666666667,0.0
MSR,Montserrat,2019.0,97.5,0.0
MSR,Montserrat,2021.0,90.03363636363649,0.0
MSR,Montserrat,2022.0,91.26086956521773,0.0
MSR,Montserrat,2023.0,94.14105263157897,0.0
NCL,New Caledonia,2008.0,95.6181818181818,0.0
NCL,New Caledonia,2015.0,96.0909090909091,0.0
NIC,Nicaragua,2021.0,92.17325581395379,0.0
NIU,Niue,1987.0,98.0,0.0
NIU,Niue,1992.0,99.22222222222223,0.0
NIU,Niue,1993.0,99.63157894736842,0.0
NIU,Niue,1996.0,99.58823529411765,0.0
NIU,Niue,1997.0,93.3157894736842,0.0
NIU,Niue,1998.0,99.53333333333333,0.0
NIU,Niue,1999.0,99.63157894736842,0.0
NIU,Niue,2000.0,99.64285714285714,0.0
NIU,Niue,2001.0,99.44444444444444,0.0
NIU,Niue,2002.0,91.75862068965517,0.0
NIU,Niue,2004.0,90.8503448275862,0.0
NIU,Niue,2006.0,97.7,0.0
NIU,Niue,2007.0,97.45833333333333,0.0
NIU,Niue,2008.0,99.6875,0.0
NIU,Niue,2009.0,99.54166666666667,0.0
NIU,Niue,2012.0,99.47368421052632,0.0
NIU,Niue,2019.0,90.9396551724138,0.0
NIU,Niue,2022.0,96.42553846153847,0.0
NIU,Niue,2023.0,98.37090909090908,0.0
NLD,Netherlands (Kingdom of the),2001.0,96.4125,0.0
NOR,Norway,2007.0,93.57142857142857,0.0
NRU,Nauru,2001.0,96.5625,0.0
NRU,Nauru,2007.0,99.64,0.0
NRU,Nauru,2008.0,94.77777777777777,0.0
NRU,Nauru,2009.0,98.51851851851852,0.0
NRU,Nauru,2010.0,99.6774193548387,0.0
NRU,Nauru,2011.0,99.6774193548387,0.0
NRU,Nauru,2016.0,96.74787878787879,0.0
NRU,Nauru,2019.0,92.33948717948722,0.0
PLW,Palau,1986.0,98.0,0.0
PLW,Palau,1987.0,93.16666666666667,0.0
PLW,Palau,1988.0,99.6,0.0
PLW,Palau,1990.0,99.375,0.0
PLW,Palau,1991.0,95.92307692307692,0.0
PLW,Palau,1995.0,99.57142857142857,0.0
PLW,Palau,1996.0,92.4,0.0
PLW,Palau,1997.0,90.125,0.0
PLW,Palau,1999.0,95.78947368421052,0.0
PLW,Palau,2000.0,92.03846153846153,0.0
PLW,Palau,2001.0,94.33333333333333,0.0
PLW,Palau,2002.0,97.17391304347827,0.0
PLW,Palau,2003.0,97.88888888888889,0.0
PLW,Palau,2004.0,98.64285714285714,0.0
PLW,Palau,2005.0,98.0,0.0
PLW,Palau,2006.0,97.66666666666667,0.0
PLW,Palau,2013.0,95.11780487804883,0.0
PLW,Palau,2016.0,92.375,0.0
PLW,Palau,2017.0,90.2217391304348,0.0
POL,Poland,2008.0,97.26923076923077,0.0
POL,Poland,2011.0,97.26923076923077,0.0
POL,Poland,2014.0,96.13333333333333,0.0
POL,Poland,2015.0,95.83928571428571,0.0
PRK,Democratic People's Republic of Korea,1993.0,96.375,0.0
PRK,Democratic People's Republic of Korea,2010.0,96.02551724137929,0.0
PRK,Democratic People's Republic of Korea,2013.0,96.20000000000027,0.0
PRK,Democratic People's Republic of Korea,2015.0,96.36363636363676,0.0
PRK,Democratic People's Republic of Korea,2016.0,92.36756756756755,0.0
PRK,Democratic People's Republic of Korea,2018.0,95.12000000000006,0.0
PRK,Democratic People's Republic of Korea,2019.0,97.83342857142856,0.0
PRK,Democratic People's Republic of Korea,2020.0,96.00055555555554,0.0
PSE,"occupied Palestinian territory, including east Jerusalem",2001.0,96.23809523809524,0.0
PYF,French Polynesia,2000.0,96.57142857142857,0.0
PYF,French Polynesia,2003.0,98.78571428571429,0.0
PYF,French Polynesia,2011.0,96.88888888888889,0.0
PYF,French Polynesia,2012.0,98.02499999999995,0.0
QAT,Qatar,1995.0,91.47058823529412,0.0
QAT,Qatar,2008.0,96.4,0.0
SAU,Saudi Arabia,2000.0,94.45,0.0
SGP,Singapore,2021.0,92.90357142857144,0.0
SMR,San Marino,1983.0,99.0,0.0
SMR,San Marino,1984.0,99.0,0.0
SMR,San Marino,1985.0,99.0,0.0
SMR,San Marino,1986.0,99.0,0.0
SMR,San Marino,1987.0,99.0,0.0
SMR,San Marino,1988.0,99.0,0.0
SMR,San Marino,1989.0,99.0,0.0
SMR,San Marino,1994.0,90.6,0.0
SMR,San Marino,1995.0,96.72727272727273,0.0
SMR,San Marino,1996.0,97.27272727272727,0.0
SMR,San Marino,1999.0,97.71428571428571,0.0
SMR,San Marino,2001.0,96.42857142857143,0.0
SMR,San Marino,2002.0,92.12916666666665,0.0
STP,Sao Tome and Principe,2005.0,92.06399999999977,0.0
STP,Sao Tome and Principe,2013.0,90.2717948717949,0.0
STP,Sao Tome and Principe,2014.0,92.59756097560977,0.0
STP,Sao Tome and Principe,2018.0,94.06818181818181,0.0
STP,Sao Tome and Principe,2019.0,94.07843137254902,0.0
STP,Sao Tome and Principe,2020.0,91.28571428571429,0.0
SVN,Slovenia,2000.0,94.91666666666667,0.0
SXM,Sint Maarten (Dutch part),2017.0,90.43478260869566,0.0
SYC,Seychelles,1988.0,93.93333333333334,0.0
SYC,Seychelles,1992.0,96.52941176470588,0.0
SYC,Seychelles,1993.0,96.14285714285714,0.0
SYC,Seychelles,1994.0,96.52941176470588,0.0
SYC,Seychelles,1995.0,98.4,0.0
SYC,Seychelles,2000.0,98.125,0.0
SYC,Seychelles,2001.0,94.29629629629629,0.0
SYC,Seychelles,2002.0,98.95769230769231,0.0
SYC,Seychelles,2003.0,99.6923076923077,0.0
SYC,Seychelles,2004.0,99.63448275862076,0.0
SYC,Seychelles,2008.0,99.48275862068965,0.0
SYC,Seychelles,2009.0,94.86785714285725,0.0
SYC,Seychelles,2012.0,98.37931034482762,0.0
SYC,Seychelles,2017.0,95.09756097560982,0.0
SYC,Seychelles,2022.0,96.96531249999953,0.0
TCA,Turks and Caicos Islands,1987.0,97.16666666666667,0.0
TCA,Turks and Caicos Islands,1988.0,93.0,0.0
TCA,Turks and Caicos Islands,1989.0,91.375,0.0
TCA,Turks and Caicos Islands,1993.0,95.75,0.0
TCA,Turks and Caicos Islands,1994.0,97.125,0.0
TCA,Turks and Caicos Islands,1996.0,99.0,0.0
TCA,Turks and Caicos Islands,1997.0,99.0,0.0
TCA,Turks and Caicos Islands,1998.0,99.375,0.0
TCA,Turks and Caicos Islands,2017.0,90.6,0.0
TCA,Turks and Caicos Islands,2022.0,93.13549999999944,0.0
TKL,Tokelau,1991.0,98.0,0.0
TKL,Tokelau,1992.0,99.4,0.0
TKL,Tokelau,1993.0,99.25,0.0
TKL,Tokelau,1996.0,92.4,0.0
TKL,Tokelau,1997.0,96.75,0.0
TKL,Tokelau,1998.0,100.0,0.0
TKL,Tokelau,1999.0,100.0,0.0
TKL,Tokelau,2000.0,100.0,0.0
TKL,Tokelau,2004.0,98.28571428571429,0.0
TKL,Tokelau,2005.0,94.52000000000007,0.0
TKL,Tokelau,2009.0,99.52941176470588,0.0
TKL,Tokelau,2010.0,98.72222222222223,0.0
TKL,Tokelau,2011.0,95.71428571428571,0.0
TKL,Tokelau,2012.0,96.5,0.0
TKL,Tokelau,2018.0,98.41176470588235,0.0
TKL,Tokelau,2021.0,98.45333333333332,0.0
TKM,Turkmenistan,2021.0,95.45142857142832,0.0
TKM,Turkmenistan,2023.0,98.52054794520573,0.0
TON,Tonga,1994.0,90.77777777777777,0.0
TON,Tonga,1995.0,93.33333333333333,0.0
TON,Tonga,2000.0,96.84285714285711,0.0
TON,Tonga,2003.0,96.9666666666668,0.0
TON,Tonga,2004.0,98.57931034482738,0.0
TON,Tonga,2007.0,99.49999999999994,0.0
TON,Tonga,2010.0,98.94516129032259,0.0
TON,Tonga,2011.0,99.4156250000002,0.0
TON,Tonga,2013.0,99.30000000000013,0.0
TON,Tonga,2016.0,95.58333333333333,0.0
TON,Tonga,2017.0,99.21794871794872,0.0
TON,Tonga,2018.0,99.25789473684198,0.0
TON,Tonga,2021.0,98.6607999999999,0.0
TON,Tonga,2022.0,90.69169811320744,0.0
TTO,Trinidad and Tobago,2004.0,92.16666666666667,0.0
TTO,Trinidad and Tobago,2014.0,90.93243243243244,0.0
TUV,Tuvalu,1999.0,90.3125,0.0
TUV,Tuvalu,2001.0,91.71538461538468,0.0
TUV,Tuvalu,2002.0,96.52380952380952,0.0
TUV,Tuvalu,2003.0,95.05263157894737,0.0
TUV,Tuvalu,2004.0,96.95833333333333,0.0
TUV,Tuvalu,2007.0,95.4,0.0
TUV,Tuvalu,2008.0,96.33333333333333,0.0
TUV,Tuvalu,2009.0,91.31281249999995,0.0
TUV,Tuvalu,2010.0,90.6806249999998,0.0
TUV,Tuvalu,2011.0,96.8774193548385,0.0
TUV,Tuvalu,2012.0,97.64874999999984,0.0
TUV,Tuvalu,2019.0,93.73243243243233,0.0
VCT,Saint Vincent and the Grenadines,1992.0,99.26666666666667,0.0
VCT,Saint Vincent and the Grenadines,1993.0,99.2,0.0
VCT,Saint Vincent and the Grenadines,1995.0,98.14285714285714,0.0
VCT,Saint Vincent and the Grenadines,1996.0,99.28571428571429,0.0
VCT,Saint Vincent and the Grenadines,1997.0,98.93333333333334,0.0
VCT,Saint Vincent and the Grenadines,1999.0,94.7,0.0
VCT,Saint Vincent and the Grenadines,2000.0,97.08615384615389,0.0
VCT,Saint Vincent and the Grenadines,2001.0,98.0,0.0
VCT,Saint Vincent and the Grenadines,2002.0,92.7214285714285,0.0
VCT,Saint Vincent and the Grenadines,2004.0,91.76190476190476,0.0
VCT,Saint Vincent and the Grenadines,2005.0,96.78769230769224,0.0
VCT,Saint Vincent and the Grenadines,2006.0,98.8695652173913,0.0
VCT,Saint Vincent and the Grenadines,2014.0,90.68652173913043,0.0
VCT,Saint Vincent and the Grenadines,2015.0,95.97684210526303,0.0
VCT,Saint Vincent and the Grenadines,2016.0,99.36321428571428,0.0
VCT,Saint Vincent and the Grenadines,2021.0,90.00636363636377,0.0
VCT,Saint Vincent and the Grenadines,2022.0,93.93736842105261,0.0
VGB,British Virgin Islands,1986.0,93.33333333333333,0.0
VGB,British Virgin Islands,1991.0,91.75,0.0
VGB,British Virgin Islands,1992.0,91.25,0.0
VGB,British Virgin Islands,1993.0,98.75,0.0
VGB,British Virgin Islands,1994.0,99.0,0.0
VGB,British Virgin Islands,1995.0,99.0,0.0
VGB,British Virgin Islands,1996.0,99.0,0.0
VGB,British Virgin Islands,1997.0,98.25,0.0
VGB,British Virgin Islands,1998.0,98.375,0.0
VGB,British Virgin Islands,1999.0,92.33333333333333,0.0
VGB,British Virgin Islands,2003.0,99.0,0.0
WLF,Wallis and Futuna,1985.0,92.33333333333333,0.0
WLF,Wallis and Futuna,1989.0,90.33333333333333,0.0
WLF,Wallis and Futuna,1992.0,92.5,0.0
WLF,Wallis and Futuna,1999.0,100.0,0.0
WLF,Wallis and Futuna,2012.0,92.9375,0.0
WLF,Wallis and Futuna,2013.0,92.9375,0.0
WSM,Samoa,1984.0,93.38461538461539,0.0
WSM,Samoa,1994.0,94.55555555555556,0.0
WSM,Samoa,1995.0,95.83333333333333,0.0
WSM,Samoa,1997.0,98.61111111111111,0.0
WSM,Samoa,2000.0,96.69565217391305,0.0
WSM,Samoa,2001.0,94.65217391304348,0.0
WSM,Samoa,2002.0,95.41176470588235,0.0
